sku,supplier,origin_region,distance_km,historical_avg_lead_time_days,order_quantity,unit_cost_usd,is_peak_season,actual_delay_days
C2K-LEG-2H1,C2K Carrier 256.0,Asia Pacific,1950.0,3.0,1500,10.3,False,0.0
C2K-LEG-2H1,C2K Carrier 431.0,Middle East,1950.0,3.0,1500,10.3,False,0.0
C2K-LEG-1H1,C2K Carrier 700.0,North America,1950.0,3.0,1100,9.9,False,0.7
C2K-LEG-1H1,C2K Carrier 671.0,Asia Pacific,1950.0,3.0,1100,9.9,False,0.0
C2K-LEG-1H2,C2K Carrier 166.0,Middle East,3900.0,3.0,1300,11.4,False,0.5
C2K-LEG-2H1,C2K Carrier 128.0,Middle East,1950.0,3.0,1500,10.3,False,0.0
C2K-LEG-3H1,C2K Carrier 391.0,Middle East,1950.0,3.0,1900,10.7,False,0.0
C2K-LEG-2H1,C2K Carrier 128.0,Middle East,1950.0,3.0,1500,10.3,False,0.0
C2K-LEG-1H1,C2K Carrier 485.0,Europe,3015.3,4.6,1100,9.9,False,0.0
C2K-LEG-1H1,C2K Carrier 555.0,Middle East,1950.0,3.0,1100,9.9,False,0.0
C2K-LEG-2H1,C2K Carrier 128.0,Middle East,1950.0,3.0,1500,10.3,True,0.0
C2K-LEG-1H1,C2K Carrier 485.0,Europe,1950.0,3.0,1100,9.9,True,0.0
C2K-LEG-3H1,C2K Carrier 815.0,Middle East,2329.2,3.6,1900,10.7,False,0.0
C2K-LEG-2H1,C2K Carrier 128.0,Middle East,1950.0,3.0,1500,10.3,False,0.0
C2K-LEG-3H1,C2K Carrier 349.0,Europe,3015.3,4.6,1900,10.7,False,0.0
C2K-LEG-1H1,C2K Carrier 815.0,Middle East,1950.0,3.0,1100,9.9,False,0.0
C2K-LEG-2H1,C2K Carrier 548.0,Europe,1950.0,3.0,1500,10.3,False,0.0
C2K-LEG-2H1,C2K Carrier 700.0,North America,1950.0,3.0,1500,10.3,False,0.0
C2K-LEG-1H2,C2K Carrier 153.0,Asia Pacific,3900.0,3.0,1300,11.4,False,0.0
C2K-LEG-2H1,C2K Carrier 441.0,North America,1950.0,3.0,1500,10.3,False,0.0
C2K-LEG-2H1,C2K Carrier 128.0,Middle East,1950.0,3.0,1500,10.3,False,2.1
C2K-LEG-1H1,C2K Carrier 815.0,Middle East,2329.2,3.6,1100,9.9,False,0.0
C2K-LEG-3H1,C2K Carrier 815.0,Middle East,2329.2,3.6,1900,10.7,True,0.0
C2K-LEG-2H2,C2K Carrier 778.0,North America,3900.0,3.0,1700,11.8,True,2.1
C2K-LEG-3H2,C2K Carrier 391.0,Middle East,4604.2,3.5,2100,12.2,False,0.0
C2K-LEG-3H2,C2K Carrier 456.0,Europe,3900.0,3.0,2100,12.2,False,1.1
C2K-LEG-1H1,C2K Carrier 700.0,North America,1950.0,3.0,1100,9.9,False,0.0
C2K-LEG-1H1,C2K Carrier 815.0,Middle East,2302.1,3.5,1100,9.9,False,0.0
C2K-LEG-2H2,C2K Carrier 413.0,North America,3900.0,3.0,1700,11.8,False,0.0
C2K-LEG-1H1,C2K Carrier 815.0,Middle East,2112.5,3.2,1100,9.9,False,0.0
C2K-LEG-3H2,C2K Carrier 809.0,Middle East,3900.0,3.0,2100,12.2,False,0.0
C2K-LEG-2H1,C2K Carrier 815.0,Middle East,2600.0,4.0,1500,10.3,False,19.3
C2K-LEG-2H2,C2K Carrier 299.0,North America,3900.0,3.0,1700,11.8,False,0.4
C2K-LEG-3H2,C2K Carrier 485.0,Europe,3900.0,3.0,2100,12.2,False,0.0
C2K-LEG-1H1,C2K Carrier 308.0,North America,1950.0,3.0,1100,9.9,True,0.0
C2K-LEG-2H1,C2K Carrier 485.0,Europe,1950.0,3.0,1500,10.3,True,0.0
C2K-LEG-1H1,C2K Carrier 128.0,Middle East,1950.0,3.0,1100,9.9,False,0.0
C2K-LEG-3H2,C2K Carrier 597.0,Asia Pacific,4658.3,3.6,2100,12.2,False,0.0
C2K-LEG-3H2,C2K Carrier 556.0,Asia Pacific,3900.0,3.0,2100,12.2,False,0.0
C2K-LEG-3H2,C2K Carrier 371.0,Asia Pacific,3900.0,3.0,2100,12.2,False,0.0
C2K-LEG-1H2,C2K Carrier 815.0,Middle East,3900.0,3.0,1300,11.4,False,1.4
C2K-LEG-1H1,C2K Carrier 815.0,Middle East,2302.1,3.5,1100,9.9,False,0.0
C2K-LEG-3H1,C2K Carrier 555.0,Middle East,1950.0,3.0,1900,10.7,False,0.0
C2K-LEG-3H1,C2K Carrier 128.0,Middle East,1950.0,3.0,1900,10.7,False,0.0
C2K-LEG-1H2,C2K Carrier 233.0,North America,3900.0,3.0,1300,11.4,False,0.0
C2K-LEG-1H1,C2K Carrier 815.0,Middle East,2708.3,4.2,1100,9.9,False,1.0
C2K-LEG-1H1,C2K Carrier 413.0,North America,1950.0,3.0,1100,9.9,True,0.0
C2K-LEG-2H1,C2K Carrier 128.0,Middle East,1950.0,3.0,1500,10.3,True,0.0
C2K-LEG-2H1,C2K Carrier 308.0,North America,1950.0,3.0,1500,10.3,False,0.7
C2K-LEG-3H1,C2K Carrier 614.0,Europe,1950.0,3.0,1900,10.7,False,0.1
C2K-LEG-3H1,C2K Carrier 700.0,North America,1950.0,3.0,1900,10.7,False,0.0
C2K-LEG-1H2,C2K Carrier 256.0,Asia Pacific,3900.0,3.0,1300,11.4,False,0.0
C2K-LEG-1H1,C2K Carrier 233.0,North America,4378.5,6.7,1100,9.9,False,0.0
C2K-LEG-1H1,C2K Carrier 815.0,Middle East,2207.3,3.4,1100,9.9,False,0.0
C2K-LEG-3H2,C2K Carrier 476.0,Middle East,3900.0,3.0,2100,12.2,False,0.0
C2K-LEG-3H2,C2K Carrier 524.0,North America,3900.0,3.0,2100,12.2,False,0.3
C2K-LEG-3H1,C2K Carrier 527.0,Europe,1950.0,3.0,1900,10.7,False,0.3
C2K-LEG-3H2,C2K Carrier 770.0,Asia Pacific,3900.0,3.0,2100,12.2,False,0.0
C2K-LEG-2H1,C2K Carrier 485.0,Europe,1950.0,3.0,1500,10.3,True,0.0
C2K-LEG-3H1,C2K Carrier 233.0,North America,1950.0,3.0,1900,10.7,True,1.9
C2K-LEG-3H1,C2K Carrier 815.0,Middle East,3466.7,5.3,1900,10.7,False,0.0
C2K-LEG-3H1,C2K Carrier 727.0,Europe,1950.0,3.0,1900,10.7,False,0.0
C2K-LEG-2H1,C2K Carrier 700.0,North America,1950.0,3.0,1500,10.3,False,0.0
C2K-LEG-2H1,C2K Carrier 481.0,North America,1950.0,3.0,1500,10.3,False,0.9
C2K-LEG-3H1,C2K Carrier 815.0,Middle East,3466.7,5.3,1900,10.7,False,0.0
C2K-LEG-1H2,C2K Carrier 815.0,Middle East,3900.0,3.0,1300,11.4,False,0.0
C2K-LEG-1H2,C2K Carrier 349.0,Europe,4658.3,3.6,1300,11.4,False,0.0
C2K-LEG-3H1,C2K Carrier 128.0,Middle East,1950.0,3.0,1900,10.7,False,0.0
C2K-LEG-1H2,C2K Carrier 456.0,Europe,3900.0,3.0,1300,11.4,False,0.7
C2K-LEG-1H1,C2K Carrier 700.0,North America,1950.0,3.0,1100,9.9,False,0.0
C2K-LEG-2H1,C2K Carrier 128.0,Middle East,1950.0,3.0,1500,10.3,True,0.0
C2K-LEG-2H2,C2K Carrier 413.0,North America,3900.0,3.0,1700,11.8,True,0.0
C2K-LEG-2H1,C2K Carrier 809.0,Middle East,1950.0,3.0,1500,10.3,False,0.0
C2K-LEG-2H2,C2K Carrier 179.0,Europe,3900.0,3.0,1700,11.8,False,0.0
C2K-LEG-1H1,C2K Carrier 456.0,Europe,1950.0,3.0,1100,9.9,False,0.0
C2K-LEG-1H1,C2K Carrier 134.0,North America,1950.0,3.0,1100,9.9,False,0.0
C2K-LEG-3H2,C2K Carrier 609.0,Europe,3900.0,3.0,2100,12.2,False,0.0
C2K-LEG-1H1,C2K Carrier 815.0,Middle East,2329.2,3.6,1100,9.9,False,0.0
C2K-LEG-1H1,C2K Carrier 700.0,North America,1950.0,3.0,1100,9.9,False,0.0
C2K-LEG-3H2,C2K Carrier 233.0,North America,3900.0,3.0,2100,12.2,False,0.0
C2K-LEG-1H1,C2K Carrier 700.0,North America,1950.0,3.0,1100,9.9,False,0.0
C2K-LEG-2H2,C2K Carrier 371.0,Asia Pacific,3900.0,3.0,1700,11.8,False,14.4
C2K-LEG-2H1,C2K Carrier 431.0,Middle East,2403.6,3.7,1500,10.3,True,0.0
C2K-LEG-3H1,C2K Carrier 815.0,Middle East,3410.2,5.2,1900,10.7,True,0.0
C2K-LEG-1H2,C2K Carrier 597.0,Asia Pacific,3900.0,3.0,1300,11.4,False,0.0
C2K-LEG-3H2,C2K Carrier 456.0,Europe,3900.0,3.0,2100,12.2,False,0.0
C2K-LEG-1H2,C2K Carrier 485.0,Europe,4929.2,3.8,1300,11.4,False,0.0
C2K-LEG-2H1,C2K Carrier 349.0,Europe,1950.0,3.0,1500,10.3,False,0.1
C2K-LEG-1H2,C2K Carrier 216.0,North America,3900.0,3.0,1300,11.4,False,0.9
C2K-LEG-3H1,C2K Carrier 815.0,Middle East,2424.0,3.7,1900,10.7,False,0.0
C2K-LEG-3H1,C2K Carrier 128.0,Middle East,1950.0,3.0,1900,10.7,False,0.0
C2K-LEG-3H1,C2K Carrier 441.0,North America,1950.0,3.0,1900,10.7,False,4.4
C2K-LEG-1H1,C2K Carrier 815.0,Middle East,3466.7,5.3,1100,9.9,False,0.0
C2K-LEG-3H2,C2K Carrier 243.0,North America,3900.0,3.0,2100,12.2,False,0.7
C2K-LEG-3H1,C2K Carrier 349.0,Europe,1950.0,3.0,1900,10.7,True,1.1
C2K-LEG-3H2,C2K Carrier 770.0,Asia Pacific,3900.0,3.0,2100,12.2,True,0.0
C2K-LEG-2H1,C2K Carrier 700.0,North America,1950.0,3.0,1500,10.3,False,0.0
C2K-LEG-3H2,C2K Carrier 153.0,Asia Pacific,3900.0,3.0,2100,12.2,False,0.0
C2K-LEG-2H1,C2K Carrier 815.0,Middle East,2329.2,3.6,1500,10.3,False,0.0
C2K-LEG-3H2,C2K Carrier 398.0,Middle East,3900.0,3.0,2100,12.2,False,0.0
C2K-LEG-2H1,C2K Carrier 609.0,Europe,1950.0,3.0,1500,10.3,False,0.0
C2K-LEG-1H1,C2K Carrier 485.0,Europe,1950.0,3.0,1100,9.9,False,2.6
C2K-LEG-2H1,C2K Carrier 256.0,Asia Pacific,1950.0,3.0,1500,10.3,False,0.0
C2K-LEG-3H1,C2K Carrier 349.0,Europe,1950.0,3.0,1900,10.7,False,12.5
C2K-LEG-1H2,C2K Carrier 671.0,Asia Pacific,3900.0,3.0,1300,11.4,False,0.0
C2K-LEG-3H1,C2K Carrier 128.0,Middle East,1950.0,3.0,1900,10.7,False,0.0
C2K-LEG-3H1,C2K Carrier 128.0,Middle East,1950.0,3.0,1900,10.7,True,0.0
C2K-LEG-3H1,C2K Carrier 128.0,Middle East,1950.0,3.0,1900,10.7,True,0.0
C2K-LEG-1H1,C2K Carrier 128.0,Middle East,1950.0,3.0,1100,9.9,False,0.0
C2K-LEG-1H2,C2K Carrier 128.0,Middle East,3900.0,3.0,1300,11.4,False,0.0
C2K-LEG-2H1,C2K Carrier 411.0,Europe,1950.0,3.0,1500,10.3,False,0.0
C2K-LEG-1H2,C2K Carrier 391.0,Middle East,3900.0,3.0,1300,11.4,False,0.0
C2K-LEG-2H1,C2K Carrier 485.0,Europe,1950.0,3.0,1500,10.3,False,0.0
C2K-LEG-1H2,C2K Carrier 815.0,Middle East,3900.0,3.0,1300,11.4,False,0.0
C2K-LEG-3H2,C2K Carrier 800.0,Middle East,3900.0,3.0,2100,12.2,False,0.0
C2K-LEG-3H2,C2K Carrier 576.0,Europe,3900.0,3.0,2100,12.2,False,2.9
C2K-LEG-3H2,C2K Carrier 548.0,Europe,3900.0,3.0,2100,12.2,False,2.7
C2K-LEG-1H2,C2K Carrier 571.0,Europe,7583.3,5.8,1300,11.4,False,0.0
C2K-LEG-3H2,C2K Carrier 527.0,Europe,6283.3,4.8,2100,12.2,True,0.0
C2K-LEG-1H2,C2K Carrier 299.0,North America,3900.0,3.0,1300,11.4,True,0.0
C2K-LEG-1H1,C2K Carrier 187.0,Europe,2087.7,3.2,1100,9.9,False,0.0
C2K-LEG-2H2,C2K Carrier 371.0,Asia Pacific,3900.0,3.0,1700,11.8,False,0.0
C2K-LEG-1H2,C2K Carrier 128.0,Middle East,3900.0,3.0,1300,11.4,False,0.0
C2K-LEG-1H1,C2K Carrier 128.0,Middle East,1950.0,3.0,1100,9.9,False,0.0
C2K-LEG-3H2,C2K Carrier 349.0,Europe,6310.4,4.9,2100,12.2,False,0.0
C2K-LEG-3H1,C2K Carrier 403.0,North America,1950.0,3.0,1900,10.7,False,0.0
C2K-LEG-1H1,C2K Carrier 815.0,Middle East,2369.8,3.6,1100,9.9,False,0.0
C2K-LEG-1H1,C2K Carrier 700.0,North America,1950.0,3.0,1100,9.9,False,3.3
C2K-LEG-2H1,C2K Carrier 485.0,Europe,1950.0,3.0,1500,10.3,False,0.0
C2K-LEG-2H1,C2K Carrier 700.0,North America,1950.0,3.0,1500,10.3,False,0.0
C2K-LEG-2H2,C2K Carrier 281.0,Asia Pacific,3900.0,3.0,1700,11.8,True,0.0
C2K-LEG-3H2,C2K Carrier 798.0,Asia Pacific,4712.5,3.6,2100,12.2,True,0.0
C2K-LEG-2H1,C2K Carrier 476.0,Middle East,1950.0,3.0,1500,10.3,False,0.0
C2K-LEG-3H1,C2K Carrier 173.0,Middle East,1950.0,3.0,1900,10.7,False,0.1
C2K-LEG-1H1,C2K Carrier 431.0,Middle East,1950.0,3.0,1100,9.9,False,0.0
C2K-LEG-1H1,C2K Carrier 349.0,Europe,1950.0,3.0,1100,9.9,False,0.3
C2K-LEG-2H1,C2K Carrier 614.0,Europe,1950.0,3.0,1500,10.3,False,0.0
C2K-LEG-3H2,C2K Carrier 815.0,Middle East,3900.0,3.0,2100,12.2,False,11.2
C2K-LEG-3H1,C2K Carrier 411.0,Europe,1950.0,3.0,1900,10.7,False,0.0
C2K-LEG-3H1,C2K Carrier 128.0,Middle East,1950.0,3.0,1900,10.7,False,0.0
C2K-LEG-3H1,C2K Carrier 597.0,Asia Pacific,1950.0,3.0,1900,10.7,False,0.7
C2K-LEG-3H1,C2K Carrier 128.0,Middle East,1950.0,3.0,1900,10.7,False,7.5
C2K-LEG-2H1,C2K Carrier 548.0,Europe,1950.0,3.0,1500,10.3,True,0.0
C2K-LEG-1H1,C2K Carrier 411.0,Europe,1950.0,3.0,1100,9.9,True,1.8
C2K-LEG-2H1,C2K Carrier 700.0,North America,1950.0,3.0,1500,10.3,False,0.0
C2K-LEG-2H1,C2K Carrier 349.0,Europe,1950.0,3.0,1500,10.3,False,0.2
C2K-LEG-2H1,C2K Carrier 128.0,Middle East,1950.0,3.0,1500,10.3,False,0.0
C2K-LEG-2H1,C2K Carrier 349.0,Europe,1950.0,3.0,1500,10.3,False,0.0
C2K-LEG-1H1,C2K Carrier 308.0,North America,1950.0,3.0,1100,9.9,False,0.8
C2K-LEG-1H1,C2K Carrier 485.0,Europe,1950.0,3.0,1100,9.9,False,0.0
C2K-LEG-1H1,C2K Carrier 144.0,Middle East,3182.3,4.9,1100,9.9,False,0.0
C2K-LEG-3H1,C2K Carrier 815.0,Middle East,2329.2,3.6,1900,10.7,False,0.0
C2K-LEG-1H2,C2K Carrier 166.0,Middle East,3900.0,3.0,1300,11.4,False,0.0
C2K-LEG-1H1,C2K Carrier 815.0,Middle East,3466.7,5.3,1100,9.9,False,0.0
C2K-LEG-1H1,C2K Carrier 815.0,Middle East,2329.2,3.6,1100,9.9,True,0.0
C2K-LEG-1H1,C2K Carrier 815.0,Middle East,2329.2,3.6,1100,9.9,True,0.0
C2K-LEG-1H1,C2K Carrier 815.0,Middle East,2329.2,3.6,1100,9.9,False,0.0
C2K-LEG-2H1,C2K Carrier 700.0,North America,1950.0,3.0,1500,10.3,False,0.0
C2K-LEG-3H1,C2K Carrier 308.0,North America,1950.0,3.0,1900,10.7,False,0.0
C2K-LEG-1H1,C2K Carrier 815.0,Middle East,3466.7,5.3,1100,9.9,False,0.0
C2K-LEG-2H1,C2K Carrier 485.0,Europe,1950.0,3.0,1500,10.3,False,0.0
C2K-LEG-3H1,C2K Carrier 349.0,Europe,1950.0,3.0,1900,10.7,False,0.0
C2K-LEG-2H1,C2K Carrier 281.0,Asia Pacific,1950.0,3.0,1500,10.3,False,0.0
C2K-LEG-3H1,C2K Carrier 128.0,Middle East,1950.0,3.0,1900,10.7,False,0.0
C2K-LEG-3H2,C2K Carrier 700.0,North America,3900.0,3.0,2100,12.2,False,3.9
C2K-LEG-2H1,C2K Carrier 700.0,North America,1950.0,3.0,1500,10.3,False,0.0
C2K-LEG-3H2,C2K Carrier 485.0,Europe,5145.8,4.0,2100,12.2,True,0.0
C2K-LEG-1H1,C2K Carrier 815.0,Middle East,3466.7,5.3,1100,9.9,True,0.0
C2K-LEG-1H3,C2K Carrier 609.0,Europe,5850.0,3.0,1500,12.9,False,0.0
C2K-LEG-2H2,C2K Carrier 485.0,Europe,4279.2,3.3,1700,11.8,False,0.0
C2K-LEG-2H2,C2K Carrier 800.0,Middle East,3900.0,3.0,1700,11.8,False,0.0
C2K-LEG-2H2,C2K Carrier 391.0,Middle East,3900.0,3.0,1700,11.8,False,5.9
C2K-LEG-1H2,C2K Carrier 441.0,North America,3900.0,3.0,1300,11.4,False,0.0
C2K-LEG-3H2,C2K Carrier 770.0,Asia Pacific,3900.0,3.0,2100,12.2,False,0.0
C2K-LEG-2H2,C2K Carrier 770.0,Asia Pacific,3900.0,3.0,1700,11.8,False,2.3
C2K-LEG-3H1,C2K Carrier 128.0,Middle East,1950.0,3.0,1900,10.7,False,0.0
C2K-LEG-2H1,C2K Carrier 610.0,North America,1950.0,3.0,1500,10.3,False,0.3
C2K-LEG-3H2,C2K Carrier 815.0,Middle East,3900.0,3.0,2100,12.2,False,0.0
C2K-LEG-1H1,C2K Carrier 815.0,Middle East,3466.7,5.3,1100,9.9,True,0.0
C2K-LEG-3H2,C2K Carrier 524.0,North America,3900.0,3.0,2100,12.2,True,0.0
C2K-LEG-1H1,C2K Carrier 628.0,Middle East,1950.0,3.0,1100,9.9,False,0.0
C2K-LEG-3H2,C2K Carrier 809.0,Middle East,3900.0,3.0,2100,12.2,False,0.0
C2K-LEG-1H1,C2K Carrier 548.0,Europe,1950.0,3.0,1100,9.9,False,0.0
C2K-LEG-3H1,C2K Carrier 700.0,North America,1950.0,3.0,1900,10.7,False,0.0
C2K-LEG-1H1,C2K Carrier 144.0,Middle East,2600.0,4.0,1100,9.9,False,0.0
C2K-LEG-3H1,C2K Carrier 555.0,Middle East,1950.0,3.0,1900,10.7,False,0.0
C2K-LEG-2H1,C2K Carrier 128.0,Middle East,1950.0,3.0,1500,10.3,False,0.0
C2K-LEG-3H1,C2K Carrier 610.0,North America,1950.0,3.0,1900,10.7,False,0.0
C2K-LEG-3H1,C2K Carrier 128.0,Middle East,1950.0,3.0,1900,10.7,False,0.0
C2K-LEG-3H1,C2K Carrier 700.0,North America,1950.0,3.0,1900,10.7,False,0.3
C2K-LEG-2H2,C2K Carrier 671.0,Asia Pacific,3900.0,3.0,1700,11.8,True,1.9
C2K-LEG-2H2,C2K Carrier 371.0,Asia Pacific,3900.0,3.0,1700,11.8,True,0.0
C2K-LEG-1H2,C2K Carrier 236.0,Europe,4658.3,3.6,1300,11.4,False,0.0
C2K-LEG-3H2,C2K Carrier 371.0,Asia Pacific,3900.0,3.0,2100,12.2,False,0.0
C2K-LEG-3H1,C2K Carrier 256.0,Asia Pacific,1950.0,3.0,1900,10.7,False,3.7
C2K-LEG-3H2,C2K Carrier 671.0,Asia Pacific,3900.0,3.0,2100,12.2,False,0.0
C2K-LEG-1H2,C2K Carrier 187.0,Europe,3900.0,3.0,1300,11.4,False,0.0
C2K-LEG-1H1,C2K Carrier 815.0,Middle East,2329.2,3.6,1100,9.9,False,0.0
C2K-LEG-1H2,C2K Carrier 571.0,Europe,3900.0,3.0,1300,11.4,False,0.0
C2K-LEG-2H2,C2K Carrier 431.0,Middle East,3900.0,3.0,1700,11.8,False,0.0
C2K-LEG-2H1,C2K Carrier 789.0,Asia Pacific,1950.0,3.0,1500,10.3,False,0.0
C2K-LEG-3H1,C2K Carrier 576.0,Europe,1950.0,3.0,1900,10.7,False,0.0
C2K-LEG-1H1,C2K Carrier 431.0,Middle East,3015.3,4.6,1100,9.9,True,0.0
C2K-LEG-3H1,C2K Carrier 700.0,North America,1950.0,3.0,1900,10.7,True,0.0
C2K-LEG-1H2,C2K Carrier 809.0,Middle East,3900.0,3.0,1300,11.4,False,0.0
C2K-LEG-1H1,C2K Carrier 610.0,North America,1950.0,3.0,1100,9.9,False,0.0
C2K-LEG-2H2,C2K Carrier 371.0,Asia Pacific,3900.0,3.0,1700,11.8,False,1.2
C2K-LEG-1H1,C2K Carrier 134.0,North America,1950.0,3.0,1100,9.9,False,0.0
C2K-LEG-3H1,C2K Carrier 377.0,Europe,2329.2,3.6,1900,10.7,False,0.0
C2K-LEG-1H2,C2K Carrier 281.0,Asia Pacific,3900.0,3.0,1300,11.4,False,3.1
C2K-LEG-2H2,C2K Carrier 815.0,Middle East,3900.0,3.0,1700,11.8,False,1.2
C2K-LEG-3H2,C2K Carrier 391.0,Middle East,3900.0,3.0,2100,12.2,False,6.0
C2K-LEG-3H2,C2K Carrier 609.0,Europe,3900.0,3.0,2100,12.2,False,0.0
C2K-LEG-2H1,C2K Carrier 727.0,Europe,1950.0,3.0,1500,10.3,False,0.0
C2K-LEG-3H2,C2K Carrier 456.0,Europe,3900.0,3.0,2100,12.2,True,0.0
C2K-LEG-2H1,C2K Carrier 128.0,Middle East,1950.0,3.0,1500,10.3,True,0.0
C2K-LEG-1H1,C2K Carrier 815.0,Middle East,2464.6,3.8,1100,9.9,False,0.0
C2K-LEG-2H2,C2K Carrier 233.0,North America,3900.0,3.0,1700,11.8,False,11.3
C2K-LEG-2H1,C2K Carrier 815.0,Middle East,2112.5,3.2,1500,10.3,False,1.9
C2K-LEG-1H1,C2K Carrier 233.0,North America,1950.0,3.0,1100,9.9,False,2.2
C2K-LEG-1H1,C2K Carrier 783.0,Europe,1950.0,3.0,1100,9.9,False,0.0
C2K-LEG-2H1,C2K Carrier 256.0,Asia Pacific,1950.0,3.0,1500,10.3,False,0.0
C2K-LEG-3H1,C2K Carrier 815.0,Middle East,2207.3,3.4,1900,10.7,False,0.0
C2K-LEG-1H2,C2K Carrier 134.0,North America,3900.0,3.0,1300,11.4,False,0.0
C2K-LEG-3H2,C2K Carrier 671.0,Asia Pacific,3900.0,3.0,2100,12.2,False,0.0
C2K-LEG-2H1,C2K Carrier 233.0,North America,1950.0,3.0,1500,10.3,False,0.0
C2K-LEG-3H1,C2K Carrier 140.0,Asia Pacific,1950.0,3.0,1900,10.7,True,0.0
C2K-LEG-3H2,C2K Carrier 281.0,Asia Pacific,3900.0,3.0,2100,12.2,True,0.0
C2K-LEG-1H2,C2K Carrier 398.0,Middle East,3900.0,3.0,1300,11.4,False,0.0
C2K-LEG-3H2,C2K Carrier 527.0,Europe,3900.0,3.0,2100,12.2,False,0.0
C2K-LEG-1H2,C2K Carrier 671.0,Asia Pacific,3900.0,3.0,1300,11.4,False,0.0
C2K-LEG-3H1,C2K Carrier 128.0,Middle East,1950.0,3.0,1900,10.7,False,0.0
C2K-LEG-3H1,C2K Carrier 700.0,North America,1950.0,3.0,1900,10.7,False,2.0
C2K-LEG-1H1,C2K Carrier 671.0,Asia Pacific,1950.0,3.0,1100,9.9,False,3.3
C2K-LEG-1H2,C2K Carrier 391.0,Middle East,3900.0,3.0,1300,11.4,False,0.0
C2K-LEG-2H1,C2K Carrier 308.0,North America,1950.0,3.0,1500,10.3,False,0.0
C2K-LEG-2H2,C2K Carrier 128.0,Middle East,3900.0,3.0,1700,11.8,False,0.0
C2K-LEG-3H1,C2K Carrier 308.0,North America,1950.0,3.0,1900,10.7,False,0.0
C2K-LEG-2H1,C2K Carrier 815.0,Middle East,2356.2,3.6,1500,10.3,True,0.0
C2K-LEG-3H2,C2K Carrier 403.0,North America,4712.5,3.6,2100,12.2,True,0.0
C2K-LEG-3H1,C2K Carrier 485.0,Europe,1950.0,3.0,1900,10.7,False,4.5
C2K-LEG-3H1,C2K Carrier 815.0,Middle East,2776.0,4.3,1900,10.7,False,0.0
C2K-LEG-1H2,C2K Carrier 527.0,Europe,3900.0,3.0,1300,11.4,False,0.0
C2K-LEG-1H2,C2K Carrier 206.0,Middle East,3900.0,3.0,1300,11.4,False,0.0
C2K-LEG-2H2,C2K Carrier 281.0,Asia Pacific,3900.0,3.0,1700,11.8,False,1.2
C2K-LEG-1H1,C2K Carrier 815.0,Middle East,2568.4,4.0,1100,9.9,False,0.0
C2K-LEG-3H1,C2K Carrier 485.0,Europe,1950.0,3.0,1900,10.7,False,0.0
C2K-LEG-3H1,C2K Carrier 476.0,Middle East,1950.0,3.0,1900,10.7,False,0.0
C2K-LEG-2H2,C2K Carrier 391.0,Middle East,3900.0,3.0,1700,11.8,False,4.9
C2K-LEG-1H2,C2K Carrier 261.0,Asia Pacific,3900.0,3.0,1300,11.4,False,4.7
C2K-LEG-2H1,C2K Carrier 609.0,Europe,1950.0,3.0,1500,10.3,True,0.0
C2K-LEG-3H2,C2K Carrier 485.0,Europe,6283.3,4.8,2100,12.2,True,0.0
C2K-LEG-2H1,C2K Carrier 128.0,Middle East,1950.0,3.0,1500,10.3,False,0.0
C2K-LEG-2H1,C2K Carrier 700.0,North America,1950.0,3.0,1500,10.3,False,0.0
C2K-LEG-1H1,C2K Carrier 128.0,Middle East,1950.0,3.0,1100,9.9,False,0.0
C2K-LEG-2H1,C2K Carrier 815.0,Middle East,1950.0,3.0,1500,10.3,False,0.0
C2K-LEG-3H2,C2K Carrier 597.0,Asia Pacific,3900.0,3.0,2100,12.2,False,0.0
C2K-LEG-2H2,C2K Carrier 233.0,North America,3900.0,3.0,1700,11.8,False,0.0
C2K-LEG-3H1,C2K Carrier 597.0,Asia Pacific,2275.0,3.5,1900,10.7,False,0.0
C2K-LEG-3H1,C2K Carrier 815.0,Middle East,2112.5,3.2,1900,10.7,False,0.0
C2K-LEG-3H1,C2K Carrier 700.0,North America,1950.0,3.0,1900,10.7,False,2.6
C2K-LEG-2H1,C2K Carrier 128.0,Middle East,1950.0,3.0,1500,10.3,False,0.0
C2K-LEG-2H2,C2K Carrier 667.0,Middle East,3900.0,3.0,1700,11.8,True,1.7
C2K-LEG-1H1,C2K Carrier 610.0,North America,1950.0,3.0,1100,9.9,True,0.0
C2K-LEG-3H2,C2K Carrier 413.0,North America,3900.0,3.0,2100,12.2,False,0.0
C2K-LEG-1H2,C2K Carrier 233.0,North America,3900.0,3.0,1300,11.4,False,1.4
C2K-LEG-1H1,C2K Carrier 700.0,North America,1950.0,3.0,1100,9.9,False,0.0
C2K-LEG-1H1,C2K Carrier 815.0,Middle East,2329.2,3.6,1100,9.9,False,0.0
C2K-LEG-2H1,C2K Carrier 349.0,Europe,1950.0,3.0,1500,10.3,False,0.3
C2K-LEG-3H1,C2K Carrier 597.0,Asia Pacific,1950.0,3.0,1900,10.7,False,0.0
C2K-LEG-2H2,C2K Carrier 456.0,Europe,3900.0,3.0,1700,11.8,False,0.0
C2K-LEG-2H1,C2K Carrier 815.0,Middle East,2464.6,3.8,1500,10.3,False,0.0
C2K-LEG-3H1,C2K Carrier 815.0,Middle East,2776.0,4.3,1900,10.7,False,0.0
C2K-LEG-2H1,C2K Carrier 216.0,North America,1950.0,3.0,1500,10.3,False,0.0
C2K-LEG-3H1,C2K Carrier 548.0,Europe,1950.0,3.0,1900,10.7,True,0.0
C2K-LEG-3H1,C2K Carrier 128.0,Middle East,1950.0,3.0,1900,10.7,True,0.0
C2K-LEG-3H1,C2K Carrier 128.0,Middle East,1950.0,3.0,1900,10.7,False,0.0
C2K-LEG-3H2,C2K Carrier 798.0,Asia Pacific,4739.6,3.6,2100,12.2,False,0.0
C2K-LEG-3H2,C2K Carrier 527.0,Europe,3900.0,3.0,2100,12.2,False,5.2
C2K-LEG-3H2,C2K Carrier 256.0,Asia Pacific,3900.0,3.0,2100,12.2,False,9.0
C2K-LEG-2H1,C2K Carrier 349.0,Europe,1950.0,3.0,1500,10.3,False,1.5
C2K-LEG-1H1,C2K Carrier 201.0,Asia Pacific,1950.0,3.0,1100,9.9,False,0.0
C2K-LEG-3H1,C2K Carrier 700.0,North America,1950.0,3.0,1900,10.7,False,0.0
C2K-LEG-1H2,C2K Carrier 555.0,Middle East,4658.3,3.6,1300,11.4,False,0.0
C2K-LEG-2H1,C2K Carrier 815.0,Middle East,1950.0,3.0,1500,10.3,False,0.0
C2K-LEG-2H2,C2K Carrier 805.0,Asia Pacific,3900.0,3.0,1700,11.8,False,0.0
C2K-LEG-1H2,C2K Carrier 281.0,Asia Pacific,3900.0,3.0,1300,11.4,True,0.0
C2K-LEG-2H2,C2K Carrier 366.0,Middle East,3900.0,3.0,1700,11.8,True,11.6
C2K-LEG-1H2,C2K Carrier 413.0,North America,3900.0,3.0,1300,11.4,False,0.0
C2K-LEG-1H1,C2K Carrier 700.0,North America,1950.0,3.0,1100,9.9,False,0.0
C2K-LEG-2H2,C2K Carrier 431.0,Middle East,3900.0,3.0,1700,11.8,False,0.0
C2K-LEG-1H1,C2K Carrier 391.0,Middle East,1950.0,3.0,1100,9.9,False,0.0
C2K-LEG-3H1,C2K Carrier 485.0,Europe,3015.3,4.6,1900,10.7,False,0.0
C2K-LEG-1H2,C2K Carrier 789.0,Asia Pacific,3900.0,3.0,1300,11.4,False,0.0
C2K-LEG-2H2,C2K Carrier 411.0,Europe,3900.0,3.0,1700,11.8,False,0.9
C2K-LEG-1H1,C2K Carrier 700.0,North America,1950.0,3.0,1100,9.9,False,3.7
C2K-LEG-1H2,C2K Carrier 614.0,Europe,4604.2,3.5,1300,11.4,False,0.0
C2K-LEG-1H1,C2K Carrier 815.0,Middle East,2329.2,3.6,1100,9.9,False,0.0
C2K-LEG-2H2,C2K Carrier 281.0,Asia Pacific,3900.0,3.0,1700,11.8,True,0.0
C2K-LEG-3H2,C2K Carrier 456.0,Europe,3900.0,3.0,2100,12.2,True,0.0
C2K-LEG-2H1,C2K Carrier 815.0,Middle East,3466.7,5.3,1500,10.3,False,0.0
C2K-LEG-2H3,C2K Carrier 663.0,Asia Pacific,7800.0,4.0,1900,13.3,False,0.0
C2K-LEG-2H2,C2K Carrier 238.0,North America,3900.0,3.0,1700,11.8,False,0.2
C2K-LEG-2H1,C2K Carrier 609.0,Europe,1950.0,3.0,1500,10.3,False,0.0
C2K-LEG-2H2,C2K Carrier 236.0,Europe,4875.0,3.8,1700,11.8,False,0.0
C2K-LEG-2H1,C2K Carrier 742.0,Europe,1950.0,3.0,1500,10.3,False,0.0
C2K-LEG-3H1,C2K Carrier 671.0,Asia Pacific,3006.2,4.6,1900,10.7,False,0.0
C2K-LEG-2H1,C2K Carrier 485.0,Europe,1950.0,3.0,1500,10.3,False,0.0
C2K-LEG-2H2,C2K Carrier 576.0,Europe,3900.0,3.0,1700,11.8,False,0.0
C2K-LEG-3H2,C2K Carrier 614.0,Europe,5746.2,4.4,2100,12.2,False,0.0
C2K-LEG-1H1,C2K Carrier 349.0,Europe,1950.0,3.0,1100,9.9,True,4.0
C2K-LEG-1H1,C2K Carrier 233.0,North America,1950.0,3.0,1100,9.9,True,0.0
C2K-LEG-3H1,C2K Carrier 815.0,Middle East,1950.0,3.0,1900,10.7,False,0.0
C2K-LEG-1H1,C2K Carrier 815.0,Middle East,2112.5,3.2,1100,9.9,False,0.0
C2K-LEG-2H1,C2K Carrier 485.0,Europe,1950.0,3.0,1500,10.3,False,0.0
C2K-LEG-1H2,C2K Carrier 281.0,Asia Pacific,3900.0,3.0,1300,11.4,False,0.0
C2K-LEG-1H1,C2K Carrier 671.0,Asia Pacific,1950.0,3.0,1100,9.9,False,3.7
C2K-LEG-1H2,C2K Carrier 233.0,North America,3900.0,3.0,1300,11.4,False,0.0
C2K-LEG-3H1,C2K Carrier 308.0,North America,1950.0,3.0,1900,10.7,False,0.0
C2K-LEG-3H1,C2K Carrier 128.0,Middle East,1950.0,3.0,1900,10.7,False,0.6
C2K-LEG-3H1,C2K Carrier 411.0,Europe,1950.0,3.0,1900,10.7,False,0.0
C2K-LEG-2H1,C2K Carrier 256.0,Asia Pacific,1950.0,3.0,1500,10.3,False,0.0
C2K-LEG-1H1,C2K Carrier 815.0,Middle East,2302.1,3.5,1100,9.9,True,0.0
C2K-LEG-2H1,C2K Carrier 700.0,North America,1950.0,3.0,1500,10.3,True,0.0
C2K-LEG-2H2,C2K Carrier 349.0,Europe,4550.0,3.5,1700,11.8,False,0.6
C2K-LEG-2H2,C2K Carrier 413.0,North America,3900.0,3.0,1700,11.8,False,0.0
C2K-LEG-3H1,C2K Carrier 520.0,Europe,1950.0,3.0,1900,10.7,False,0.0
C2K-LEG-1H2,C2K Carrier 671.0,Asia Pacific,3900.0,3.0,1300,11.4,False,0.0
C2K-LEG-3H2,C2K Carrier 690.0,North America,3900.0,3.0,2100,12.2,False,4.4
C2K-LEG-2H2,C2K Carrier 281.0,Asia Pacific,3900.0,3.0,1700,11.8,False,0.0
C2K-LEG-2H2,C2K Carrier 308.0,North America,3900.0,3.0,1700,11.8,False,0.6
C2K-LEG-3H1,C2K Carrier 187.0,Europe,1950.0,3.0,1900,10.7,False,0.0
C2K-LEG-3H1,C2K Carrier 524.0,North America,1950.0,3.0,1900,10.7,False,35.1
C2K-LEG-2H1,C2K Carrier 815.0,Middle East,1950.0,3.0,1500,10.3,False,0.0
C2K-LEG-1H2,C2K Carrier 485.0,Europe,4279.2,3.3,1300,11.4,True,0.0
C2K-LEG-1H1,C2K Carrier 468.0,North America,1950.0,3.0,1100,9.9,True,0.5
C2K-LEG-2H1,C2K Carrier 349.0,Europe,1950.0,3.0,1500,10.3,False,0.4
C2K-LEG-1H2,C2K Carrier 610.0,North America,3900.0,3.0,1300,11.4,False,1.9
C2K-LEG-2H1,C2K Carrier 700.0,North America,1950.0,3.0,1500,10.3,False,0.0
C2K-LEG-2H2,C2K Carrier 609.0,Europe,4658.3,3.6,1700,11.8,False,2.3
C2K-LEG-1H3,C2K Carrier 671.0,Asia Pacific,5850.0,3.0,1500,12.9,False,0.0
C2K-LEG-2H2,C2K Carrier 770.0,Asia Pacific,3900.0,3.0,1700,11.8,False,0.0
C2K-LEG-3H2,C2K Carrier 515.0,North America,3900.0,3.0,2100,12.2,False,0.3
C2K-LEG-2H1,C2K Carrier 485.0,Europe,3015.3,4.6,1500,10.3,False,0.0
C2K-LEG-3H3,C2K Carrier 671.0,Asia Pacific,5850.0,3.0,2300,13.7,False,4.4
C2K-LEG-3H2,C2K Carrier 413.0,North America,3900.0,3.0,2100,12.2,False,0.0
C2K-LEG-1H1,C2K Carrier 815.0,Middle East,2329.2,3.6,1100,9.9,True,0.0
C2K-LEG-1H2,C2K Carrier 388.0,Asia Pacific,3900.0,3.0,1300,11.4,True,0.0
C2K-LEG-3H1,C2K Carrier 431.0,Middle East,1950.0,3.0,1900,10.7,False,0.0
C2K-LEG-1H1,C2K Carrier 128.0,Middle East,1950.0,3.0,1100,9.9,False,0.0
C2K-LEG-1H1,C2K Carrier 815.0,Middle East,2329.2,3.6,1100,9.9,False,0.0
C2K-LEG-1H1,C2K Carrier 698.0,North America,1950.0,3.0,1100,9.9,False,3.6
C2K-LEG-2H2,C2K Carrier 671.0,Asia Pacific,3900.0,3.0,1700,11.8,False,2.9
C2K-LEG-3H1,C2K Carrier 413.0,North America,1950.0,3.0,1900,10.7,False,0.0
C2K-LEG-3H1,C2K Carrier 388.0,Asia Pacific,1950.0,3.0,1900,10.7,False,0.1
C2K-LEG-1H2,C2K Carrier 257.0,Middle East,6283.3,4.8,1300,11.4,False,0.0
C2K-LEG-2H2,C2K Carrier 413.0,North America,3900.0,3.0,1700,11.8,False,3.7
C2K-LEG-2H2,C2K Carrier 166.0,Middle East,3900.0,3.0,1700,11.8,False,0.0
C2K-LEG-1H1,C2K Carrier 349.0,Europe,1950.0,3.0,1100,9.9,True,0.2
C2K-LEG-1H1,C2K Carrier 349.0,Europe,1950.0,3.0,1100,9.9,True,0.0
C2K-LEG-2H1,C2K Carrier 614.0,Europe,1950.0,3.0,1500,10.3,False,0.0
C2K-LEG-1H1,C2K Carrier 700.0,North America,1950.0,3.0,1100,9.9,False,0.0
C2K-LEG-2H2,C2K Carrier 490.0,Middle East,3900.0,3.0,1700,11.8,False,0.2
C2K-LEG-2H1,C2K Carrier 144.0,Middle East,1950.0,3.0,1500,10.3,False,0.1
C2K-LEG-1H2,C2K Carrier 597.0,Asia Pacific,3900.0,3.0,1300,11.4,False,0.2
C2K-LEG-2H1,C2K Carrier 700.0,North America,1950.0,3.0,1500,10.3,False,0.0
C2K-LEG-1H1,C2K Carrier 128.0,Middle East,1950.0,3.0,1100,9.9,False,0.0
C2K-LEG-1H2,C2K Carrier 485.0,Europe,3900.0,3.0,1300,11.4,False,0.0
C2K-LEG-3H1,C2K Carrier 349.0,Europe,1950.0,3.0,1900,10.7,False,0.3
C2K-LEG-1H1,C2K Carrier 476.0,Middle East,2275.0,3.5,1100,9.9,False,0.0
C2K-LEG-1H1,C2K Carrier 555.0,Middle East,2399.1,3.7,1100,9.9,True,0.0
C2K-LEG-2H1,C2K Carrier 349.0,Europe,1950.0,3.0,1500,10.3,True,0.0
C2K-LEG-3H2,C2K Carrier 166.0,Middle East,3900.0,3.0,2100,12.2,False,0.0
C2K-LEG-2H1,C2K Carrier 128.0,Middle East,1950.0,3.0,1500,10.3,False,0.0
C2K-LEG-2H2,C2K Carrier 391.0,Middle East,3900.0,3.0,1700,11.8,False,0.0
C2K-LEG-1H1,C2K Carrier 700.0,North America,1950.0,3.0,1100,9.9,False,0.0
C2K-LEG-2H1,C2K Carrier 391.0,Middle East,1950.0,3.0,1500,10.3,False,0.0
C2K-LEG-1H1,C2K Carrier 144.0,Middle East,1950.0,3.0,1100,9.9,False,0.1
C2K-LEG-3H2,C2K Carrier 770.0,Asia Pacific,3900.0,3.0,2100,12.2,False,0.0
C2K-LEG-3H1,C2K Carrier 308.0,North America,1950.0,3.0,1900,10.7,False,0.0
C2K-LEG-1H2,C2K Carrier 441.0,North America,3900.0,3.0,1300,11.4,False,0.2
C2K-LEG-3H1,C2K Carrier 815.0,Middle East,2302.1,3.5,1900,10.7,False,7.0
C2K-LEG-2H1,C2K Carrier 671.0,Asia Pacific,1950.0,3.0,1500,10.3,True,0.3
C2K-LEG-1H1,C2K Carrier 815.0,Middle East,2464.6,3.8,1100,9.9,True,0.0
C2K-LEG-1H1,C2K Carrier 815.0,Middle East,3493.8,5.4,1100,9.9,False,0.0
C2K-LEG-1H1,C2K Carrier 700.0,North America,1950.0,3.0,1100,9.9,False,0.0
C2K-LEG-3H1,C2K Carrier 308.0,North America,1950.0,3.0,1900,10.7,False,0.0
C2K-LEG-2H2,C2K Carrier 391.0,Middle East,3900.0,3.0,1700,11.8,False,0.0
C2K-LEG-3H2,C2K Carrier 476.0,Middle East,3900.0,3.0,2100,12.2,False,10.7
C2K-LEG-1H1,C2K Carrier 468.0,North America,1950.0,3.0,1100,9.9,False,0.3
C2K-LEG-1H1,C2K Carrier 815.0,Middle East,3466.7,5.3,1100,9.9,False,0.0
C2K-LEG-2H1,C2K Carrier 555.0,Middle East,1950.0,3.0,1500,10.3,False,0.0
C2K-LEG-2H2,C2K Carrier 456.0,Europe,3900.0,3.0,1700,11.8,False,0.0
C2K-LEG-3H2,C2K Carrier 391.0,Middle East,3900.0,3.0,2100,12.2,False,6.8
C2K-LEG-3H1,C2K Carrier 700.0,North America,1950.0,3.0,1900,10.7,True,0.0
C2K-LEG-1H1,C2K Carrier 815.0,Middle East,2302.1,3.5,1100,9.9,True,0.0
C2K-LEG-2H1,C2K Carrier 456.0,Europe,1950.0,3.0,1500,10.3,False,0.0
C2K-LEG-3H1,C2K Carrier 128.0,Middle East,1950.0,3.0,1900,10.7,False,0.0
C2K-LEG-3H1,C2K Carrier 597.0,Asia Pacific,2916.0,4.5,1900,10.7,False,0.0
C2K-LEG-2H2,C2K Carrier 398.0,Middle East,3900.0,3.0,1700,11.8,False,0.0
C2K-LEG-3H1,C2K Carrier 815.0,Middle East,2207.3,3.4,1900,10.7,False,0.0
C2K-LEG-1H1,C2K Carrier 128.0,Middle East,1950.0,3.0,1100,9.9,False,0.0
C2K-LEG-2H1,C2K Carrier 700.0,North America,1950.0,3.0,1500,10.3,False,5.5
C2K-LEG-2H1,C2K Carrier 128.0,Middle East,1950.0,3.0,1500,10.3,False,0.0
C2K-LEG-2H1,C2K Carrier 113.0,North America,1950.0,3.0,1500,10.3,False,0.0
C2K-LEG-2H2,C2K Carrier 326.0,North America,4712.5,3.6,1700,11.8,False,0.0
C2K-LEG-1H2,C2K Carrier 770.0,Asia Pacific,3900.0,3.0,1300,11.4,True,0.0
C2K-LEG-1H2,C2K Carrier 388.0,Asia Pacific,3900.0,3.0,1300,11.4,True,0.6
C2K-LEG-1H1,C2K Carrier 113.0,North America,1950.0,3.0,1100,9.9,False,0.0
C2K-LEG-3H1,C2K Carrier 128.0,Middle East,1950.0,3.0,1900,10.7,False,11.2
C2K-LEG-2H1,C2K Carrier 485.0,Europe,1950.0,3.0,1500,10.3,False,0.0
C2K-LEG-1H1,C2K Carrier 485.0,Europe,1950.0,3.0,1100,9.9,False,2.9
C2K-LEG-2H1,C2K Carrier 700.0,North America,1950.0,3.0,1500,10.3,False,0.0
C2K-LEG-3H2,C2K Carrier 456.0,Europe,3900.0,3.0,2100,12.2,False,29.5
C2K-LEG-1H2,C2K Carrier 671.0,Asia Pacific,6283.3,4.8,1300,11.4,False,0.0
C2K-LEG-2H2,C2K Carrier 441.0,North America,3900.0,3.0,1700,11.8,False,0.0
C2K-LEG-3H2,C2K Carrier 411.0,Europe,3900.0,3.0,2100,12.2,False,0.0
C2K-LEG-1H1,C2K Carrier 281.0,Asia Pacific,1950.0,3.0,1100,9.9,False,0.0
C2K-LEG-1H1,C2K Carrier 815.0,Middle East,2329.2,3.6,1100,9.9,True,0.0
C2K-LEG-1H2,C2K Carrier 233.0,North America,3900.0,3.0,1300,11.4,True,0.0
C2K-LEG-3H1,C2K Carrier 128.0,Middle East,1950.0,3.0,1900,10.7,False,0.0
C2K-LEG-3H2,C2K Carrier 700.0,North America,3900.0,3.0,2100,12.2,False,0.0
C2K-LEG-1H2,C2K Carrier 520.0,Europe,6283.3,4.8,1300,11.4,False,0.0
C2K-LEG-3H2,C2K Carrier 366.0,Middle East,3900.0,3.0,2100,12.2,False,0.0
C2K-LEG-2H1,C2K Carrier 485.0,Europe,1950.0,3.0,1500,10.3,False,0.0
C2K-LEG-1H2,C2K Carrier 233.0,North America,3900.0,3.0,1300,11.4,False,0.0
C2K-LEG-3H1,C2K Carrier 174.0,Asia Pacific,1950.0,3.0,1900,10.7,False,0.2
C2K-LEG-3H1,C2K Carrier 700.0,North America,1950.0,3.0,1900,10.7,False,0.0
C2K-LEG-3H2,C2K Carrier 671.0,Asia Pacific,3900.0,3.0,2100,12.2,False,0.0
C2K-LEG-2H2,C2K Carrier 226.0,North America,3900.0,3.0,1700,11.8,False,0.0
C2K-LEG-2H1,C2K Carrier 815.0,Middle East,2302.1,3.5,1500,10.3,True,0.0
C2K-LEG-3H1,C2K Carrier 413.0,North America,1950.0,3.0,1900,10.7,True,0.4
C2K-LEG-3H1,C2K Carrier 815.0,Middle East,2329.2,3.6,1900,10.7,False,0.0
C2K-LEG-2H1,C2K Carrier 256.0,Asia Pacific,1950.0,3.0,1500,10.3,False,0.0
C2K-LEG-3H2,C2K Carrier 411.0,Europe,3900.0,3.0,2100,12.2,False,0.0
C2K-LEG-3H2,C2K Carrier 663.0,Asia Pacific,5200.0,4.0,2100,12.2,False,1.7
C2K-LEG-1H1,C2K Carrier 349.0,Europe,1950.0,3.0,1100,9.9,False,0.0
C2K-LEG-1H2,C2K Carrier 485.0,Europe,5552.1,4.3,1300,11.4,False,0.0
C2K-LEG-3H1,C2K Carrier 128.0,Middle East,1950.0,3.0,1900,10.7,False,0.0
C2K-LEG-3H1,C2K Carrier 281.0,Asia Pacific,1950.0,3.0,1900,10.7,False,0.0
C2K-LEG-2H1,C2K Carrier 815.0,Middle East,1950.0,3.0,1500,10.3,False,0.0
C2K-LEG-1H1,C2K Carrier 815.0,Middle East,2207.3,3.4,1100,9.9,False,0.0
C2K-LEG-3H2,C2K Carrier 281.0,Asia Pacific,3900.0,3.0,2100,12.2,True,0.0
C2K-LEG-3H1,C2K Carrier 815.0,Middle East,2843.8,4.4,1900,10.7,True,0.0
C2K-LEG-2H1,C2K Carrier 128.0,Middle East,1950.0,3.0,1500,10.3,False,0.0
C2K-LEG-2H2,C2K Carrier 413.0,North America,3900.0,3.0,1700,11.8,False,0.0
C2K-LEG-3H1,C2K Carrier 555.0,Middle East,1950.0,3.0,1900,10.7,False,0.0
C2K-LEG-1H1,C2K Carrier 815.0,Middle East,2112.5,3.2,1100,9.9,False,0.0
C2K-LEG-2H2,C2K Carrier 700.0,North America,3900.0,3.0,1700,11.8,False,0.0
C2K-LEG-2H2,C2K Carrier 411.0,Europe,3900.0,3.0,1700,11.8,False,0.0
C2K-LEG-1H1,C2K Carrier 815.0,Middle East,2329.2,3.6,1100,9.9,False,0.0
C2K-LEG-3H2,C2K Carrier 166.0,Middle East,3900.0,3.0,2100,12.2,False,0.0
C2K-LEG-1H1,C2K Carrier 371.0,Asia Pacific,1950.0,3.0,1100,9.9,False,0.1
C2K-LEG-1H2,C2K Carrier 196.0,Middle East,3900.0,3.0,1300,11.4,False,0.0
C2K-LEG-2H1,C2K Carrier 815.0,Middle East,2112.5,3.2,1500,10.3,True,0.0
C2K-LEG-2H1,C2K Carrier 391.0,Middle East,1950.0,3.0,1500,10.3,True,0.0
C2K-LEG-1H1,C2K Carrier 815.0,Middle East,2329.2,3.6,1100,9.9,False,0.0
C2K-LEG-3H2,C2K Carrier 233.0,North America,3900.0,3.0,2100,12.2,False,11.4
C2K-LEG-3H2,C2K Carrier 527.0,Europe,6283.3,4.8,2100,12.2,False,0.0
C2K-LEG-3H1,C2K Carrier 233.0,North America,1950.0,3.0,1900,10.7,False,1.2
C2K-LEG-1H1,C2K Carrier 485.0,Europe,1950.0,3.0,1100,9.9,False,0.0
C2K-LEG-2H2,C2K Carrier 391.0,Middle East,3900.0,3.0,1700,11.8,False,5.9
C2K-LEG-1H2,C2K Carrier 349.0,Europe,4658.3,3.6,1300,11.4,False,2.4
C2K-LEG-1H1,C2K Carrier 128.0,Middle East,1950.0,3.0,1100,9.9,False,0.0
C2K-LEG-1H1,C2K Carrier 128.0,Middle East,1950.0,3.0,1100,9.9,False,0.0
C2K-LEG-1H2,C2K Carrier 789.0,Asia Pacific,3900.0,3.0,1300,11.4,False,0.0
C2K-LEG-3H1,C2K Carrier 609.0,Europe,2396.9,3.7,1900,10.7,True,0.0
C2K-LEG-3H2,C2K Carrier 695.0,Europe,3900.0,3.0,2100,12.2,True,0.0
C2K-LEG-2H1,C2K Carrier 815.0,Middle East,1950.0,3.0,1500,10.3,False,0.0
C2K-LEG-2H2,C2K Carrier 456.0,Europe,3900.0,3.0,1700,11.8,False,0.0
C2K-LEG-1H1,C2K Carrier 485.0,Europe,1950.0,3.0,1100,9.9,False,0.0
C2K-LEG-1H1,C2K Carrier 815.0,Middle East,2329.2,3.6,1100,9.9,False,0.0
C2K-LEG-3H1,C2K Carrier 128.0,Middle East,1950.0,3.0,1900,10.7,False,0.0
C2K-LEG-3H1,C2K Carrier 700.0,North America,1950.0,3.0,1900,10.7,False,0.0
C2K-LEG-3H1,C2K Carrier 700.0,North America,1950.0,3.0,1900,10.7,False,0.0
C2K-LEG-1H1,C2K Carrier 700.0,North America,1950.0,3.0,1100,9.9,False,24.7
C2K-LEG-3H2,C2K Carrier 698.0,North America,3900.0,3.0,2100,12.2,False,0.0
C2K-LEG-3H2,C2K Carrier 520.0,Europe,3900.0,3.0,2100,12.2,False,2.6
C2K-LEG-1H1,C2K Carrier 798.0,Asia Pacific,1950.0,3.0,1100,9.9,True,0.0
C2K-LEG-3H2,C2K Carrier 226.0,North America,3900.0,3.0,2100,12.2,True,0.0
C2K-LEG-3H2,C2K Carrier 671.0,Asia Pacific,3900.0,3.0,2100,12.2,False,0.0
C2K-LEG-3H1,C2K Carrier 614.0,Europe,1950.0,3.0,1900,10.7,False,0.0
C2K-LEG-3H1,C2K Carrier 128.0,Middle East,1950.0,3.0,1900,10.7,False,0.0
C2K-LEG-1H1,C2K Carrier 281.0,Asia Pacific,1950.0,3.0,1100,9.9,False,0.0
C2K-LEG-1H1,C2K Carrier 256.0,Asia Pacific,1950.0,3.0,1100,9.9,False,0.0
C2K-LEG-1H1,C2K Carrier 431.0,Middle East,3015.3,4.6,1100,9.9,False,0.0
C2K-LEG-2H1,C2K Carrier 128.0,Middle East,1950.0,3.0,1500,10.3,False,0.0
C2K-LEG-2H1,C2K Carrier 485.0,Europe,1950.0,3.0,1500,10.3,False,0.0
C2K-LEG-3H1,C2K Carrier 431.0,Middle East,1950.0,3.0,1900,10.7,False,0.0
C2K-LEG-3H2,C2K Carrier 398.0,Middle East,3900.0,3.0,2100,12.2,False,1.3
C2K-LEG-1H1,C2K Carrier 700.0,North America,1950.0,3.0,1100,9.9,True,0.0
C2K-LEG-3H1,C2K Carrier 700.0,North America,1950.0,3.0,1900,10.7,True,0.0
C2K-LEG-3H1,C2K Carrier 555.0,Middle East,1950.0,3.0,1900,10.7,False,0.0
C2K-LEG-1H2,C2K Carrier 187.0,Europe,3900.0,3.0,1300,11.4,False,0.2
C2K-LEG-1H2,C2K Carrier 441.0,North America,3900.0,3.0,1300,11.4,False,0.5
C2K-LEG-2H2,C2K Carrier 815.0,Middle East,3900.0,3.0,1700,11.8,False,1.3
C2K-LEG-1H1,C2K Carrier 485.0,Europe,1950.0,3.0,1100,9.9,False,0.0
C2K-LEG-2H1,C2K Carrier 815.0,Middle East,2302.1,3.5,1500,10.3,False,0.0
C2K-LEG-3H3,C2K Carrier 603.0,Europe,5850.0,3.0,2300,13.7,False,0.3
C2K-LEG-3H1,C2K Carrier 128.0,Middle East,1950.0,3.0,1900,10.7,False,0.0
C2K-LEG-2H1,C2K Carrier 815.0,Middle East,1950.0,3.0,1500,10.3,False,0.0
C2K-LEG-3H1,C2K Carrier 441.0,North America,1950.0,3.0,1900,10.7,False,1.1
C2K-LEG-1H2,C2K Carrier 671.0,Asia Pacific,3900.0,3.0,1300,11.4,True,0.0
C2K-LEG-2H1,C2K Carrier 128.0,Middle East,1950.0,3.0,1500,10.3,True,0.0
C2K-LEG-3H1,C2K Carrier 555.0,Middle East,1950.0,3.0,1900,10.7,False,0.0
C2K-LEG-3H1,C2K Carrier 700.0,North America,1950.0,3.0,1900,10.7,False,0.0
C2K-LEG-2H2,C2K Carrier 398.0,Middle East,3900.0,3.0,1700,11.8,False,3.7
C2K-LEG-1H2,C2K Carrier 614.0,Europe,4604.2,3.5,1300,11.4,False,0.0
C2K-LEG-3H1,C2K Carrier 700.0,North America,1950.0,3.0,1900,10.7,False,0.0
C2K-LEG-3H1,C2K Carrier 809.0,Middle East,1950.0,3.0,1900,10.7,False,0.0
C2K-LEG-1H1,C2K Carrier 815.0,Middle East,1950.0,3.0,1100,9.9,False,0.0
C2K-LEG-1H2,C2K Carrier 456.0,Europe,3900.0,3.0,1300,11.4,False,0.0
C2K-LEG-1H1,C2K Carrier 815.0,Middle East,3155.2,4.9,1100,9.9,False,0.0
C2K-LEG-3H1,C2K Carrier 349.0,Europe,1950.0,3.0,1900,10.7,False,4.4
C2K-LEG-2H1,C2K Carrier 700.0,North America,1950.0,3.0,1500,10.3,True,0.0
C2K-LEG-1H1,C2K Carrier 128.0,Middle East,1950.0,3.0,1100,9.9,True,0.0
C2K-LEG-3H2,C2K Carrier 476.0,Middle East,3900.0,3.0,2100,12.2,False,0.0
C2K-LEG-3H1,C2K Carrier 485.0,Europe,1950.0,3.0,1900,10.7,False,0.0
C2K-LEG-3H2,C2K Carrier 398.0,Middle East,3900.0,3.0,2100,12.2,False,0.0
C2K-LEG-2H1,C2K Carrier 431.0,Middle East,3015.3,4.6,1500,10.3,False,0.0
C2K-LEG-3H1,C2K Carrier 815.0,Middle East,2087.7,3.2,1900,10.7,False,0.0
C2K-LEG-3H1,C2K Carrier 809.0,Middle East,1950.0,3.0,1900,10.7,False,2.4
C2K-LEG-2H1,C2K Carrier 256.0,Asia Pacific,2809.9,4.3,1500,10.3,False,0.0
C2K-LEG-1H1,C2K Carrier 700.0,North America,1950.0,3.0,1100,9.9,False,15.4
C2K-LEG-1H1,C2K Carrier 485.0,Europe,1950.0,3.0,1100,9.9,False,2.6
C2K-LEG-3H1,C2K Carrier 815.0,Middle East,1950.0,3.0,1900,10.7,False,0.0
C2K-LEG-2H2,C2K Carrier 815.0,Middle East,3900.0,3.0,1700,11.8,True,0.0
C2K-LEG-1H1,C2K Carrier 700.0,North America,1950.0,3.0,1100,9.9,True,0.0
C2K-LEG-3H2,C2K Carrier 411.0,Europe,3900.0,3.0,2100,12.2,False,0.0
C2K-LEG-2H2,C2K Carrier 700.0,North America,3900.0,3.0,1700,11.8,False,0.2
C2K-LEG-2H1,C2K Carrier 614.0,Europe,1950.0,3.0,1500,10.3,False,0.0
C2K-LEG-2H1,C2K Carrier 441.0,North America,1950.0,3.0,1500,10.3,False,0.0
C2K-LEG-3H2,C2K Carrier 371.0,Asia Pacific,6635.4,5.1,2100,12.2,False,0.0
C2K-LEG-3H2,C2K Carrier 238.0,North America,3900.0,3.0,2100,12.2,False,0.0
C2K-LEG-2H1,C2K Carrier 700.0,North America,1950.0,3.0,1500,10.3,False,0.0
C2K-LEG-2H1,C2K Carrier 815.0,Middle East,2112.5,3.2,1500,10.3,False,0.0
C2K-LEG-1H2,C2K Carrier 628.0,Middle East,3900.0,3.0,1300,11.4,False,0.0
C2K-LEG-1H1,C2K Carrier 485.0,Europe,1950.0,3.0,1100,9.9,False,0.0
C2K-LEG-3H1,C2K Carrier 308.0,North America,1950.0,3.0,1900,10.7,True,0.0
C2K-LEG-2H1,C2K Carrier 815.0,Middle East,2329.2,3.6,1500,10.3,True,0.0
C2K-LEG-3H2,C2K Carrier 815.0,Middle East,3900.0,3.0,2100,12.2,False,0.0
C2K-LEG-1H2,C2K Carrier 431.0,Middle East,4604.2,3.5,1300,11.4,False,0.0
C2K-LEG-1H1,C2K Carrier 778.0,North America,1950.0,3.0,1100,9.9,False,0.0
C2K-LEG-2H2,C2K Carrier 571.0,Europe,3900.0,3.0,1700,11.8,False,0.0
C2K-LEG-2H1,C2K Carrier 700.0,North America,1950.0,3.0,1500,10.3,False,0.0
C2K-LEG-1H2,C2K Carrier 166.0,Middle East,3900.0,3.0,1300,11.4,False,7.1
C2K-LEG-2H1,C2K Carrier 308.0,North America,1950.0,3.0,1500,10.3,False,0.0
C2K-LEG-1H1,C2K Carrier 456.0,Europe,1950.0,3.0,1100,9.9,False,0.0
C2K-LEG-3H2,C2K Carrier 815.0,Middle East,3900.0,3.0,2100,12.2,False,0.0
C2K-LEG-1H2,C2K Carrier 101.0,North America,3900.0,3.0,1300,11.4,False,0.0
C2K-LEG-1H1,C2K Carrier 700.0,North America,1950.0,3.0,1100,9.9,True,0.0
C2K-LEG-1H1,C2K Carrier 256.0,Asia Pacific,1950.0,3.0,1100,9.9,True,0.0
C2K-LEG-3H2,C2K Carrier 538.0,Asia Pacific,3900.0,3.0,2100,12.2,False,0.0
C2K-LEG-3H2,C2K Carrier 671.0,Asia Pacific,3900.0,3.0,2100,12.2,False,0.0
C2K-LEG-3H1,C2K Carrier 409.0,North America,1950.0,3.0,1900,10.7,False,0.0
C2K-LEG-1H1,C2K Carrier 187.0,Europe,1950.0,3.0,1100,9.9,False,0.3
C2K-LEG-3H2,C2K Carrier 671.0,Asia Pacific,3900.0,3.0,2100,12.2,False,0.0
C2K-LEG-1H1,C2K Carrier 281.0,Asia Pacific,1950.0,3.0,1100,9.9,False,0.0
C2K-LEG-1H1,C2K Carrier 671.0,Asia Pacific,1950.0,3.0,1100,9.9,False,1.8
C2K-LEG-1H1,C2K Carrier 281.0,Asia Pacific,1950.0,3.0,1100,9.9,False,0.0
C2K-LEG-1H1,C2K Carrier 128.0,Middle East,1950.0,3.0,1100,9.9,False,0.0
C2K-LEG-1H1,C2K Carrier 815.0,Middle East,1950.0,3.0,1100,9.9,False,0.0
C2K-LEG-1H1,C2K Carrier 456.0,Europe,1950.0,3.0,1100,9.9,True,0.0
C2K-LEG-2H1,C2K Carrier 815.0,Middle East,2369.8,3.6,1500,10.3,True,0.0
C2K-LEG-2H1,C2K Carrier 815.0,Middle East,3466.7,5.3,1500,10.3,False,0.0
C2K-LEG-2H1,C2K Carrier 815.0,Middle East,2302.1,3.5,1500,10.3,False,0.0
C2K-LEG-3H1,C2K Carrier 113.0,North America,1950.0,3.0,1900,10.7,False,0.0
C2K-LEG-2H1,C2K Carrier 128.0,Middle East,1950.0,3.0,1500,10.3,False,0.0
C2K-LEG-2H1,C2K Carrier 485.0,Europe,1950.0,3.0,1500,10.3,False,0.0
C2K-LEG-1H1,C2K Carrier 113.0,North America,1950.0,3.0,1100,9.9,False,0.0
C2K-LEG-1H1,C2K Carrier 614.0,Europe,1950.0,3.0,1100,9.9,False,0.0
C2K-LEG-3H1,C2K Carrier 341.0,Europe,1950.0,3.0,1900,10.7,False,2.1
C2K-LEG-2H1,C2K Carrier 134.0,North America,1950.0,3.0,1500,10.3,False,0.0
C2K-LEG-1H1,C2K Carrier 671.0,Asia Pacific,1950.0,3.0,1100,9.9,False,1.9
C2K-LEG-2H1,C2K Carrier 555.0,Middle East,1950.0,3.0,1500,10.3,True,0.0
C2K-LEG-1H1,C2K Carrier 778.0,North America,1950.0,3.0,1100,9.9,True,2.2
C2K-LEG-1H1,C2K Carrier 256.0,Asia Pacific,1950.0,3.0,1100,9.9,False,0.0
C2K-LEG-1H1,C2K Carrier 431.0,Middle East,1950.0,3.0,1100,9.9,False,0.0
C2K-LEG-3H1,C2K Carrier 128.0,Middle East,1950.0,3.0,1900,10.7,False,0.0
C2K-LEG-2H1,C2K Carrier 128.0,Middle East,1950.0,3.0,1500,10.3,False,0.0
C2K-LEG-3H2,C2K Carrier 377.0,Europe,6233.7,4.8,2100,12.2,False,0.0
C2K-LEG-2H1,C2K Carrier 134.0,North America,1950.0,3.0,1500,10.3,False,0.1
C2K-LEG-3H1,C2K Carrier 815.0,Middle East,2302.1,3.5,1900,10.7,False,0.0
C2K-LEG-3H1,C2K Carrier 349.0,Europe,1950.0,3.0,1900,10.7,False,2.3
C2K-LEG-3H1,C2K Carrier 798.0,Asia Pacific,1950.0,3.0,1900,10.7,False,0.0
C2K-LEG-3H2,C2K Carrier 485.0,Europe,6283.3,4.8,2100,12.2,False,0.0
C2K-LEG-2H2,C2K Carrier 233.0,North America,3900.0,3.0,1700,11.8,True,0.0
C2K-LEG-3H1,C2K Carrier 256.0,Asia Pacific,1950.0,3.0,1900,10.7,True,1.9
C2K-LEG-1H1,C2K Carrier 257.0,Middle East,1950.0,3.0,1100,9.9,False,2.4
C2K-LEG-3H1,C2K Carrier 233.0,North America,3015.3,4.6,1900,10.7,False,0.0
C2K-LEG-2H3,C2K Carrier 456.0,Europe,5850.0,3.0,1900,13.3,False,0.1
C2K-LEG-3H1,C2K Carrier 431.0,Middle East,1950.0,3.0,1900,10.7,False,0.0
C2K-LEG-1H1,C2K Carrier 128.0,Middle East,1950.0,3.0,1100,9.9,False,5.0
C2K-LEG-2H2,C2K Carrier 671.0,Asia Pacific,6391.7,4.9,1700,11.8,False,0.0
C2K-LEG-2H1,C2K Carrier 597.0,Asia Pacific,1950.0,3.0,1500,10.3,False,0.6
C2K-LEG-2H1,C2K Carrier 815.0,Middle East,4173.1,6.4,1500,10.3,False,0.0
C2K-LEG-1H1,C2K Carrier 700.0,North America,1950.0,3.0,1100,9.9,False,0.0
C2K-LEG-3H1,C2K Carrier 700.0,North America,1950.0,3.0,1900,10.7,False,0.0
C2K-LEG-3H1,C2K Carrier 815.0,Middle East,2843.8,4.4,1900,10.7,True,53.4
C2K-LEG-3H1,C2K Carrier 815.0,Middle East,1950.0,3.0,1900,10.7,True,0.0
C2K-LEG-2H2,C2K Carrier 140.0,Asia Pacific,3900.0,3.0,1700,11.8,False,0.0
C2K-LEG-1H1,C2K Carrier 809.0,Middle East,1950.0,3.0,1100,9.9,False,0.0
C2K-LEG-2H1,C2K Carrier 700.0,North America,1950.0,3.0,1500,10.3,False,8.9
C2K-LEG-1H1,C2K Carrier 815.0,Middle East,1950.0,3.0,1100,9.9,False,0.0
C2K-LEG-2H1,C2K Carrier 349.0,Europe,1950.0,3.0,1500,10.3,False,7.9
C2K-LEG-3H1,C2K Carrier 485.0,Europe,1950.0,3.0,1900,10.7,False,0.0
C2K-LEG-2H2,C2K Carrier 485.0,Europe,4279.2,3.3,1700,11.8,False,0.0
C2K-LEG-1H3,C2K Carrier 809.0,Middle East,5850.0,3.0,1500,12.9,False,0.0
C2K-LEG-3H1,C2K Carrier 815.0,Middle East,2329.2,3.6,1900,10.7,False,0.0
C2K-LEG-1H2,C2K Carrier 349.0,Europe,3900.0,3.0,1300,11.4,False,0.0
C2K-LEG-2H1,C2K Carrier 476.0,Middle East,1950.0,3.0,1500,10.3,True,0.5
C2K-LEG-3H2,C2K Carrier 809.0,Middle East,3900.0,3.0,2100,12.2,True,0.0
C2K-LEG-1H1,C2K Carrier 349.0,Europe,1950.0,3.0,1100,9.9,False,0.6
C2K-LEG-2H1,C2K Carrier 798.0,Asia Pacific,2521.0,3.9,1500,10.3,False,0.0
C2K-LEG-2H2,C2K Carrier 555.0,Middle East,4279.2,3.3,1700,11.8,False,0.0
C2K-LEG-2H1,C2K Carrier 597.0,Asia Pacific,2275.0,3.5,1500,10.3,False,0.0
C2K-LEG-1H2,C2K Carrier 281.0,Asia Pacific,3900.0,3.0,1300,11.4,False,0.0
C2K-LEG-2H1,C2K Carrier 128.0,Middle East,1950.0,3.0,1500,10.3,False,0.0
C2K-LEG-1H2,C2K Carrier 609.0,Europe,3900.0,3.0,1300,11.4,False,0.0
C2K-LEG-1H1,C2K Carrier 815.0,Middle East,2302.1,3.5,1100,9.9,False,0.0
C2K-LEG-3H1,C2K Carrier 609.0,Europe,1950.0,3.0,1900,10.7,False,1.8
C2K-LEG-1H2,C2K Carrier 671.0,Asia Pacific,3900.0,3.0,1300,11.4,True,0.0
C2K-LEG-2H1,C2K Carrier 149.0,Middle East,3141.7,4.8,1500,10.3,True,0.0
C2K-LEG-2H1,C2K Carrier 671.0,Asia Pacific,1950.0,3.0,1500,10.3,False,0.0
C2K-LEG-1H2,C2K Carrier 556.0,Asia Pacific,3900.0,3.0,1300,11.4,False,0.0
C2K-LEG-3H1,C2K Carrier 815.0,Middle East,2329.2,3.6,1900,10.7,False,0.0
C2K-LEG-3H1,C2K Carrier 485.0,Europe,1950.0,3.0,1900,10.7,False,0.0
C2K-LEG-1H1,C2K Carrier 233.0,North America,1950.0,3.0,1100,9.9,False,0.0
C2K-LEG-2H1,C2K Carrier 128.0,Middle East,1950.0,3.0,1500,10.3,False,0.0
C2K-LEG-3H1,C2K Carrier 815.0,Middle East,2356.2,3.6,1900,10.7,False,0.0
C2K-LEG-2H1,C2K Carrier 128.0,Middle East,1950.0,3.0,1500,10.3,False,0.0
C2K-LEG-3H1,C2K Carrier 700.0,North America,1950.0,3.0,1900,10.7,False,0.0
C2K-LEG-2H1,C2K Carrier 341.0,Europe,1950.0,3.0,1500,10.3,False,0.0
C2K-LEG-1H1,C2K Carrier 448.0,North America,1950.0,3.0,1100,9.9,True,1.2
C2K-LEG-2H1,C2K Carrier 128.0,Middle East,1950.0,3.0,1500,10.3,True,0.0
C2K-LEG-2H1,C2K Carrier 476.0,Middle East,2275.0,3.5,1500,10.3,False,0.0
C2K-LEG-1H1,C2K Carrier 671.0,Asia Pacific,1950.0,3.0,1100,9.9,False,2.0
C2K-LEG-1H2,C2K Carrier 610.0,North America,3900.0,3.0,1300,11.4,False,1.0
C2K-LEG-2H1,C2K Carrier 815.0,Middle East,2329.2,3.6,1500,10.3,False,0.0
C2K-LEG-3H1,C2K Carrier 128.0,Middle East,1950.0,3.0,1900,10.7,False,0.0
C2K-LEG-2H1,C2K Carrier 128.0,Middle East,1950.0,3.0,1500,10.3,False,0.0
C2K-LEG-3H1,C2K Carrier 371.0,Asia Pacific,1950.0,3.0,1900,10.7,False,1.4
C2K-LEG-2H1,C2K Carrier 308.0,North America,1950.0,3.0,1500,10.3,False,3.3
C2K-LEG-2H2,C2K Carrier 413.0,North America,3900.0,3.0,1700,11.8,False,0.0
C2K-LEG-2H1,C2K Carrier 700.0,North America,1950.0,3.0,1500,10.3,False,0.0
C2K-LEG-3H1,C2K Carrier 700.0,North America,1950.0,3.0,1900,10.7,True,12.9
C2K-LEG-1H1,C2K Carrier 485.0,Europe,1950.0,3.0,1100,9.9,True,0.4
C2K-LEG-3H1,C2K Carrier 815.0,Middle East,2329.2,3.6,1900,10.7,False,6.5
C2K-LEG-2H1,C2K Carrier 815.0,Middle East,2478.1,3.8,1500,10.3,False,0.0
C2K-LEG-2H2,C2K Carrier 166.0,Middle East,3900.0,3.0,1700,11.8,False,0.0
C2K-LEG-2H1,C2K Carrier 128.0,Middle East,1950.0,3.0,1500,10.3,False,0.0
C2K-LEG-2H1,C2K Carrier 609.0,Europe,1950.0,3.0,1500,10.3,False,0.0
C2K-LEG-1H2,C2K Carrier 233.0,North America,3900.0,3.0,1300,11.4,False,0.0
C2K-LEG-2H2,C2K Carrier 663.0,Asia Pacific,3900.0,3.0,1700,11.8,False,1.0
C2K-LEG-3H1,C2K Carrier 815.0,Middle East,2329.2,3.6,1900,10.7,False,0.0
C2K-LEG-3H1,C2K Carrier 555.0,Middle East,1950.0,3.0,1900,10.7,False,0.0
C2K-LEG-3H2,C2K Carrier 236.0,Europe,4658.3,3.6,2100,12.2,False,0.0
C2K-LEG-1H1,C2K Carrier 579.0,North America,1950.0,3.0,1100,9.9,True,0.0
C2K-LEG-3H2,C2K Carrier 431.0,Middle East,3900.0,3.0,2100,12.2,True,0.0
C2K-LEG-2H1,C2K Carrier 128.0,Middle East,1950.0,3.0,1500,10.3,False,0.0
C2K-LEG-3H2,C2K Carrier 671.0,Asia Pacific,3900.0,3.0,2100,12.2,False,2.0
C2K-LEG-1H2,C2K Carrier 456.0,Europe,3900.0,3.0,1300,11.4,False,0.0
C2K-LEG-3H1,C2K Carrier 700.0,North America,1950.0,3.0,1900,10.7,False,3.1
C2K-LEG-3H1,C2K Carrier 700.0,North America,1950.0,3.0,1900,10.7,False,0.0
C2K-LEG-1H1,C2K Carrier 815.0,Middle East,2329.2,3.6,1100,9.9,False,0.0
C2K-LEG-3H1,C2K Carrier 128.0,Middle East,1950.0,3.0,1900,10.7,False,0.0
C2K-LEG-3H2,C2K Carrier 628.0,Middle East,3900.0,3.0,2100,12.2,False,0.0
C2K-LEG-1H1,C2K Carrier 456.0,Europe,1950.0,3.0,1100,9.9,False,0.9
C2K-LEG-2H1,C2K Carrier 700.0,North America,1950.0,3.0,1500,10.3,False,0.2
C2K-LEG-2H1,C2K Carrier 815.0,Middle East,2424.0,3.7,1500,10.3,True,0.0
C2K-LEG-2H2,C2K Carrier 671.0,Asia Pacific,3900.0,3.0,1700,11.8,True,0.0
C2K-LEG-3H2,C2K Carrier 671.0,Asia Pacific,3900.0,3.0,2100,12.2,False,0.0
C2K-LEG-3H1,C2K Carrier 555.0,Middle East,1950.0,3.0,1900,10.7,False,0.0
C2K-LEG-2H1,C2K Carrier 128.0,Middle East,1950.0,3.0,1500,10.3,False,0.0
C2K-LEG-3H2,C2K Carrier 485.0,Europe,4279.2,3.3,2100,12.2,False,0.0
C2K-LEG-2H2,C2K Carrier 485.0,Europe,3900.0,3.0,1700,11.8,False,10.5
C2K-LEG-3H1,C2K Carrier 101.0,North America,1950.0,3.0,1900,10.7,False,4.0
C2K-LEG-2H1,C2K Carrier 555.0,Middle East,1950.0,3.0,1500,10.3,False,0.0
C2K-LEG-3H2,C2K Carrier 411.0,Europe,3900.0,3.0,2100,12.2,False,0.0
C2K-LEG-1H2,C2K Carrier 609.0,Europe,3900.0,3.0,1300,11.4,False,0.0
C2K-LEG-1H2,C2K Carrier 166.0,Middle East,3900.0,3.0,1300,11.4,False,0.4
C2K-LEG-3H1,C2K Carrier 815.0,Middle East,1950.0,3.0,1900,10.7,True,0.0
C2K-LEG-2H1,C2K Carrier 671.0,Asia Pacific,1950.0,3.0,1500,10.3,True,0.8
C2K-LEG-2H2,C2K Carrier 341.0,Europe,3900.0,3.0,1700,11.8,False,0.0
C2K-LEG-3H2,C2K Carrier 349.0,Europe,6283.3,4.8,2100,12.2,False,11.1
C2K-LEG-2H1,C2K Carrier 349.0,Europe,3015.3,4.6,1500,10.3,False,0.0
C2K-LEG-1H1,C2K Carrier 128.0,Middle East,1950.0,3.0,1100,9.9,False,0.0
C2K-LEG-2H2,C2K Carrier 413.0,North America,3900.0,3.0,1700,11.8,False,0.0
C2K-LEG-2H1,C2K Carrier 134.0,North America,4405.6,6.8,1500,10.3,False,0.0
C2K-LEG-1H1,C2K Carrier 128.0,Middle East,1950.0,3.0,1100,9.9,False,0.6
C2K-LEG-1H1,C2K Carrier 413.0,North America,2033.5,3.1,1100,9.9,False,1.9
C2K-LEG-1H1,C2K Carrier 476.0,Middle East,1950.0,3.0,1100,9.9,False,1.0
C2K-LEG-1H1,C2K Carrier 485.0,Europe,1950.0,3.0,1100,9.9,False,0.0
C2K-LEG-1H1,C2K Carrier 281.0,Asia Pacific,1950.0,3.0,1100,9.9,True,0.0
C2K-LEG-2H2,C2K Carrier 476.0,Middle East,4658.3,3.6,1700,11.8,True,0.0
C2K-LEG-2H1,C2K Carrier 671.0,Asia Pacific,1950.0,3.0,1500,10.3,False,0.4
C2K-LEG-1H1,C2K Carrier 700.0,North America,1950.0,3.0,1100,9.9,False,5.4
C2K-LEG-2H1,C2K Carrier 233.0,North America,1950.0,3.0,1500,10.3,False,0.0
C2K-LEG-2H1,C2K Carrier 671.0,Asia Pacific,1950.0,3.0,1500,10.3,False,0.8
C2K-LEG-1H1,C2K Carrier 349.0,Europe,1950.0,3.0,1100,9.9,False,0.0
C2K-LEG-2H1,C2K Carrier 349.0,Europe,3015.3,4.6,1500,10.3,False,0.0
C2K-LEG-2H2,C2K Carrier 778.0,North America,3900.0,3.0,1700,11.8,False,0.0
C2K-LEG-2H2,C2K Carrier 555.0,Middle East,3900.0,3.0,1700,11.8,False,0.0
C2K-LEG-2H1,C2K Carrier 700.0,North America,1950.0,3.0,1500,10.3,False,2.6
C2K-LEG-3H1,C2K Carrier 700.0,North America,1950.0,3.0,1900,10.7,False,0.0
C2K-LEG-3H2,C2K Carrier 281.0,Asia Pacific,3900.0,3.0,2100,12.2,True,3.1
C2K-LEG-3H1,C2K Carrier 445.0,Europe,1950.0,3.0,1900,10.7,True,0.0
C2K-LEG-1H1,C2K Carrier 700.0,North America,1950.0,3.0,1100,9.9,False,0.0
C2K-LEG-2H1,C2K Carrier 700.0,North America,1950.0,3.0,1500,10.3,False,0.0
C2K-LEG-2H1,C2K Carrier 128.0,Middle East,1950.0,3.0,1500,10.3,False,0.0
C2K-LEG-1H1,C2K Carrier 149.0,Middle East,3141.7,4.8,1100,9.9,False,0.0
C2K-LEG-3H2,C2K Carrier 149.0,Middle East,3900.0,3.0,2100,12.2,False,0.0
C2K-LEG-3H1,C2K Carrier 308.0,North America,1950.0,3.0,1900,10.7,False,0.0
C2K-LEG-1H2,C2K Carrier 128.0,Middle East,3900.0,3.0,1300,11.4,False,0.0
C2K-LEG-3H2,C2K Carrier 800.0,Middle East,3900.0,3.0,2100,12.2,False,0.0
C2K-LEG-2H2,C2K Carrier 456.0,Europe,3900.0,3.0,1700,11.8,False,1.5
C2K-LEG-2H1,C2K Carrier 281.0,Asia Pacific,1950.0,3.0,1500,10.3,False,0.0
C2K-LEG-2H1,C2K Carrier 281.0,Asia Pacific,1950.0,3.0,1500,10.3,True,0.0
C2K-LEG-3H1,C2K Carrier 815.0,Middle East,2302.1,3.5,1900,10.7,True,16.2
C2K-LEG-3H1,C2K Carrier 411.0,Europe,1950.0,3.0,1900,10.7,False,0.7
C2K-LEG-2H1,C2K Carrier 233.0,North America,3015.3,4.6,1500,10.3,False,0.0
C2K-LEG-2H1,C2K Carrier 815.0,Middle East,2464.6,3.8,1500,10.3,False,0.0
C2K-LEG-3H1,C2K Carrier 431.0,Middle East,1950.0,3.0,1900,10.7,False,0.0
C2K-LEG-1H1,C2K Carrier 349.0,Europe,1950.0,3.0,1100,9.9,False,0.4
C2K-LEG-3H2,C2K Carrier 667.0,Middle East,3900.0,3.0,2100,12.2,False,0.0
C2K-LEG-3H1,C2K Carrier 187.0,Europe,3015.3,4.6,1900,10.7,False,0.0
C2K-LEG-3H2,C2K Carrier 413.0,North America,3900.0,3.0,2100,12.2,False,0.0
C2K-LEG-3H3,C2K Carrier 555.0,Middle East,9668.8,5.0,2300,13.7,False,0.0
C2K-LEG-2H1,C2K Carrier 700.0,North America,1950.0,3.0,1500,10.3,False,0.0
C2K-LEG-3H2,C2K Carrier 349.0,Europe,3900.0,3.0,2100,12.2,True,0.0
C2K-LEG-1H1,C2K Carrier 308.0,North America,1950.0,3.0,1100,9.9,True,0.0
C2K-LEG-2H1,C2K Carrier 815.0,Middle East,2329.2,3.6,1500,10.3,False,0.0
C2K-LEG-1H1,C2K Carrier 815.0,Middle East,2329.2,3.6,1100,9.9,False,0.0
C2K-LEG-2H1,C2K Carrier 128.0,Middle East,1950.0,3.0,1500,10.3,False,0.0
C2K-LEG-3H2,C2K Carrier 815.0,Middle East,3900.0,3.0,2100,12.2,False,0.1
C2K-LEG-3H1,C2K Carrier 555.0,Middle East,1950.0,3.0,1900,10.7,False,0.0
C2K-LEG-2H1,C2K Carrier 815.0,Middle East,2329.2,3.6,1500,10.3,False,0.0
C2K-LEG-2H2,C2K Carrier 113.0,North America,3900.0,3.0,1700,11.8,False,1.1
C2K-LEG-1H1,C2K Carrier 671.0,Asia Pacific,1950.0,3.0,1100,9.9,False,1.9
C2K-LEG-3H2,C2K Carrier 671.0,Asia Pacific,3900.0,3.0,2100,12.2,False,0.0
C2K-LEG-3H2,C2K Carrier 349.0,Europe,5470.8,4.2,2100,12.2,False,0.7
C2K-LEG-2H1,C2K Carrier 700.0,North America,1950.0,3.0,1500,10.3,True,0.4
C2K-LEG-1H1,C2K Carrier 281.0,Asia Pacific,1950.0,3.0,1100,9.9,True,0.0
C2K-LEG-3H1,C2K Carrier 815.0,Middle East,2112.5,3.2,1900,10.7,False,0.0
C2K-LEG-2H2,C2K Carrier 411.0,Europe,3900.0,3.0,1700,11.8,False,0.0
C2K-LEG-1H2,C2K Carrier 233.0,North America,3900.0,3.0,1300,11.4,False,0.0
C2K-LEG-3H2,C2K Carrier 257.0,Middle East,3900.0,3.0,2100,12.2,False,0.4
C2K-LEG-3H2,C2K Carrier 805.0,Asia Pacific,3900.0,3.0,2100,12.2,False,0.0
C2K-LEG-3H1,C2K Carrier 299.0,North America,1950.0,3.0,1900,10.7,False,0.0
C2K-LEG-3H2,C2K Carrier 166.0,Middle East,3900.0,3.0,2100,12.2,False,0.0
C2K-LEG-3H2,C2K Carrier 490.0,Middle East,3900.0,3.0,2100,12.2,False,0.0
C2K-LEG-3H1,C2K Carrier 548.0,Europe,1950.0,3.0,1900,10.7,False,0.5
C2K-LEG-2H1,C2K Carrier 128.0,Middle East,1950.0,3.0,1500,10.3,False,0.0
C2K-LEG-2H2,C2K Carrier 671.0,Asia Pacific,3900.0,3.0,1700,11.8,True,0.0
C2K-LEG-2H1,C2K Carrier 700.0,North America,1950.0,3.0,1500,10.3,True,0.0
C2K-LEG-3H1,C2K Carrier 377.0,Europe,2329.2,3.6,1900,10.7,False,0.0
C2K-LEG-2H2,C2K Carrier 809.0,Middle East,3900.0,3.0,1700,11.8,False,0.5
C2K-LEG-3H2,C2K Carrier 411.0,Europe,3900.0,3.0,2100,12.2,False,0.0
C2K-LEG-2H1,C2K Carrier 128.0,Middle East,1950.0,3.0,1500,10.3,False,0.0
C2K-LEG-3H1,C2K Carrier 809.0,Middle East,1950.0,3.0,1900,10.7,False,0.0
C2K-LEG-2H2,C2K Carrier 597.0,Asia Pacific,3900.0,3.0,1700,11.8,False,0.0
C2K-LEG-2H2,C2K Carrier 671.0,Asia Pacific,3900.0,3.0,1700,11.8,False,0.0
C2K-LEG-1H1,C2K Carrier 815.0,Middle East,3155.2,4.9,1100,9.9,False,0.0
C2K-LEG-1H1,C2K Carrier 700.0,North America,1950.0,3.0,1100,9.9,False,0.0
C2K-LEG-1H1,C2K Carrier 128.0,Middle East,1950.0,3.0,1100,9.9,False,0.0
C2K-LEG-3H1,C2K Carrier 485.0,Europe,3015.3,4.6,1900,10.7,True,0.0
C2K-LEG-1H2,C2K Carrier 671.0,Asia Pacific,3900.0,3.0,1300,11.4,True,0.0
C2K-LEG-1H2,C2K Carrier 233.0,North America,4712.5,3.6,1300,11.4,False,0.0
C2K-LEG-1H1,C2K Carrier 597.0,Asia Pacific,2275.0,3.5,1100,9.9,False,0.0
C2K-LEG-2H1,C2K Carrier 815.0,Middle East,1950.0,3.0,1500,10.3,False,0.0
C2K-LEG-3H1,C2K Carrier 815.0,Middle East,2207.3,3.4,1900,10.7,False,0.0
C2K-LEG-3H2,C2K Carrier 388.0,Asia Pacific,3900.0,3.0,2100,12.2,False,0.3
C2K-LEG-2H1,C2K Carrier 609.0,Europe,1950.0,3.0,1500,10.3,False,0.0
C2K-LEG-1H1,C2K Carrier 555.0,Middle East,1950.0,3.0,1100,9.9,False,0.0
C2K-LEG-3H1,C2K Carrier 431.0,Middle East,1950.0,3.0,1900,10.7,False,0.0
C2K-LEG-2H1,C2K Carrier 815.0,Middle East,2464.6,3.8,1500,10.3,False,0.0
C2K-LEG-1H1,C2K Carrier 281.0,Asia Pacific,1950.0,3.0,1100,9.9,False,0.0
C2K-LEG-2H1,C2K Carrier 809.0,Middle East,1950.0,3.0,1500,10.3,True,0.9
C2K-LEG-3H1,C2K Carrier 411.0,Europe,1950.0,3.0,1900,10.7,True,0.0
C2K-LEG-3H1,C2K Carrier 815.0,Middle East,2207.3,3.4,1900,10.7,False,0.0
C2K-LEG-2H1,C2K Carrier 815.0,Middle East,2356.2,3.6,1500,10.3,False,0.0
C2K-LEG-3H2,C2K Carrier 349.0,Europe,4604.2,3.5,2100,12.2,False,0.0
C2K-LEG-1H1,C2K Carrier 815.0,Middle East,2329.2,3.6,1100,9.9,False,0.0
C2K-LEG-1H1,C2K Carrier 128.0,Middle East,1950.0,3.0,1100,9.9,False,0.0
C2K-LEG-3H1,C2K Carrier 128.0,Middle East,1950.0,3.0,1900,10.7,False,0.0
C2K-LEG-2H2,C2K Carrier 671.0,Asia Pacific,3900.0,3.0,1700,11.8,False,9.1
C2K-LEG-3H1,C2K Carrier 128.0,Middle East,1950.0,3.0,1900,10.7,False,5.4
C2K-LEG-1H2,C2K Carrier 398.0,Middle East,3900.0,3.0,1300,11.4,False,3.3
C2K-LEG-1H2,C2K Carrier 667.0,Middle East,3900.0,3.0,1300,11.4,False,0.0
C2K-LEG-1H1,C2K Carrier 815.0,Middle East,2464.6,3.8,1100,9.9,True,0.0
C2K-LEG-3H2,C2K Carrier 527.0,Europe,6337.5,4.9,2100,12.2,True,3.2
C2K-LEG-3H1,C2K Carrier 815.0,Middle East,1950.0,3.0,1900,10.7,False,0.0
C2K-LEG-1H2,C2K Carrier 166.0,Middle East,3900.0,3.0,1300,11.4,False,0.0
C2K-LEG-2H2,C2K Carrier 809.0,Middle East,3900.0,3.0,1700,11.8,False,0.0
C2K-LEG-3H1,C2K Carrier 256.0,Asia Pacific,1950.0,3.0,1900,10.7,False,0.0
C2K-LEG-1H2,C2K Carrier 413.0,North America,3900.0,3.0,1300,11.4,False,0.9
C2K-LEG-1H1,C2K Carrier 815.0,Middle East,3466.7,5.3,1100,9.9,False,0.0
C2K-LEG-2H1,C2K Carrier 128.0,Middle East,1950.0,3.0,1500,10.3,False,0.0
C2K-LEG-1H2,C2K Carrier 671.0,Asia Pacific,3900.0,3.0,1300,11.4,False,5.7
C2K-LEG-1H2,C2K Carrier 128.0,Middle East,4279.2,3.3,1300,11.4,False,0.0
C2K-LEG-1H1,C2K Carrier 548.0,Europe,1950.0,3.0,1100,9.9,False,1.6
C2K-LEG-3H2,C2K Carrier 236.0,Europe,4550.0,3.5,2100,12.2,True,0.0
C2K-LEG-2H1,C2K Carrier 441.0,North America,1950.0,3.0,1500,10.3,True,0.0
C2K-LEG-2H1,C2K Carrier 128.0,Middle East,1950.0,3.0,1500,10.3,False,0.0
C2K-LEG-1H2,C2K Carrier 609.0,Europe,3900.0,3.0,1300,11.4,False,0.0
C2K-LEG-3H1,C2K Carrier 700.0,North America,1950.0,3.0,1900,10.7,False,0.0
C2K-LEG-1H1,C2K Carrier 349.0,Europe,3015.3,4.6,1100,9.9,False,0.0
C2K-LEG-1H1,C2K Carrier 128.0,Middle East,1950.0,3.0,1100,9.9,False,0.0
C2K-LEG-3H1,C2K Carrier 700.0,North America,1950.0,3.0,1900,10.7,False,0.0
C2K-LEG-3H1,C2K Carrier 371.0,Asia Pacific,1950.0,3.0,1900,10.7,False,0.0
C2K-LEG-1H1,C2K Carrier 700.0,North America,1950.0,3.0,1100,9.9,False,0.0
C2K-LEG-1H1,C2K Carrier 700.0,North America,1950.0,3.0,1100,9.9,False,5.9
C2K-LEG-3H1,C2K Carrier 700.0,North America,1950.0,3.0,1900,10.7,False,0.0
C2K-LEG-1H1,C2K Carrier 815.0,Middle East,2356.2,3.6,1100,9.9,True,1.4
C2K-LEG-3H1,C2K Carrier 144.0,Middle East,1950.0,3.0,1900,10.7,True,0.6
C2K-LEG-3H1,C2K Carrier 128.0,Middle East,1950.0,3.0,1900,10.7,False,0.0
C2K-LEG-1H1,C2K Carrier 256.0,Asia Pacific,1950.0,3.0,1100,9.9,False,0.0
C2K-LEG-3H1,C2K Carrier 700.0,North America,1950.0,3.0,1900,10.7,False,4.5
C2K-LEG-1H1,C2K Carrier 485.0,Europe,3015.3,4.6,1100,9.9,False,0.0
C2K-LEG-1H1,C2K Carrier 815.0,Middle East,2437.5,3.8,1100,9.9,False,0.0
C2K-LEG-2H2,C2K Carrier 256.0,Asia Pacific,3900.0,3.0,1700,11.8,False,0.0
C2K-LEG-3H2,C2K Carrier 233.0,North America,3900.0,3.0,2100,12.2,False,0.0
C2K-LEG-1H1,C2K Carrier 700.0,North America,1950.0,3.0,1100,9.9,False,0.0
C2K-LEG-1H1,C2K Carrier 815.0,Middle East,1950.0,3.0,1100,9.9,False,0.0
C2K-LEG-1H2,C2K Carrier 809.0,Middle East,3900.0,3.0,1300,11.4,False,0.0
C2K-LEG-1H2,C2K Carrier 671.0,Asia Pacific,3900.0,3.0,1300,11.4,True,0.0
C2K-LEG-1H2,C2K Carrier 166.0,Middle East,3900.0,3.0,1300,11.4,True,4.4
C2K-LEG-3H1,C2K Carrier 485.0,Europe,1950.0,3.0,1900,10.7,False,0.0
C2K-LEG-1H2,C2K Carrier 663.0,Asia Pacific,5200.0,4.0,1300,11.4,False,0.0
C2K-LEG-3H1,C2K Carrier 128.0,Middle East,1950.0,3.0,1900,10.7,False,0.0
C2K-LEG-3H2,C2K Carrier 441.0,North America,3900.0,3.0,2100,12.2,False,1.5
C2K-LEG-1H1,C2K Carrier 476.0,Middle East,1950.0,3.0,1100,9.9,False,0.0
C2K-LEG-2H1,C2K Carrier 485.0,Europe,1950.0,3.0,1500,10.3,False,0.0
C2K-LEG-3H1,C2K Carrier 610.0,North America,1950.0,3.0,1900,10.7,False,1.9
C2K-LEG-3H2,C2K Carrier 597.0,Asia Pacific,4550.0,3.5,2100,12.2,False,0.0
C2K-LEG-2H1,C2K Carrier 128.0,Middle East,1950.0,3.0,1500,10.3,False,0.0
C2K-LEG-2H1,C2K Carrier 281.0,Asia Pacific,1950.0,3.0,1500,10.3,False,0.0
C2K-LEG-2H1,C2K Carrier 308.0,North America,1950.0,3.0,1500,10.3,True,0.0
C2K-LEG-1H2,C2K Carrier 281.0,Asia Pacific,3900.0,3.0,1300,11.4,True,0.0
C2K-LEG-1H1,C2K Carrier 128.0,Middle East,1950.0,3.0,1100,9.9,False,0.0
C2K-LEG-3H1,C2K Carrier 371.0,Asia Pacific,1950.0,3.0,1900,10.7,False,1.5
C2K-LEG-3H2,C2K Carrier 770.0,Asia Pacific,3900.0,3.0,2100,12.2,False,0.2
C2K-LEG-2H1,C2K Carrier 413.0,North America,1950.0,3.0,1500,10.3,False,0.0
C2K-LEG-1H1,C2K Carrier 128.0,Middle East,1950.0,3.0,1100,9.9,False,8.0
C2K-LEG-3H2,C2K Carrier 371.0,Asia Pacific,3900.0,3.0,2100,12.2,False,0.0
C2K-LEG-3H2,C2K Carrier 411.0,Europe,3900.0,3.0,2100,12.2,False,0.0
C2K-LEG-1H1,C2K Carrier 815.0,Middle East,2302.1,3.5,1100,9.9,False,0.0
C2K-LEG-3H1,C2K Carrier 700.0,North America,1950.0,3.0,1900,10.7,False,0.0
C2K-LEG-2H2,C2K Carrier 485.0,Europe,6283.3,4.8,1700,11.8,False,0.0
C2K-LEG-1H2,C2K Carrier 610.0,North America,3900.0,3.0,1300,11.4,True,0.1
C2K-LEG-1H1,C2K Carrier 815.0,Middle East,3493.8,5.4,1100,9.9,True,0.0
C2K-LEG-2H1,C2K Carrier 700.0,North America,1950.0,3.0,1500,10.3,False,0.0
C2K-LEG-2H2,C2K Carrier 770.0,Asia Pacific,3900.0,3.0,1700,11.8,False,0.0
C2K-LEG-3H1,C2K Carrier 815.0,Middle East,2207.3,3.4,1900,10.7,False,0.0
C2K-LEG-2H1,C2K Carrier 349.0,Europe,1950.0,3.0,1500,10.3,False,10.5
C2K-LEG-3H1,C2K Carrier 614.0,Europe,1950.0,3.0,1900,10.7,False,0.0
C2K-LEG-2H1,C2K Carrier 815.0,Middle East,1950.0,3.0,1500,10.3,False,0.0
C2K-LEG-2H2,C2K Carrier 179.0,Europe,3900.0,3.0,1700,11.8,False,0.0
C2K-LEG-3H1,C2K Carrier 456.0,Europe,1950.0,3.0,1900,10.7,False,0.1
C2K-LEG-1H2,C2K Carrier 236.0,Europe,4658.3,3.6,1300,11.4,False,0.0
C2K-LEG-2H2,C2K Carrier 128.0,Middle East,3900.0,3.0,1700,11.8,False,0.0
C2K-LEG-2H2,C2K Carrier 166.0,Middle East,3900.0,3.0,1700,11.8,True,12.5
C2K-LEG-3H1,C2K Carrier 256.0,Asia Pacific,1950.0,3.0,1900,10.7,True,0.0
C2K-LEG-2H2,C2K Carrier 411.0,Europe,3900.0,3.0,1700,11.8,False,2.9
C2K-LEG-3H1,C2K Carrier 597.0,Asia Pacific,2437.5,3.8,1900,10.7,False,0.0
C2K-LEG-1H1,C2K Carrier 555.0,Middle East,1950.0,3.0,1100,9.9,False,0.0
C2K-LEG-2H1,C2K Carrier 815.0,Middle East,2369.8,3.6,1500,10.3,False,0.0
C2K-LEG-2H2,C2K Carrier 695.0,Europe,3900.0,3.0,1700,11.8,False,0.0
C2K-LEG-3H1,C2K Carrier 144.0,Middle East,1950.0,3.0,1900,10.7,False,0.0
C2K-LEG-3H1,C2K Carrier 815.0,Middle East,2302.1,3.5,1900,10.7,False,0.0
C2K-LEG-2H2,C2K Carrier 671.0,Asia Pacific,3900.0,3.0,1700,11.8,False,0.0
C2K-LEG-2H1,C2K Carrier 128.0,Middle East,1950.0,3.0,1500,10.3,False,0.0
C2K-LEG-3H2,C2K Carrier 431.0,Middle East,3900.0,3.0,2100,12.2,False,0.0
C2K-LEG-1H2,C2K Carrier 349.0,Europe,4604.2,3.5,1300,11.4,True,0.1
C2K-LEG-3H1,C2K Carrier 485.0,Europe,1950.0,3.0,1900,10.7,True,0.0
C2K-LEG-1H1,C2K Carrier 609.0,Europe,1950.0,3.0,1100,9.9,False,1.4
C2K-LEG-3H1,C2K Carrier 128.0,Middle East,1950.0,3.0,1900,10.7,False,0.0
C2K-LEG-1H1,C2K Carrier 700.0,North America,1950.0,3.0,1100,9.9,False,0.0
C2K-LEG-2H2,C2K Carrier 441.0,North America,3900.0,3.0,1700,11.8,False,0.0
C2K-LEG-3H1,C2K Carrier 700.0,North America,1950.0,3.0,1900,10.7,False,0.0
C2K-LEG-2H1,C2K Carrier 700.0,North America,1950.0,3.0,1500,10.3,False,0.4
C2K-LEG-2H1,C2K Carrier 413.0,North America,1950.0,3.0,1500,10.3,False,2.1
C2K-LEG-2H1,C2K Carrier 815.0,Middle East,2424.0,3.7,1500,10.3,False,0.0
C2K-LEG-3H2,C2K Carrier 671.0,Asia Pacific,3900.0,3.0,2100,12.2,False,0.0
C2K-LEG-3H1,C2K Carrier 700.0,North America,1950.0,3.0,1900,10.7,False,0.0
C2K-LEG-2H2,C2K Carrier 236.0,Europe,4658.3,3.6,1700,11.8,True,0.0
C2K-LEG-2H1,C2K Carrier 700.0,North America,1950.0,3.0,1500,10.3,True,1.3
C2K-LEG-3H1,C2K Carrier 128.0,Middle East,1950.0,3.0,1900,10.7,False,0.0
C2K-LEG-2H1,C2K Carrier 700.0,North America,1950.0,3.0,1500,10.3,False,0.5
C2K-LEG-1H1,C2K Carrier 700.0,North America,1950.0,3.0,1100,9.9,False,1.6
C2K-LEG-3H2,C2K Carrier 476.0,Middle East,3900.0,3.0,2100,12.2,False,0.0
C2K-LEG-2H1,C2K Carrier 727.0,Europe,1950.0,3.0,1500,10.3,False,0.0
C2K-LEG-1H1,C2K Carrier 815.0,Middle East,3074.0,4.7,1100,9.9,False,0.0
C2K-LEG-1H1,C2K Carrier 597.0,Asia Pacific,1950.0,3.0,1100,9.9,False,0.6
C2K-LEG-3H1,C2K Carrier 815.0,Middle East,2329.2,3.6,1900,10.7,False,0.0
C2K-LEG-3H1,C2K Carrier 349.0,Europe,1950.0,3.0,1900,10.7,False,3.0
C2K-LEG-2H1,C2K Carrier 815.0,Middle East,1950.0,3.0,1500,10.3,False,6.0
C2K-LEG-3H2,C2K Carrier 667.0,Middle East,3900.0,3.0,2100,12.2,True,2.0
C2K-LEG-3H1,C2K Carrier 671.0,Asia Pacific,1950.0,3.0,1900,10.7,True,0.1
C2K-LEG-2H2,C2K Carrier 456.0,Europe,3900.0,3.0,1700,11.8,False,0.0
C2K-LEG-2H1,C2K Carrier 281.0,Asia Pacific,1950.0,3.0,1500,10.3,False,0.0
C2K-LEG-2H2,C2K Carrier 690.0,North America,3900.0,3.0,1700,11.8,False,0.0
C2K-LEG-1H1,C2K Carrier 815.0,Middle East,2356.2,3.6,1100,9.9,False,0.0
C2K-LEG-3H1,C2K Carrier 700.0,North America,1950.0,3.0,1900,10.7,False,0.0
C2K-LEG-1H1,C2K Carrier 700.0,North America,1950.0,3.0,1100,9.9,False,0.0
C2K-LEG-3H1,C2K Carrier 468.0,North America,1950.0,3.0,1900,10.7,False,0.3
C2K-LEG-2H1,C2K Carrier 671.0,Asia Pacific,1950.0,3.0,1500,10.3,False,3.2
C2K-LEG-2H1,C2K Carrier 815.0,Middle East,2329.2,3.6,1500,10.3,False,0.0
C2K-LEG-2H2,C2K Carrier 281.0,Asia Pacific,4929.2,3.8,1700,11.8,False,2.6
C2K-LEG-1H1,C2K Carrier 349.0,Europe,1950.0,3.0,1100,9.9,True,0.0
C2K-LEG-2H1,C2K Carrier 815.0,Middle East,1950.0,3.0,1500,10.3,True,16.8
C2K-LEG-2H1,C2K Carrier 579.0,North America,1950.0,3.0,1500,10.3,False,0.0
C2K-LEG-3H1,C2K Carrier 700.0,North America,1950.0,3.0,1900,10.7,False,0.0
C2K-LEG-1H1,C2K Carrier 700.0,North America,1950.0,3.0,1100,9.9,False,0.8
C2K-LEG-3H1,C2K Carrier 485.0,Europe,1950.0,3.0,1900,10.7,False,0.0
C2K-LEG-3H1,C2K Carrier 700.0,North America,1950.0,3.0,1900,10.7,False,0.0
C2K-LEG-1H2,C2K Carrier 770.0,Asia Pacific,3900.0,3.0,1300,11.4,False,0.0
C2K-LEG-1H1,C2K Carrier 815.0,Middle East,1950.0,3.0,1100,9.9,False,0.0
C2K-LEG-2H2,C2K Carrier 571.0,Europe,3900.0,3.0,1700,11.8,False,0.0
C2K-LEG-2H2,C2K Carrier 398.0,Middle East,3900.0,3.0,1700,11.8,False,0.0
C2K-LEG-2H1,C2K Carrier 233.0,North America,4378.5,6.7,1500,10.3,False,0.0
C2K-LEG-3H2,C2K Carrier 456.0,Europe,3900.0,3.0,2100,12.2,True,0.0
C2K-LEG-2H1,C2K Carrier 671.0,Asia Pacific,1950.0,3.0,1500,10.3,True,0.0
C2K-LEG-1H1,C2K Carrier 113.0,North America,1950.0,3.0,1100,9.9,False,0.0
C2K-LEG-3H2,C2K Carrier 485.0,Europe,3900.0,3.0,2100,12.2,False,0.0
C2K-LEG-3H1,C2K Carrier 128.0,Middle East,1950.0,3.0,1900,10.7,False,10.7
C2K-LEG-2H1,C2K Carrier 815.0,Middle East,2356.2,3.6,1500,10.3,False,3.1
C2K-LEG-2H1,C2K Carrier 815.0,Middle East,2302.1,3.5,1500,10.3,False,0.0
C2K-LEG-2H1,C2K Carrier 349.0,Europe,1950.0,3.0,1500,10.3,False,5.9
C2K-LEG-2H1,C2K Carrier 671.0,Asia Pacific,1950.0,3.0,1500,10.3,False,2.0
C2K-LEG-2H1,C2K Carrier 671.0,Asia Pacific,1950.0,3.0,1500,10.3,False,0.0
C2K-LEG-1H1,C2K Carrier 690.0,North America,1950.0,3.0,1100,9.9,False,1.2
C2K-LEG-2H2,C2K Carrier 456.0,Europe,3900.0,3.0,1700,11.8,False,0.0
C2K-LEG-2H1,C2K Carrier 431.0,Middle East,1950.0,3.0,1500,10.3,True,0.0
C2K-LEG-1H2,C2K Carrier 671.0,Asia Pacific,3900.0,3.0,1300,11.4,True,0.0
C2K-LEG-3H2,C2K Carrier 228.0,Europe,4604.2,3.5,2100,12.2,False,0.0
C2K-LEG-2H1,C2K Carrier 700.0,North America,1950.0,3.0,1500,10.3,False,0.0
C2K-LEG-3H1,C2K Carrier 815.0,Middle East,2329.2,3.6,1900,10.7,False,0.0
C2K-LEG-3H1,C2K Carrier 700.0,North America,1950.0,3.0,1900,10.7,False,0.0
C2K-LEG-2H2,C2K Carrier 441.0,North America,3900.0,3.0,1700,11.8,False,52.0
C2K-LEG-3H2,C2K Carrier 441.0,North America,3900.0,3.0,2100,12.2,False,0.2
C2K-LEG-3H2,C2K Carrier 456.0,Europe,3900.0,3.0,2100,12.2,False,0.0
C2K-LEG-2H2,C2K Carrier 413.0,North America,3900.0,3.0,1700,11.8,False,0.0
C2K-LEG-3H1,C2K Carrier 113.0,North America,1950.0,3.0,1900,10.7,False,0.0
C2K-LEG-2H1,C2K Carrier 815.0,Middle East,2464.6,3.8,1500,10.3,False,0.0
C2K-LEG-1H1,C2K Carrier 815.0,Middle East,2329.2,3.6,1100,9.9,True,0.0
C2K-LEG-1H2,C2K Carrier 671.0,Asia Pacific,3900.0,3.0,1300,11.4,True,0.0
C2K-LEG-2H2,C2K Carrier 770.0,Asia Pacific,3900.0,3.0,1700,11.8,False,0.0
C2K-LEG-1H1,C2K Carrier 700.0,North America,1950.0,3.0,1100,9.9,False,0.0
C2K-LEG-3H2,C2K Carrier 815.0,Middle East,3900.0,3.0,2100,12.2,False,0.0
C2K-LEG-3H1,C2K Carrier 456.0,Europe,1950.0,3.0,1900,10.7,False,0.0
C2K-LEG-1H1,C2K Carrier 815.0,Middle East,2329.2,3.6,1100,9.9,False,0.0
C2K-LEG-1H1,C2K Carrier 128.0,Middle East,1950.0,3.0,1100,9.9,False,0.0
C2K-LEG-2H1,C2K Carrier 411.0,Europe,1950.0,3.0,1500,10.3,False,0.0
C2K-LEG-2H1,C2K Carrier 815.0,Middle East,2410.4,3.7,1500,10.3,False,0.0
C2K-LEG-2H1,C2K Carrier 815.0,Middle East,1950.0,3.0,1500,10.3,False,0.0
C2K-LEG-2H1,C2K Carrier 308.0,North America,1950.0,3.0,1500,10.3,False,0.0
C2K-LEG-2H2,C2K Carrier 800.0,Middle East,3900.0,3.0,1700,11.8,True,0.0
C2K-LEG-1H1,C2K Carrier 700.0,North America,1950.0,3.0,1100,9.9,True,0.0
C2K-LEG-3H2,C2K Carrier 281.0,Asia Pacific,3900.0,3.0,2100,12.2,False,0.0
C2K-LEG-1H1,C2K Carrier 128.0,Middle East,1950.0,3.0,1100,9.9,False,4.5
C2K-LEG-1H2,C2K Carrier 798.0,Asia Pacific,3900.0,3.0,1300,11.4,False,7.0
C2K-LEG-1H2,C2K Carrier 476.0,Middle East,3900.0,3.0,1300,11.4,False,6.8
C2K-LEG-2H1,C2K Carrier 134.0,North America,1950.0,3.0,1500,10.3,False,0.0
C2K-LEG-2H2,C2K Carrier 216.0,North America,3900.0,3.0,1700,11.8,False,3.8
C2K-LEG-1H1,C2K Carrier 815.0,Middle East,3466.7,5.3,1100,9.9,False,0.0
C2K-LEG-2H1,C2K Carrier 815.0,Middle East,2329.2,3.6,1500,10.3,False,0.0
C2K-LEG-3H1,C2K Carrier 815.0,Middle East,2329.2,3.6,1900,10.7,False,0.0
C2K-LEG-2H2,C2K Carrier 299.0,North America,3900.0,3.0,1700,11.8,False,0.0
C2K-LEG-2H2,C2K Carrier 413.0,North America,3900.0,3.0,1700,11.8,True,0.0
C2K-LEG-1H2,C2K Carrier 671.0,Asia Pacific,3900.0,3.0,1300,11.4,True,0.0
C2K-LEG-3H1,C2K Carrier 815.0,Middle East,2329.2,3.6,1900,10.7,False,0.0
C2K-LEG-3H1,C2K Carrier 128.0,Middle East,1950.0,3.0,1900,10.7,False,0.0
C2K-LEG-1H1,C2K Carrier 815.0,Middle East,2424.0,3.7,1100,9.9,False,5.5
C2K-LEG-3H1,C2K Carrier 700.0,North America,1950.0,3.0,1900,10.7,False,0.0
C2K-LEG-2H1,C2K Carrier 770.0,Asia Pacific,1950.0,3.0,1500,10.3,False,0.0
C2K-LEG-1H2,C2K Carrier 236.0,Europe,4658.3,3.6,1300,11.4,False,0.0
C2K-LEG-3H1,C2K Carrier 349.0,Europe,1950.0,3.0,1900,10.7,False,10.4
C2K-LEG-1H2,C2K Carrier 609.0,Europe,3900.0,3.0,1300,11.4,False,0.0
C2K-LEG-1H1,C2K Carrier 700.0,North America,1950.0,3.0,1100,9.9,False,0.0
C2K-LEG-2H2,C2K Carrier 671.0,Asia Pacific,3900.0,3.0,1700,11.8,False,4.7
C2K-LEG-1H2,C2K Carrier 233.0,North America,3900.0,3.0,1300,11.4,True,0.0
C2K-LEG-2H2,C2K Carrier 233.0,North America,3900.0,3.0,1700,11.8,True,0.0
C2K-LEG-1H1,C2K Carrier 349.0,Europe,1950.0,3.0,1100,9.9,False,0.7
C2K-LEG-3H1,C2K Carrier 700.0,North America,1950.0,3.0,1900,10.7,False,0.0
C2K-LEG-3H2,C2K Carrier 671.0,Asia Pacific,3900.0,3.0,2100,12.2,False,11.5
C2K-LEG-3H1,C2K Carrier 815.0,Middle East,2302.1,3.5,1900,10.7,False,0.0
C2K-LEG-2H2,C2K Carrier 153.0,Asia Pacific,3900.0,3.0,1700,11.8,False,0.1
C2K-LEG-3H2,C2K Carrier 476.0,Middle East,5470.8,4.2,2100,12.2,False,0.0
C2K-LEG-3H1,C2K Carrier 281.0,Asia Pacific,1950.0,3.0,1900,10.7,False,0.0
C2K-LEG-1H2,C2K Carrier 174.0,Asia Pacific,3900.0,3.0,1300,11.4,False,0.0
C2K-LEG-3H1,C2K Carrier 609.0,Europe,1950.0,3.0,1900,10.7,False,0.2
C2K-LEG-1H1,C2K Carrier 815.0,Middle East,2302.1,3.5,1100,9.9,False,2.7
C2K-LEG-1H1,C2K Carrier 128.0,Middle East,1950.0,3.0,1100,9.9,True,0.0
C2K-LEG-3H2,C2K Carrier 238.0,North America,3900.0,3.0,2100,12.2,True,0.1
C2K-LEG-2H2,C2K Carrier 783.0,Europe,4414.6,3.4,1700,11.8,False,0.0
C2K-LEG-3H1,C2K Carrier 700.0,North America,1950.0,3.0,1900,10.7,False,0.0
C2K-LEG-3H1,C2K Carrier 700.0,North America,1950.0,3.0,1900,10.7,False,5.4
C2K-LEG-2H1,C2K Carrier 281.0,Asia Pacific,1950.0,3.0,1500,10.3,False,0.0
C2K-LEG-3H1,C2K Carrier 206.0,Middle East,1950.0,3.0,1900,10.7,False,3.0
C2K-LEG-1H1,C2K Carrier 128.0,Middle East,1950.0,3.0,1100,9.9,False,0.0
C2K-LEG-2H2,C2K Carrier 485.0,Europe,6283.3,4.8,1700,11.8,False,0.0
C2K-LEG-3H2,C2K Carrier 128.0,Middle East,4387.5,3.4,2100,12.2,False,0.0
C2K-LEG-1H1,C2K Carrier 700.0,North America,1950.0,3.0,1100,9.9,False,0.0
C2K-LEG-1H2,C2K Carrier 671.0,Asia Pacific,3900.0,3.0,1300,11.4,False,0.0
C2K-LEG-3H1,C2K Carrier 128.0,Middle East,1950.0,3.0,1900,10.7,True,0.0
C2K-LEG-2H1,C2K Carrier 356.0,Middle East,1950.0,3.0,1500,10.3,True,0.0
C2K-LEG-3H1,C2K Carrier 610.0,North America,1950.0,3.0,1900,10.7,False,0.0
C2K-LEG-2H1,C2K Carrier 700.0,North America,1950.0,3.0,1500,10.3,False,0.0
C2K-LEG-2H1,C2K Carrier 308.0,North America,1950.0,3.0,1500,10.3,False,0.0
C2K-LEG-1H1,C2K Carrier 815.0,Middle East,2112.5,3.2,1100,9.9,False,0.0
C2K-LEG-1H1,C2K Carrier 815.0,Middle East,2870.8,4.4,1100,9.9,False,0.0
C2K-LEG-2H2,C2K Carrier 299.0,North America,6933.3,5.3,1700,11.8,False,0.0
C2K-LEG-1H2,C2K Carrier 527.0,Europe,6012.5,4.6,1300,11.4,False,0.0
C2K-LEG-1H2,C2K Carrier 456.0,Europe,3900.0,3.0,1300,11.4,False,0.0
C2K-LEG-3H1,C2K Carrier 815.0,Middle East,2437.5,3.8,1900,10.7,False,0.0
C2K-LEG-2H2,C2K Carrier 413.0,North America,3900.0,3.0,1700,11.8,False,0.0
C2K-LEG-1H1,C2K Carrier 671.0,Asia Pacific,1950.0,3.0,1100,9.9,True,1.2
C2K-LEG-2H2,C2K Carrier 349.0,Europe,3900.0,3.0,1700,11.8,True,0.3
C2K-LEG-2H1,C2K Carrier 281.0,Asia Pacific,1950.0,3.0,1500,10.3,False,0.0
C2K-LEG-3H1,C2K Carrier 815.0,Middle East,3493.8,5.4,1900,10.7,False,0.0
C2K-LEG-3H1,C2K Carrier 700.0,North America,1950.0,3.0,1900,10.7,False,16.2
C2K-LEG-3H1,C2K Carrier 349.0,Europe,1950.0,3.0,1900,10.7,False,4.3
C2K-LEG-3H1,C2K Carrier 281.0,Asia Pacific,1950.0,3.0,1900,10.7,False,0.0
C2K-LEG-2H1,C2K Carrier 128.0,Middle East,1950.0,3.0,1500,10.3,False,0.0
C2K-LEG-3H2,C2K Carrier 485.0,Europe,4279.2,3.3,2100,12.2,False,0.0
C2K-LEG-2H2,C2K Carrier 809.0,Middle East,3900.0,3.0,1700,11.8,False,0.0
C2K-LEG-3H2,C2K Carrier 815.0,Middle East,5145.8,4.0,2100,12.2,False,0.2
C2K-LEG-2H2,C2K Carrier 597.0,Asia Pacific,3900.0,3.0,1700,11.8,False,1.0
C2K-LEG-1H2,C2K Carrier 485.0,Europe,6283.3,4.8,1300,11.4,True,6.3
C2K-LEG-3H1,C2K Carrier 815.0,Middle East,2369.8,3.6,1900,10.7,True,0.0
C2K-LEG-2H1,C2K Carrier 349.0,Europe,1950.0,3.0,1500,10.3,False,0.3
C2K-LEG-2H1,C2K Carrier 815.0,Middle East,2329.2,3.6,1500,10.3,False,56.5
C2K-LEG-2H1,C2K Carrier 815.0,Middle East,2568.4,4.0,1500,10.3,False,0.0
C2K-LEG-3H1,C2K Carrier 485.0,Europe,1950.0,3.0,1900,10.7,False,0.0
C2K-LEG-3H2,C2K Carrier 671.0,Asia Pacific,3900.0,3.0,2100,12.2,False,0.0
C2K-LEG-2H2,C2K Carrier 281.0,Asia Pacific,3900.0,3.0,1700,11.8,False,0.0
C2K-LEG-3H1,C2K Carrier 815.0,Middle East,2369.8,3.6,1900,10.7,False,17.7
C2K-LEG-1H1,C2K Carrier 815.0,Middle East,2329.2,3.6,1100,9.9,False,4.5
C2K-LEG-2H2,C2K Carrier 441.0,North America,5470.8,4.2,1700,11.8,False,12.5
C2K-LEG-2H2,C2K Carrier 789.0,Asia Pacific,3900.0,3.0,1700,11.8,False,0.0
C2K-LEG-2H2,C2K Carrier 299.0,North America,3900.0,3.0,1700,11.8,True,0.0
C2K-LEG-3H1,C2K Carrier 700.0,North America,1950.0,3.0,1900,10.7,True,0.0
C2K-LEG-1H2,C2K Carrier 153.0,Asia Pacific,3900.0,3.0,1300,11.4,False,0.0
C2K-LEG-2H1,C2K Carrier 815.0,Middle East,2329.2,3.6,1500,10.3,False,3.3
C2K-LEG-2H1,C2K Carrier 815.0,Middle East,2302.1,3.5,1500,10.3,False,0.0
C2K-LEG-3H1,C2K Carrier 815.0,Middle East,2329.2,3.6,1900,10.7,False,0.2
C2K-LEG-3H1,C2K Carrier 256.0,Asia Pacific,1950.0,3.0,1900,10.7,False,0.0
C2K-LEG-1H1,C2K Carrier 256.0,Asia Pacific,1950.0,3.0,1100,9.9,False,0.0
C2K-LEG-1H1,C2K Carrier 815.0,Middle East,2369.8,3.6,1100,9.9,False,0.0
C2K-LEG-3H1,C2K Carrier 700.0,North America,1950.0,3.0,1900,10.7,False,0.0
C2K-LEG-3H1,C2K Carrier 134.0,North America,1950.0,3.0,1900,10.7,False,0.0
C2K-LEG-2H1,C2K Carrier 431.0,Middle East,1950.0,3.0,1500,10.3,False,0.0
C2K-LEG-1H1,C2K Carrier 700.0,North America,1950.0,3.0,1100,9.9,True,0.0
C2K-LEG-2H1,C2K Carrier 628.0,Middle East,1950.0,3.0,1500,10.3,True,3.2
C2K-LEG-3H1,C2K Carrier 485.0,Europe,3015.3,4.6,1900,10.7,False,0.0
C2K-LEG-3H1,C2K Carrier 671.0,Asia Pacific,1950.0,3.0,1900,10.7,False,1.0
C2K-LEG-2H2,C2K Carrier 700.0,North America,3900.0,3.0,1700,11.8,False,0.0
C2K-LEG-2H2,C2K Carrier 413.0,North America,3900.0,3.0,1700,11.8,False,0.0
C2K-LEG-2H1,C2K Carrier 700.0,North America,1950.0,3.0,1500,10.3,False,0.0
C2K-LEG-1H2,C2K Carrier 667.0,Middle East,3900.0,3.0,1300,11.4,False,0.0
C2K-LEG-1H1,C2K Carrier 815.0,Middle East,3466.7,5.3,1100,9.9,False,0.0
C2K-LEG-3H1,C2K Carrier 571.0,Europe,3015.3,4.6,1900,10.7,False,0.0
C2K-LEG-3H1,C2K Carrier 727.0,Europe,1950.0,3.0,1900,10.7,False,0.0
C2K-LEG-2H2,C2K Carrier 456.0,Europe,3900.0,3.0,1700,11.8,False,0.1
C2K-LEG-3H1,C2K Carrier 815.0,Middle East,3466.7,5.3,1900,10.7,True,0.0
C2K-LEG-3H1,C2K Carrier 113.0,North America,1950.0,3.0,1900,10.7,True,0.0
C2K-LEG-2H1,C2K Carrier 815.0,Middle East,2329.2,3.6,1500,10.3,False,0.0
C2K-LEG-1H1,C2K Carrier 201.0,Asia Pacific,1950.0,3.0,1100,9.9,False,0.9
C2K-LEG-3H1,C2K Carrier 815.0,Middle East,2464.6,3.8,1900,10.7,False,0.0
C2K-LEG-1H1,C2K Carrier 815.0,Middle East,2329.2,3.6,1100,9.9,False,0.0
C2K-LEG-3H1,C2K Carrier 671.0,Asia Pacific,1950.0,3.0,1900,10.7,False,0.0
C2K-LEG-3H1,C2K Carrier 815.0,Middle East,2329.2,3.6,1900,10.7,False,0.0
C2K-LEG-1H1,C2K Carrier 671.0,Asia Pacific,1950.0,3.0,1100,9.9,False,0.4
C2K-LEG-1H1,C2K Carrier 308.0,North America,1950.0,3.0,1100,9.9,False,0.0
C2K-LEG-2H1,C2K Carrier 411.0,Europe,1950.0,3.0,1500,10.3,False,3.0
C2K-LEG-2H1,C2K Carrier 815.0,Middle East,2302.1,3.5,1500,10.3,False,0.0
C2K-LEG-2H2,C2K Carrier 770.0,Asia Pacific,3900.0,3.0,1700,11.8,True,0.0
C2K-LEG-3H2,C2K Carrier 349.0,Europe,6283.3,4.8,2100,12.2,True,26.0
C2K-LEG-1H1,C2K Carrier 700.0,North America,1950.0,3.0,1100,9.9,False,0.0
C2K-LEG-3H2,C2K Carrier 233.0,North America,3900.0,3.0,2100,12.2,False,0.0
C2K-LEG-3H2,C2K Carrier 609.0,Europe,3900.0,3.0,2100,12.2,False,0.0
C2K-LEG-2H2,C2K Carrier 700.0,North America,3900.0,3.0,1700,11.8,False,2.7
C2K-LEG-1H1,C2K Carrier 101.0,North America,1950.0,3.0,1100,9.9,False,0.0
C2K-LEG-2H2,C2K Carrier 815.0,Middle East,3900.0,3.0,1700,11.8,False,0.0
C2K-LEG-1H1,C2K Carrier 815.0,Middle East,2302.1,3.5,1100,9.9,False,0.0
C2K-LEG-3H2,C2K Carrier 770.0,Asia Pacific,3900.0,3.0,2100,12.2,False,3.4
C2K-LEG-3H2,C2K Carrier 166.0,Middle East,3900.0,3.0,2100,12.2,False,0.0
C2K-LEG-3H1,C2K Carrier 349.0,Europe,1950.0,3.0,1900,10.7,False,0.7
C2K-LEG-3H1,C2K Carrier 815.0,Middle East,2369.8,3.6,1900,10.7,True,0.0
C2K-LEG-3H1,C2K Carrier 815.0,Middle East,2329.2,3.6,1900,10.7,True,0.0
C2K-LEG-1H2,C2K Carrier 783.0,Europe,3900.0,3.0,1300,11.4,False,6.3
C2K-LEG-3H2,C2K Carrier 490.0,Middle East,3900.0,3.0,2100,12.2,False,0.0
C2K-LEG-3H1,C2K Carrier 815.0,Middle East,2329.2,3.6,1900,10.7,False,0.0
C2K-LEG-2H2,C2K Carrier 233.0,North America,3900.0,3.0,1700,11.8,False,19.8
C2K-LEG-2H2,C2K Carrier 398.0,Middle East,3900.0,3.0,1700,11.8,False,0.0
C2K-LEG-3H1,C2K Carrier 815.0,Middle East,1950.0,3.0,1900,10.7,False,0.0
C2K-LEG-1H2,C2K Carrier 609.0,Europe,3900.0,3.0,1300,11.4,False,0.0
C2K-LEG-3H1,C2K Carrier 128.0,Middle East,1950.0,3.0,1900,10.7,False,9.9
C2K-LEG-2H2,C2K Carrier 485.0,Europe,6283.3,4.8,1700,11.8,False,0.0
C2K-LEG-3H1,C2K Carrier 476.0,Middle East,1950.0,3.0,1900,10.7,False,0.0
C2K-LEG-2H2,C2K Carrier 485.0,Europe,3900.0,3.0,1700,11.8,True,0.0
C2K-LEG-2H1,C2K Carrier 815.0,Middle East,2329.2,3.6,1500,10.3,True,0.0
C2K-LEG-2H1,C2K Carrier 815.0,Middle East,4173.1,6.4,1500,10.3,False,0.0
C2K-LEG-3H2,C2K Carrier 671.0,Asia Pacific,3900.0,3.0,2100,12.2,False,0.0
C2K-LEG-1H2,C2K Carrier 206.0,Middle East,3900.0,3.0,1300,11.4,False,0.0
C2K-LEG-2H2,C2K Carrier 371.0,Asia Pacific,3900.0,3.0,1700,11.8,False,0.0
C2K-LEG-3H1,C2K Carrier 815.0,Middle East,2329.2,3.6,1900,10.7,False,0.6
C2K-LEG-2H1,C2K Carrier 349.0,Europe,1950.0,3.0,1500,10.3,False,2.0
C2K-LEG-2H2,C2K Carrier 787.0,Middle East,3900.0,3.0,1700,11.8,False,0.0
C2K-LEG-2H1,C2K Carrier 349.0,Europe,1950.0,3.0,1500,10.3,False,0.0
C2K-LEG-2H1,C2K Carrier 128.0,Middle East,1950.0,3.0,1500,10.3,False,0.0
C2K-LEG-3H1,C2K Carrier 695.0,Europe,1950.0,3.0,1900,10.7,False,0.0
C2K-LEG-2H1,C2K Carrier 698.0,North America,1950.0,3.0,1500,10.3,True,0.9
C2K-LEG-1H1,C2K Carrier 700.0,North America,1950.0,3.0,1100,9.9,True,0.0
C2K-LEG-1H2,C2K Carrier 349.0,Europe,4550.0,3.5,1300,11.4,False,0.0
C2K-LEG-1H2,C2K Carrier 413.0,North America,3900.0,3.0,1300,11.4,False,0.0
C2K-LEG-2H2,C2K Carrier 281.0,Asia Pacific,3900.0,3.0,1700,11.8,False,0.9
C2K-LEG-3H2,C2K Carrier 649.0,Middle East,4658.3,3.6,2100,12.2,False,0.0
C2K-LEG-3H1,C2K Carrier 555.0,Middle East,1950.0,3.0,1900,10.7,False,0.0
C2K-LEG-3H2,C2K Carrier 597.0,Asia Pacific,3900.0,3.0,2100,12.2,False,0.0
C2K-LEG-2H1,C2K Carrier 671.0,Asia Pacific,1950.0,3.0,1500,10.3,False,0.9
C2K-LEG-1H1,C2K Carrier 128.0,Middle East,1950.0,3.0,1100,9.9,False,0.0
C2K-LEG-1H2,C2K Carrier 411.0,Europe,3900.0,3.0,1300,11.4,False,0.0
C2K-LEG-3H1,C2K Carrier 456.0,Europe,1950.0,3.0,1900,10.7,False,0.0
C2K-LEG-3H2,C2K Carrier 727.0,Europe,3900.0,3.0,2100,12.2,True,0.4
C2K-LEG-3H1,C2K Carrier 597.0,Asia Pacific,1950.0,3.0,1900,10.7,True,0.0
C2K-LEG-3H1,C2K Carrier 349.0,Europe,1950.0,3.0,1900,10.7,False,0.0
C2K-LEG-2H1,C2K Carrier 441.0,North America,2527.8,3.9,1500,10.3,False,0.0
C2K-LEG-1H1,C2K Carrier 700.0,North America,1950.0,3.0,1100,9.9,False,0.0
C2K-LEG-1H1,C2K Carrier 441.0,North America,1950.0,3.0,1100,9.9,False,5.7
C2K-LEG-1H1,C2K Carrier 700.0,North America,1950.0,3.0,1100,9.9,False,0.0
C2K-LEG-1H2,C2K Carrier 166.0,Middle East,3900.0,3.0,1300,11.4,False,0.0
C2K-LEG-2H2,C2K Carrier 441.0,North America,3900.0,3.0,1700,11.8,False,2.3
C2K-LEG-1H1,C2K Carrier 609.0,Europe,1950.0,3.0,1100,9.9,False,0.1
C2K-LEG-1H1,C2K Carrier 815.0,Middle East,3466.7,5.3,1100,9.9,False,0.0
C2K-LEG-2H1,C2K Carrier 349.0,Europe,1950.0,3.0,1500,10.3,False,0.0
C2K-LEG-1H1,C2K Carrier 308.0,North America,1950.0,3.0,1100,9.9,True,0.0
C2K-LEG-3H2,C2K Carrier 236.0,Europe,4550.0,3.5,2100,12.2,True,0.0
C2K-LEG-3H1,C2K Carrier 815.0,Middle East,2600.0,4.0,1900,10.7,False,0.0
C2K-LEG-2H1,C2K Carrier 128.0,Middle East,1950.0,3.0,1500,10.3,False,0.0
C2K-LEG-2H2,C2K Carrier 798.0,Asia Pacific,3900.0,3.0,1700,11.8,False,0.0
C2K-LEG-1H2,C2K Carrier 166.0,Middle East,3900.0,3.0,1300,11.4,False,0.0
C2K-LEG-2H1,C2K Carrier 815.0,Middle East,2776.0,4.3,1500,10.3,False,0.0
C2K-LEG-3H1,C2K Carrier 140.0,Asia Pacific,1950.0,3.0,1900,10.7,False,0.0
C2K-LEG-2H1,C2K Carrier 281.0,Asia Pacific,1950.0,3.0,1500,10.3,False,0.0
C2K-LEG-3H3,C2K Carrier 663.0,Asia Pacific,6987.5,3.6,2300,13.7,False,11.0
C2K-LEG-3H2,C2K Carrier 527.0,Europe,6283.3,4.8,2100,12.2,False,0.0
C2K-LEG-3H1,C2K Carrier 485.0,Europe,3015.3,4.6,1900,10.7,False,0.0
C2K-LEG-3H2,C2K Carrier 371.0,Asia Pacific,3900.0,3.0,2100,12.2,True,0.0
C2K-LEG-2H1,C2K Carrier 700.0,North America,1950.0,3.0,1500,10.3,True,0.0
C2K-LEG-2H1,C2K Carrier 128.0,Middle East,1950.0,3.0,1500,10.3,False,0.0
C2K-LEG-1H1,C2K Carrier 113.0,North America,1950.0,3.0,1100,9.9,False,0.0
C2K-LEG-1H2,C2K Carrier 431.0,Middle East,3900.0,3.0,1300,11.4,False,1.6
C2K-LEG-1H1,C2K Carrier 815.0,Middle East,2329.2,3.6,1100,9.9,False,0.0
C2K-LEG-2H1,C2K Carrier 555.0,Middle East,1950.0,3.0,1500,10.3,False,0.0
C2K-LEG-3H1,C2K Carrier 671.0,Asia Pacific,1950.0,3.0,1900,10.7,False,0.0
C2K-LEG-1H1,C2K Carrier 128.0,Middle East,1950.0,3.0,1100,9.9,False,0.0
C2K-LEG-1H1,C2K Carrier 815.0,Middle East,2329.2,3.6,1100,9.9,False,0.0
C2K-LEG-1H1,C2K Carrier 700.0,North America,1950.0,3.0,1100,9.9,False,0.0
C2K-LEG-1H1,C2K Carrier 128.0,Middle East,1950.0,3.0,1100,9.9,False,0.0
C2K-LEG-3H1,C2K Carrier 476.0,Middle East,1950.0,3.0,1900,10.7,True,2.0
C2K-LEG-1H2,C2K Carrier 671.0,Asia Pacific,3900.0,3.0,1300,11.4,True,0.0
C2K-LEG-1H2,C2K Carrier 216.0,North America,3900.0,3.0,1300,11.4,False,0.0
C2K-LEG-1H1,C2K Carrier 700.0,North America,1950.0,3.0,1100,9.9,False,0.0
C2K-LEG-2H1,C2K Carrier 349.0,Europe,1950.0,3.0,1500,10.3,False,3.5
C2K-LEG-1H1,C2K Carrier 286.0,Middle East,1950.0,3.0,1100,9.9,False,0.0
C2K-LEG-2H1,C2K Carrier 128.0,Middle East,1950.0,3.0,1500,10.3,False,0.0
C2K-LEG-2H2,C2K Carrier 299.0,North America,3900.0,3.0,1700,11.8,False,0.4
C2K-LEG-2H1,C2K Carrier 468.0,North America,1950.0,3.0,1500,10.3,False,0.7
C2K-LEG-2H1,C2K Carrier 476.0,Middle East,1950.0,3.0,1500,10.3,False,0.0
C2K-LEG-3H1,C2K Carrier 815.0,Middle East,2356.2,3.6,1900,10.7,False,0.0
C2K-LEG-2H2,C2K Carrier 413.0,North America,3900.0,3.0,1700,11.8,False,16.2
C2K-LEG-2H1,C2K Carrier 700.0,North America,1950.0,3.0,1500,10.3,True,0.0
C2K-LEG-2H2,C2K Carrier 411.0,Europe,3900.0,3.0,1700,11.8,True,1.6
C2K-LEG-3H1,C2K Carrier 610.0,North America,1950.0,3.0,1900,10.7,False,1.3
C2K-LEG-1H1,C2K Carrier 341.0,Europe,1950.0,3.0,1100,9.9,False,1.7
C2K-LEG-3H1,C2K Carrier 700.0,North America,1950.0,3.0,1900,10.7,False,0.0
C2K-LEG-3H1,C2K Carrier 233.0,North America,1950.0,3.0,1900,10.7,False,0.0
C2K-LEG-1H1,C2K Carrier 349.0,Europe,1950.0,3.0,1100,9.9,False,0.4
C2K-LEG-3H1,C2K Carrier 128.0,Middle East,1950.0,3.0,1900,10.7,False,0.0
C2K-LEG-3H1,C2K Carrier 243.0,North America,2437.5,3.8,1900,10.7,False,0.0
C2K-LEG-3H2,C2K Carrier 371.0,Asia Pacific,3900.0,3.0,2100,12.2,False,0.4
C2K-LEG-1H1,C2K Carrier 815.0,Middle East,2329.2,3.6,1100,9.9,False,0.0
C2K-LEG-2H1,C2K Carrier 349.0,Europe,1950.0,3.0,1500,10.3,False,0.0
C2K-LEG-3H2,C2K Carrier 206.0,Middle East,3900.0,3.0,2100,12.2,True,0.0
C2K-LEG-2H1,C2K Carrier 341.0,Europe,1950.0,3.0,1500,10.3,True,1.3
C2K-LEG-2H2,C2K Carrier 476.0,Middle East,4279.2,3.3,1700,11.8,False,0.0
C2K-LEG-2H1,C2K Carrier 256.0,Asia Pacific,1950.0,3.0,1500,10.3,False,0.0
C2K-LEG-1H2,C2K Carrier 361.0,Asia Pacific,3900.0,3.0,1300,11.4,False,1.3
C2K-LEG-1H2,C2K Carrier 815.0,Middle East,3900.0,3.0,1300,11.4,False,0.0
C2K-LEG-1H2,C2K Carrier 815.0,Middle East,3900.0,3.0,1300,11.4,False,9.1
C2K-LEG-1H2,C2K Carrier 257.0,Middle East,3900.0,3.0,1300,11.4,False,0.0
C2K-LEG-1H1,C2K Carrier 815.0,Middle East,2302.1,3.5,1100,9.9,False,4.0
C2K-LEG-2H1,C2K Carrier 671.0,Asia Pacific,1950.0,3.0,1500,10.3,False,0.2
C2K-LEG-3H1,C2K Carrier 815.0,Middle East,2437.5,3.8,1900,10.7,False,0.0
C2K-LEG-1H2,C2K Carrier 527.0,Europe,6337.5,4.9,1300,11.4,False,0.0
C2K-LEG-3H2,C2K Carrier 809.0,Middle East,3900.0,3.0,2100,12.2,True,52.7
C2K-LEG-3H1,C2K Carrier 281.0,Asia Pacific,1950.0,3.0,1900,10.7,True,0.0
C2K-LEG-2H2,C2K Carrier 128.0,Middle East,4279.2,3.3,1700,11.8,False,0.0
C2K-LEG-2H1,C2K Carrier 128.0,Middle East,1950.0,3.0,1500,10.3,False,0.0
C2K-LEG-2H1,C2K Carrier 206.0,Middle East,1950.0,3.0,1500,10.3,False,0.0
C2K-LEG-2H2,C2K Carrier 597.0,Asia Pacific,3900.0,3.0,1700,11.8,False,0.0
C2K-LEG-1H2,C2K Carrier 281.0,Asia Pacific,3900.0,3.0,1300,11.4,False,0.0
C2K-LEG-1H2,C2K Carrier 610.0,North America,3900.0,3.0,1300,11.4,False,0.0
C2K-LEG-3H1,C2K Carrier 128.0,Middle East,1950.0,3.0,1900,10.7,False,0.0
C2K-LEG-1H1,C2K Carrier 798.0,Asia Pacific,1950.0,3.0,1100,9.9,False,0.0
C2K-LEG-1H2,C2K Carrier 153.0,Asia Pacific,3900.0,3.0,1300,11.4,False,0.0
C2K-LEG-1H2,C2K Carrier 441.0,North America,3900.0,3.0,1300,11.4,False,0.1
C2K-LEG-3H2,C2K Carrier 256.0,Asia Pacific,3900.0,3.0,2100,12.2,True,1.4
C2K-LEG-3H1,C2K Carrier 671.0,Asia Pacific,1950.0,3.0,1900,10.7,True,0.0
C2K-LEG-2H1,C2K Carrier 700.0,North America,1950.0,3.0,1500,10.3,False,0.0
C2K-LEG-2H1,C2K Carrier 700.0,North America,1950.0,3.0,1500,10.3,False,0.0
C2K-LEG-2H1,C2K Carrier 485.0,Europe,1950.0,3.0,1500,10.3,False,0.0
C2K-LEG-3H1,C2K Carrier 700.0,North America,1950.0,3.0,1900,10.7,False,0.0
C2K-LEG-2H2,C2K Carrier 524.0,North America,3900.0,3.0,1700,11.8,False,0.0
C2K-LEG-2H1,C2K Carrier 555.0,Middle East,1950.0,3.0,1500,10.3,False,2.9
C2K-LEG-3H1,C2K Carrier 448.0,North America,1950.0,3.0,1900,10.7,False,1.3
C2K-LEG-1H1,C2K Carrier 134.0,North America,1950.0,3.0,1100,9.9,False,0.0
C2K-LEG-1H1,C2K Carrier 700.0,North America,1950.0,3.0,1100,9.9,False,0.0
C2K-LEG-1H1,C2K Carrier 700.0,North America,1950.0,3.0,1100,9.9,False,0.2
C2K-LEG-2H2,C2K Carrier 485.0,Europe,4929.2,3.8,1700,11.8,True,0.0
C2K-LEG-3H2,C2K Carrier 431.0,Middle East,3900.0,3.0,2100,12.2,True,0.0
C2K-LEG-3H1,C2K Carrier 671.0,Asia Pacific,1950.0,3.0,1900,10.7,False,0.0
C2K-LEG-1H2,C2K Carrier 236.0,Europe,4658.3,3.6,1300,11.4,False,0.0
C2K-LEG-3H1,C2K Carrier 485.0,Europe,3015.3,4.6,1900,10.7,False,1.0
C2K-LEG-3H1,C2K Carrier 308.0,North America,1950.0,3.0,1900,10.7,False,0.0
C2K-LEG-1H1,C2K Carrier 233.0,North America,1950.0,3.0,1100,9.9,False,0.0
C2K-LEG-2H2,C2K Carrier 128.0,Middle East,3900.0,3.0,1700,11.8,False,3.1
C2K-LEG-1H2,C2K Carrier 388.0,Asia Pacific,3900.0,3.0,1300,11.4,False,0.0
C2K-LEG-1H1,C2K Carrier 128.0,Middle East,1950.0,3.0,1100,9.9,False,0.0
C2K-LEG-2H1,C2K Carrier 597.0,Asia Pacific,1950.0,3.0,1500,10.3,False,0.0
C2K-LEG-3H2,C2K Carrier 783.0,Europe,3900.0,3.0,2100,12.2,False,3.3
C2K-LEG-1H2,C2K Carrier 166.0,Middle East,3900.0,3.0,1300,11.4,True,0.2
C2K-LEG-3H2,C2K Carrier 228.0,Europe,4604.2,3.5,2100,12.2,True,0.0
C2K-LEG-3H1,C2K Carrier 700.0,North America,1950.0,3.0,1900,10.7,False,0.0
C2K-LEG-2H1,C2K Carrier 609.0,Europe,1950.0,3.0,1500,10.3,False,0.0
C2K-LEG-2H2,C2K Carrier 236.0,Europe,4550.0,3.5,1700,11.8,False,0.0
C2K-LEG-3H2,C2K Carrier 456.0,Europe,3900.0,3.0,2100,12.2,False,0.0
C2K-LEG-3H2,C2K Carrier 485.0,Europe,3900.0,3.0,2100,12.2,False,0.0
C2K-LEG-3H1,C2K Carrier 456.0,Europe,1950.0,3.0,1900,10.7,False,0.0
C2K-LEG-3H1,C2K Carrier 456.0,Europe,1950.0,3.0,1900,10.7,False,0.0
C2K-LEG-1H2,C2K Carrier 256.0,Asia Pacific,3900.0,3.0,1300,11.4,False,0.0
C2K-LEG-1H2,C2K Carrier 398.0,Middle East,3900.0,3.0,1300,11.4,False,0.0
C2K-LEG-3H1,C2K Carrier 555.0,Middle East,1950.0,3.0,1900,10.7,False,0.0
C2K-LEG-2H1,C2K Carrier 128.0,Middle East,1950.0,3.0,1500,10.3,True,0.0
C2K-LEG-1H1,C2K Carrier 700.0,North America,1950.0,3.0,1100,9.9,True,0.6
C2K-LEG-2H1,C2K Carrier 597.0,Asia Pacific,1950.0,3.0,1500,10.3,False,1.1
C2K-LEG-3H2,C2K Carrier 238.0,North America,3900.0,3.0,2100,12.2,False,0.2
C2K-LEG-2H2,C2K Carrier 671.0,Asia Pacific,3900.0,3.0,1700,11.8,False,0.8
C2K-LEG-3H1,C2K Carrier 128.0,Middle East,1950.0,3.0,1900,10.7,False,0.0
C2K-LEG-2H2,C2K Carrier 228.0,Europe,4604.2,3.5,1700,11.8,False,0.0
C2K-LEG-1H2,C2K Carrier 403.0,North America,3900.0,3.0,1300,11.4,False,0.0
C2K-LEG-3H1,C2K Carrier 341.0,Europe,1950.0,3.0,1900,10.7,False,1.0
C2K-LEG-1H2,C2K Carrier 456.0,Europe,3900.0,3.0,1300,11.4,False,0.0
C2K-LEG-3H1,C2K Carrier 128.0,Middle East,1950.0,3.0,1900,10.7,False,0.0
C2K-LEG-2H2,C2K Carrier 456.0,Europe,3900.0,3.0,1700,11.8,False,0.0
C2K-LEG-2H1,C2K Carrier 441.0,North America,1950.0,3.0,1500,10.3,True,0.0
C2K-LEG-2H1,C2K Carrier 524.0,North America,1950.0,3.0,1500,10.3,True,0.0
C2K-LEG-3H1,C2K Carrier 485.0,Europe,1950.0,3.0,1900,10.7,False,0.0
C2K-LEG-1H2,C2K Carrier 524.0,North America,3900.0,3.0,1300,11.4,False,0.0
C2K-LEG-1H1,C2K Carrier 256.0,Asia Pacific,3015.3,4.6,1100,9.9,False,0.0
C2K-LEG-1H1,C2K Carrier 609.0,Europe,1950.0,3.0,1100,9.9,False,0.0
C2K-LEG-3H1,C2K Carrier 700.0,North America,1950.0,3.0,1900,10.7,False,0.0
C2K-LEG-3H1,C2K Carrier 476.0,Middle East,1950.0,3.0,1900,10.7,False,0.0
C2K-LEG-3H2,C2K Carrier 166.0,Middle East,3900.0,3.0,2100,12.2,False,0.0
C2K-LEG-3H1,C2K Carrier 281.0,Asia Pacific,1950.0,3.0,1900,10.7,False,0.0
C2K-LEG-2H1,C2K Carrier 700.0,North America,1950.0,3.0,1500,10.3,False,0.0
C2K-LEG-1H1,C2K Carrier 256.0,Asia Pacific,1950.0,3.0,1100,9.9,False,0.0
C2K-LEG-2H1,C2K Carrier 281.0,Asia Pacific,1950.0,3.0,1500,10.3,True,0.0
C2K-LEG-2H2,C2K Carrier 556.0,Asia Pacific,3900.0,3.0,1700,11.8,True,0.0
C2K-LEG-3H1,C2K Carrier 128.0,Middle East,1950.0,3.0,1900,10.7,False,0.0
C2K-LEG-3H2,C2K Carrier 555.0,Middle East,4414.6,3.4,2100,12.2,False,0.0
C2K-LEG-3H1,C2K Carrier 778.0,North America,1950.0,3.0,1900,10.7,False,0.0
C2K-LEG-3H2,C2K Carrier 281.0,Asia Pacific,3900.0,3.0,2100,12.2,False,0.0
C2K-LEG-3H2,C2K Carrier 609.0,Europe,3900.0,3.0,2100,12.2,False,0.0
C2K-LEG-1H2,C2K Carrier 597.0,Asia Pacific,3900.0,3.0,1300,11.4,False,4.2
C2K-LEG-2H1,C2K Carrier 308.0,North America,1950.0,3.0,1500,10.3,False,0.0
C2K-LEG-3H2,C2K Carrier 256.0,Asia Pacific,5200.0,4.0,2100,12.2,False,0.0
C2K-LEG-2H1,C2K Carrier 256.0,Asia Pacific,1950.0,3.0,1500,10.3,False,0.0
C2K-LEG-1H1,C2K Carrier 128.0,Middle East,1950.0,3.0,1100,9.9,False,0.0
C2K-LEG-3H2,C2K Carrier 431.0,Middle East,3900.0,3.0,2100,12.2,True,9.3
C2K-LEG-1H1,C2K Carrier 140.0,Asia Pacific,1950.0,3.0,1100,9.9,True,0.0
C2K-LEG-3H2,C2K Carrier 413.0,North America,3900.0,3.0,2100,12.2,False,0.0
C2K-LEG-1H1,C2K Carrier 128.0,Middle East,1950.0,3.0,1100,9.9,False,0.0
C2K-LEG-2H1,C2K Carrier 128.0,Middle East,1950.0,3.0,1500,10.3,False,0.0
C2K-LEG-2H2,C2K Carrier 456.0,Europe,3900.0,3.0,1700,11.8,False,0.0
C2K-LEG-3H2,C2K Carrier 527.0,Europe,6012.5,4.6,2100,12.2,False,0.0
C2K-LEG-2H1,C2K Carrier 128.0,Middle East,1950.0,3.0,1500,10.3,False,2.7
C2K-LEG-1H1,C2K Carrier 485.0,Europe,1950.0,3.0,1100,9.9,False,0.0
C2K-LEG-2H2,C2K Carrier 281.0,Asia Pacific,3900.0,3.0,1700,11.8,False,8.0
C2K-LEG-1H2,C2K Carrier 128.0,Middle East,3900.0,3.0,1300,11.4,False,4.1
C2K-LEG-3H2,C2K Carrier 349.0,Europe,3900.0,3.0,2100,12.2,False,0.9
C2K-LEG-2H1,C2K Carrier 700.0,North America,1950.0,3.0,1500,10.3,True,0.0
C2K-LEG-3H2,C2K Carrier 349.0,Europe,3900.0,3.0,2100,12.2,True,22.6
C2K-LEG-1H2,C2K Carrier 413.0,North America,3900.0,3.0,1300,11.4,False,0.0
C2K-LEG-1H2,C2K Carrier 671.0,Asia Pacific,3900.0,3.0,1300,11.4,False,1.4
C2K-LEG-2H2,C2K Carrier 349.0,Europe,6283.3,4.8,1700,11.8,False,25.1
C2K-LEG-1H2,C2K Carrier 128.0,Middle East,3900.0,3.0,1300,11.4,False,0.0
C2K-LEG-3H2,C2K Carrier 228.0,Europe,4604.2,3.5,2100,12.2,False,0.0
C2K-LEG-1H2,C2K Carrier 286.0,Middle East,3900.0,3.0,1300,11.4,False,0.0
C2K-LEG-2H2,C2K Carrier 166.0,Middle East,3900.0,3.0,1700,11.8,False,7.4
C2K-LEG-2H2,C2K Carrier 667.0,Middle East,3900.0,3.0,1700,11.8,False,1.2
C2K-LEG-3H1,C2K Carrier 700.0,North America,1950.0,3.0,1900,10.7,False,0.0
C2K-LEG-2H1,C2K Carrier 233.0,North America,1950.0,3.0,1500,10.3,False,14.5
C2K-LEG-3H2,C2K Carrier 349.0,Europe,4604.2,3.5,2100,12.2,True,0.0
C2K-LEG-1H1,C2K Carrier 597.0,Asia Pacific,1950.0,3.0,1100,9.9,True,0.0
C2K-LEG-1H2,C2K Carrier 727.0,Europe,3900.0,3.0,1300,11.4,False,0.0
C2K-LEG-1H2,C2K Carrier 411.0,Europe,3900.0,3.0,1300,11.4,False,1.5
C2K-LEG-1H1,C2K Carrier 371.0,Asia Pacific,1950.0,3.0,1100,9.9,False,0.0
C2K-LEG-3H1,C2K Carrier 308.0,North America,1950.0,3.0,1900,10.7,False,0.0
C2K-LEG-1H2,C2K Carrier 144.0,Middle East,3900.0,3.0,1300,11.4,False,0.0
C2K-LEG-3H2,C2K Carrier 727.0,Europe,3900.0,3.0,2100,12.2,False,2.5
C2K-LEG-2H1,C2K Carrier 700.0,North America,1950.0,3.0,1500,10.3,False,0.0
C2K-LEG-1H2,C2K Carrier 134.0,North America,3900.0,3.0,1300,11.4,False,1.4
C2K-LEG-1H1,C2K Carrier 700.0,North America,1950.0,3.0,1100,9.9,False,0.0
C2K-LEG-1H2,C2K Carrier 485.0,Europe,3900.0,3.0,1300,11.4,False,5.7
C2K-LEG-3H2,C2K Carrier 238.0,North America,3900.0,3.0,2100,12.2,True,0.1
C2K-LEG-3H2,C2K Carrier 671.0,Asia Pacific,3900.0,3.0,2100,12.2,True,0.2
C2K-LEG-1H1,C2K Carrier 485.0,Europe,1950.0,3.0,1100,9.9,False,1.8
C2K-LEG-1H1,C2K Carrier 371.0,Asia Pacific,1950.0,3.0,1100,9.9,False,2.5
C2K-LEG-2H2,C2K Carrier 413.0,North America,3900.0,3.0,1700,11.8,False,0.0
C2K-LEG-1H1,C2K Carrier 403.0,North America,1950.0,3.0,1100,9.9,False,0.0
C2K-LEG-1H2,C2K Carrier 671.0,Asia Pacific,3900.0,3.0,1300,11.4,False,0.0
C2K-LEG-1H2,C2K Carrier 411.0,Europe,3900.0,3.0,1300,11.4,False,0.2
C2K-LEG-1H1,C2K Carrier 555.0,Middle East,1950.0,3.0,1100,9.9,False,0.0
C2K-LEG-2H1,C2K Carrier 671.0,Asia Pacific,1950.0,3.0,1500,10.3,False,0.0
C2K-LEG-2H1,C2K Carrier 700.0,North America,1950.0,3.0,1500,10.3,False,0.0
C2K-LEG-2H2,C2K Carrier 128.0,Middle East,3900.0,3.0,1700,11.8,False,0.0
C2K-LEG-1H2,C2K Carrier 485.0,Europe,3900.0,3.0,1300,11.4,True,0.0
C2K-LEG-3H2,C2K Carrier 256.0,Asia Pacific,3900.0,3.0,2100,12.2,True,0.0
C2K-LEG-1H1,C2K Carrier 128.0,Middle East,1950.0,3.0,1100,9.9,False,0.0
C2K-LEG-3H2,C2K Carrier 700.0,North America,3900.0,3.0,2100,12.2,False,20.8
C2K-LEG-2H1,C2K Carrier 485.0,Europe,2708.3,4.2,1500,10.3,False,0.0
C2K-LEG-1H1,C2K Carrier 609.0,Europe,1950.0,3.0,1100,9.9,False,17.7
C2K-LEG-1H1,C2K Carrier 128.0,Middle East,1950.0,3.0,1100,9.9,False,0.0
C2K-LEG-1H1,C2K Carrier 134.0,North America,1950.0,3.0,1100,9.9,False,0.0
C2K-LEG-2H2,C2K Carrier 671.0,Asia Pacific,3900.0,3.0,1700,11.8,False,0.0
C2K-LEG-1H2,C2K Carrier 727.0,Europe,3900.0,3.0,1300,11.4,False,22.8
C2K-LEG-1H1,C2K Carrier 144.0,Middle East,3788.5,5.8,1100,9.9,False,0.0
C2K-LEG-2H1,C2K Carrier 700.0,North America,1950.0,3.0,1500,10.3,False,1.1
C2K-LEG-3H2,C2K Carrier 671.0,Asia Pacific,3900.0,3.0,2100,12.2,True,0.0
C2K-LEG-3H1,C2K Carrier 485.0,Europe,1950.0,3.0,1900,10.7,True,0.0
C2K-LEG-2H2,C2K Carrier 233.0,North America,3900.0,3.0,1700,11.8,False,0.0
C2K-LEG-1H1,C2K Carrier 700.0,North America,1950.0,3.0,1100,9.9,False,0.0
C2K-LEG-3H2,C2K Carrier 671.0,Asia Pacific,3900.0,3.0,2100,12.2,False,0.0
C2K-LEG-3H1,C2K Carrier 128.0,Middle East,1950.0,3.0,1900,10.7,False,0.0
C2K-LEG-3H2,C2K Carrier 166.0,Middle East,3900.0,3.0,2100,12.2,False,0.0
C2K-LEG-2H1,C2K Carrier 485.0,Europe,1950.0,3.0,1500,10.3,False,0.0
C2K-LEG-2H1,C2K Carrier 700.0,North America,1950.0,3.0,1500,10.3,False,0.5
C2K-LEG-2H1,C2K Carrier 671.0,Asia Pacific,1950.0,3.0,1500,10.3,False,1.3
C2K-LEG-2H1,C2K Carrier 128.0,Middle East,1950.0,3.0,1500,10.3,False,0.0
C2K-LEG-1H1,C2K Carrier 609.0,Europe,1950.0,3.0,1100,9.9,False,0.0
C2K-LEG-1H3,C2K Carrier 800.0,Middle East,5850.0,3.0,1500,12.9,True,0.0
C2K-LEG-1H1,C2K Carrier 456.0,Europe,1950.0,3.0,1100,9.9,True,3.8
C2K-LEG-2H2,C2K Carrier 527.0,Europe,3900.0,3.0,1700,11.8,False,0.2
C2K-LEG-2H2,C2K Carrier 128.0,Middle East,4712.5,3.6,1700,11.8,False,0.0
C2K-LEG-1H1,C2K Carrier 349.0,Europe,3015.3,4.6,1100,9.9,False,0.0
C2K-LEG-2H1,C2K Carrier 476.0,Middle East,1950.0,3.0,1500,10.3,False,0.0
C2K-LEG-3H1,C2K Carrier 700.0,North America,1950.0,3.0,1900,10.7,False,8.9
C2K-LEG-1H1,C2K Carrier 349.0,Europe,1950.0,3.0,1100,9.9,False,0.9
C2K-LEG-2H1,C2K Carrier 476.0,Middle East,1950.0,3.0,1500,10.3,False,0.0
C2K-LEG-3H2,C2K Carrier 243.0,North America,4604.2,3.5,2100,12.2,False,0.0
C2K-LEG-2H2,C2K Carrier 281.0,Asia Pacific,3900.0,3.0,1700,11.8,False,0.0
C2K-LEG-1H1,C2K Carrier 281.0,Asia Pacific,1950.0,3.0,1100,9.9,False,0.0
C2K-LEG-3H2,C2K Carrier 113.0,North America,3900.0,3.0,2100,12.2,True,0.5
C2K-LEG-2H1,C2K Carrier 456.0,Europe,1950.0,3.0,1500,10.3,True,0.0
C2K-LEG-2H1,C2K Carrier 281.0,Asia Pacific,1950.0,3.0,1500,10.3,False,0.0
C2K-LEG-1H1,C2K Carrier 308.0,North America,1950.0,3.0,1100,9.9,False,0.1
C2K-LEG-3H1,C2K Carrier 349.0,Europe,1950.0,3.0,1900,10.7,False,0.0
C2K-LEG-2H1,C2K Carrier 349.0,Europe,1950.0,3.0,1500,10.3,False,0.0
C2K-LEG-3H2,C2K Carrier 128.0,Middle East,3900.0,3.0,2100,12.2,False,0.0
C2K-LEG-2H1,C2K Carrier 128.0,Middle East,1950.0,3.0,1500,10.3,False,0.0
C2K-LEG-2H2,C2K Carrier 576.0,Europe,6066.7,4.7,1700,11.8,False,4.1
C2K-LEG-1H1,C2K Carrier 485.0,Europe,1950.0,3.0,1100,9.9,False,0.0
C2K-LEG-3H1,C2K Carrier 128.0,Middle East,1950.0,3.0,1900,10.7,False,0.6
C2K-LEG-3H1,C2K Carrier 671.0,Asia Pacific,1950.0,3.0,1900,10.7,False,0.0
C2K-LEG-3H2,C2K Carrier 411.0,Europe,3900.0,3.0,2100,12.2,True,0.0
C2K-LEG-3H2,C2K Carrier 113.0,North America,3900.0,3.0,2100,12.2,True,0.0
C2K-LEG-2H1,C2K Carrier 349.0,Europe,1950.0,3.0,1500,10.3,False,0.0
C2K-LEG-3H1,C2K Carrier 134.0,North America,1950.0,3.0,1900,10.7,False,0.0
C2K-LEG-2H2,C2K Carrier 256.0,Asia Pacific,4604.2,3.5,1700,11.8,False,0.0
C2K-LEG-2H2,C2K Carrier 789.0,Asia Pacific,3900.0,3.0,1700,11.8,False,0.0
C2K-LEG-3H1,C2K Carrier 128.0,Middle East,1950.0,3.0,1900,10.7,False,0.0
C2K-LEG-2H1,C2K Carrier 671.0,Asia Pacific,1950.0,3.0,1500,10.3,False,1.2
C2K-LEG-3H2,C2K Carrier 326.0,North America,3900.0,3.0,2100,12.2,False,0.3
C2K-LEG-3H1,C2K Carrier 349.0,Europe,3015.3,4.6,1900,10.7,False,0.0
C2K-LEG-1H1,C2K Carrier 134.0,North America,1950.0,3.0,1100,9.9,False,0.0
C2K-LEG-2H1,C2K Carrier 609.0,Europe,1950.0,3.0,1500,10.3,False,0.2
C2K-LEG-2H2,C2K Carrier 798.0,Asia Pacific,3900.0,3.0,1700,11.8,True,0.0
C2K-LEG-3H1,C2K Carrier 128.0,Middle East,1950.0,3.0,1900,10.7,True,0.0
C2K-LEG-3H2,C2K Carrier 262.0,Middle East,3900.0,3.0,2100,12.2,False,0.3
C2K-LEG-3H1,C2K Carrier 256.0,Asia Pacific,1950.0,3.0,1900,10.7,False,0.0
C2K-LEG-2H2,C2K Carrier 610.0,North America,3900.0,3.0,1700,11.8,False,0.0
C2K-LEG-1H1,C2K Carrier 700.0,North America,1950.0,3.0,1100,9.9,False,0.0
C2K-LEG-3H1,C2K Carrier 128.0,Middle East,1950.0,3.0,1900,10.7,False,0.0
C2K-LEG-1H1,C2K Carrier 256.0,Asia Pacific,1950.0,3.0,1100,9.9,False,1.8
C2K-LEG-2H1,C2K Carrier 700.0,North America,1950.0,3.0,1500,10.3,False,4.9
C2K-LEG-3H1,C2K Carrier 349.0,Europe,1950.0,3.0,1900,10.7,False,0.6
C2K-LEG-1H1,C2K Carrier 485.0,Europe,1950.0,3.0,1100,9.9,False,0.0
C2K-LEG-2H1,C2K Carrier 174.0,Asia Pacific,1950.0,3.0,1500,10.3,False,0.0
C2K-LEG-2H1,C2K Carrier 308.0,North America,1950.0,3.0,1500,10.3,True,0.0
C2K-LEG-1H3,C2K Carrier 166.0,Middle East,5850.0,3.0,1500,12.9,True,1.7
C2K-LEG-3H2,C2K Carrier 555.0,Middle East,4685.4,3.6,2100,12.2,False,0.0
C2K-LEG-1H1,C2K Carrier 700.0,North America,1950.0,3.0,1100,9.9,False,0.0
C2K-LEG-3H2,C2K Carrier 485.0,Europe,3900.0,3.0,2100,12.2,False,0.0
C2K-LEG-2H2,C2K Carrier 441.0,North America,3900.0,3.0,1700,11.8,False,0.0
C2K-LEG-1H2,C2K Carrier 356.0,Middle East,3900.0,3.0,1300,11.4,False,0.4
C2K-LEG-1H2,C2K Carrier 571.0,Europe,3900.0,3.0,1300,11.4,False,4.7
C2K-LEG-3H2,C2K Carrier 809.0,Middle East,3900.0,3.0,2100,12.2,False,17.1
C2K-LEG-1H2,C2K Carrier 485.0,Europe,3900.0,3.0,1300,11.4,False,0.0
C2K-LEG-1H1,C2K Carrier 349.0,Europe,1950.0,3.0,1100,9.9,False,0.0
C2K-LEG-3H1,C2K Carrier 700.0,North America,1950.0,3.0,1900,10.7,False,0.4
C2K-LEG-3H1,C2K Carrier 371.0,Asia Pacific,1950.0,3.0,1900,10.7,True,2.7
C2K-LEG-3H1,C2K Carrier 403.0,North America,1950.0,3.0,1900,10.7,True,0.0
C2K-LEG-3H1,C2K Carrier 128.0,Middle East,1950.0,3.0,1900,10.7,False,0.0
C2K-LEG-3H2,C2K Carrier 299.0,North America,3900.0,3.0,2100,12.2,False,0.0
C2K-LEG-1H1,C2K Carrier 700.0,North America,1950.0,3.0,1100,9.9,False,0.0
C2K-LEG-1H1,C2K Carrier 485.0,Europe,1950.0,3.0,1100,9.9,False,0.0
C2K-LEG-1H1,C2K Carrier 281.0,Asia Pacific,1950.0,3.0,1100,9.9,False,15.0
C2K-LEG-1H1,C2K Carrier 256.0,Asia Pacific,1950.0,3.0,1100,9.9,False,0.0
C2K-LEG-2H1,C2K Carrier 579.0,North America,1950.0,3.0,1500,10.3,False,0.0
C2K-LEG-3H2,C2K Carrier 610.0,North America,3900.0,3.0,2100,12.2,False,0.0
C2K-LEG-3H1,C2K Carrier 128.0,Middle East,1950.0,3.0,1900,10.7,False,0.0
C2K-LEG-1H2,C2K Carrier 597.0,Asia Pacific,4658.3,3.6,1300,11.4,False,0.2
C2K-LEG-2H1,C2K Carrier 700.0,North America,1950.0,3.0,1500,10.3,True,0.2
C2K-LEG-3H1,C2K Carrier 809.0,Middle East,1950.0,3.0,1900,10.7,True,0.0
C2K-LEG-1H1,C2K Carrier 700.0,North America,1950.0,3.0,1100,9.9,False,0.0
C2K-LEG-1H2,C2K Carrier 233.0,North America,3900.0,3.0,1300,11.4,False,0.0
C2K-LEG-1H1,C2K Carrier 468.0,North America,1950.0,3.0,1100,9.9,False,1.1
C2K-LEG-2H1,C2K Carrier 727.0,Europe,1950.0,3.0,1500,10.3,False,0.0
C2K-LEG-3H2,C2K Carrier 527.0,Europe,6337.5,4.9,2100,12.2,False,3.4
C2K-LEG-3H1,C2K Carrier 700.0,North America,1950.0,3.0,1900,10.7,False,11.5
C2K-LEG-1H2,C2K Carrier 411.0,Europe,3900.0,3.0,1300,11.4,False,28.9
C2K-LEG-1H1,C2K Carrier 281.0,Asia Pacific,1950.0,3.0,1100,9.9,False,0.0
C2K-LEG-2H2,C2K Carrier 485.0,Europe,6283.3,4.8,1700,11.8,False,0.0
C2K-LEG-3H2,C2K Carrier 441.0,North America,3900.0,3.0,2100,12.2,False,1.2
C2K-LEG-1H2,C2K Carrier 233.0,North America,3900.0,3.0,1300,11.4,True,0.0
C2K-LEG-2H2,C2K Carrier 485.0,Europe,4929.2,3.8,1700,11.8,True,0.0
C2K-LEG-3H1,C2K Carrier 671.0,Asia Pacific,1950.0,3.0,1900,10.7,False,0.0
C2K-LEG-2H1,C2K Carrier 128.0,Middle East,1950.0,3.0,1500,10.3,False,0.0
C2K-LEG-3H2,C2K Carrier 778.0,North America,3900.0,3.0,2100,12.2,False,0.0
C2K-LEG-1H1,C2K Carrier 128.0,Middle East,1950.0,3.0,1100,9.9,False,0.0
C2K-LEG-1H2,C2K Carrier 349.0,Europe,6337.5,4.9,1300,11.4,False,4.0
C2K-LEG-1H1,C2K Carrier 561.0,Middle East,1950.0,3.0,1100,9.9,False,0.0
C2K-LEG-1H2,C2K Carrier 349.0,Europe,3900.0,3.0,1300,11.4,False,0.0
C2K-LEG-3H2,C2K Carrier 166.0,Middle East,3900.0,3.0,2100,12.2,False,5.0
C2K-LEG-2H2,C2K Carrier 216.0,North America,3900.0,3.0,1700,11.8,False,0.3
C2K-LEG-1H1,C2K Carrier 485.0,Europe,1950.0,3.0,1100,9.9,False,0.0
C2K-LEG-3H1,C2K Carrier 441.0,North America,1950.0,3.0,1900,10.7,True,2.7
C2K-LEG-1H1,C2K Carrier 187.0,Europe,1950.0,3.0,1100,9.9,True,0.1
C2K-LEG-3H1,C2K Carrier 128.0,Middle East,1950.0,3.0,1900,10.7,False,0.0
C2K-LEG-3H2,C2K Carrier 371.0,Asia Pacific,3900.0,3.0,2100,12.2,False,2.0
C2K-LEG-3H1,C2K Carrier 700.0,North America,1950.0,3.0,1900,10.7,False,0.4
C2K-LEG-1H1,C2K Carrier 431.0,Middle East,1950.0,3.0,1100,9.9,False,0.0
C2K-LEG-3H2,C2K Carrier 610.0,North America,3900.0,3.0,2100,12.2,False,0.0
C2K-LEG-2H2,C2K Carrier 597.0,Asia Pacific,5200.0,4.0,1700,11.8,False,0.0
C2K-LEG-1H2,C2K Carrier 556.0,Asia Pacific,3900.0,3.0,1300,11.4,False,0.0
C2K-LEG-2H2,C2K Carrier 671.0,Asia Pacific,3900.0,3.0,1700,11.8,False,2.9
C2K-LEG-2H2,C2K Carrier 341.0,Europe,3900.0,3.0,1700,11.8,False,0.6
C2K-LEG-1H1,C2K Carrier 128.0,Middle East,1950.0,3.0,1100,9.9,False,0.0
C2K-LEG-1H2,C2K Carrier 349.0,Europe,3900.0,3.0,1300,11.4,True,0.4
C2K-LEG-1H1,C2K Carrier 609.0,Europe,1950.0,3.0,1100,9.9,True,0.6
C2K-LEG-3H1,C2K Carrier 349.0,Europe,1950.0,3.0,1900,10.7,False,0.0
C2K-LEG-1H2,C2K Carrier 610.0,North America,3900.0,3.0,1300,11.4,False,0.0
C2K-LEG-3H1,C2K Carrier 128.0,Middle East,1950.0,3.0,1900,10.7,False,0.0
C2K-LEG-3H1,C2K Carrier 555.0,Middle East,1950.0,3.0,1900,10.7,False,0.0
C2K-LEG-3H2,C2K Carrier 671.0,Asia Pacific,3900.0,3.0,2100,12.2,False,0.0
C2K-LEG-3H2,C2K Carrier 456.0,Europe,3900.0,3.0,2100,12.2,False,0.0
C2K-LEG-1H1,C2K Carrier 609.0,Europe,1950.0,3.0,1100,9.9,False,0.0
C2K-LEG-3H1,C2K Carrier 671.0,Asia Pacific,1950.0,3.0,1900,10.7,False,0.0
C2K-LEG-1H2,C2K Carrier 166.0,Middle East,3900.0,3.0,1300,11.4,False,0.5
C2K-LEG-3H2,C2K Carrier 727.0,Europe,3900.0,3.0,2100,12.2,False,7.2
C2K-LEG-1H2,C2K Carrier 456.0,Europe,3900.0,3.0,1300,11.4,True,0.0
C2K-LEG-2H1,C2K Carrier 555.0,Middle East,1950.0,3.0,1500,10.3,True,0.0
C2K-LEG-2H2,C2K Carrier 233.0,North America,3900.0,3.0,1700,11.8,False,0.0
C2K-LEG-1H2,C2K Carrier 456.0,Europe,3900.0,3.0,1300,11.4,False,0.0
C2K-LEG-1H1,C2K Carrier 233.0,North America,1950.0,3.0,1100,9.9,False,0.0
C2K-LEG-1H1,C2K Carrier 700.0,North America,1950.0,3.0,1100,9.9,False,0.0
C2K-LEG-3H2,C2K Carrier 610.0,North America,3900.0,3.0,2100,12.2,False,0.0
C2K-LEG-3H1,C2K Carrier 468.0,North America,1950.0,3.0,1900,10.7,False,0.9
C2K-LEG-2H1,C2K Carrier 476.0,Middle East,1950.0,3.0,1500,10.3,False,0.0
C2K-LEG-1H1,C2K Carrier 468.0,North America,1950.0,3.0,1100,9.9,False,0.3
C2K-LEG-1H1,C2K Carrier 485.0,Europe,1950.0,3.0,1100,9.9,False,0.0
C2K-LEG-1H1,C2K Carrier 128.0,Middle East,1950.0,3.0,1100,9.9,False,0.0
C2K-LEG-1H1,C2K Carrier 700.0,North America,1950.0,3.0,1100,9.9,True,0.0
C2K-LEG-2H1,C2K Carrier 700.0,North America,1950.0,3.0,1500,10.3,True,14.4
C2K-LEG-3H2,C2K Carrier 456.0,Europe,3900.0,3.0,2100,12.2,False,0.8
C2K-LEG-3H2,C2K Carrier 413.0,North America,3900.0,3.0,2100,12.2,False,0.0
C2K-LEG-1H1,C2K Carrier 413.0,North America,1950.0,3.0,1100,9.9,False,0.0
C2K-LEG-1H2,C2K Carrier 485.0,Europe,6229.2,4.8,1300,11.4,False,0.0
C2K-LEG-2H1,C2K Carrier 341.0,Europe,1950.0,3.0,1500,10.3,False,0.5
C2K-LEG-3H1,C2K Carrier 281.0,Asia Pacific,1950.0,3.0,1900,10.7,False,0.0
C2K-LEG-1H2,C2K Carrier 411.0,Europe,3900.0,3.0,1300,11.4,False,1.0
C2K-LEG-2H1,C2K Carrier 128.0,Middle East,1950.0,3.0,1500,10.3,False,1.0
C2K-LEG-1H1,C2K Carrier 700.0,North America,1950.0,3.0,1100,9.9,False,0.0
C2K-LEG-2H1,C2K Carrier 243.0,North America,1950.0,3.0,1500,10.3,False,0.0
C2K-LEG-3H1,C2K Carrier 281.0,Asia Pacific,1950.0,3.0,1900,10.7,True,0.0
C2K-LEG-2H1,C2K Carrier 700.0,North America,1950.0,3.0,1500,10.3,True,0.0
C2K-LEG-2H1,C2K Carrier 113.0,North America,1950.0,3.0,1500,10.3,False,0.0
C2K-LEG-3H1,C2K Carrier 377.0,Europe,2329.2,3.6,1900,10.7,False,0.0
C2K-LEG-3H2,C2K Carrier 727.0,Europe,3900.0,3.0,2100,12.2,False,0.0
C2K-LEG-2H1,C2K Carrier 128.0,Middle East,1950.0,3.0,1500,10.3,False,0.0
C2K-LEG-2H2,C2K Carrier 349.0,Europe,3900.0,3.0,1700,11.8,False,0.0
C2K-LEG-3H3,C2K Carrier 398.0,Middle East,5850.0,3.0,2300,13.7,False,0.0
C2K-LEG-2H1,C2K Carrier 308.0,North America,1950.0,3.0,1500,10.3,False,0.0
C2K-LEG-2H2,C2K Carrier 800.0,Middle East,3900.0,3.0,1700,11.8,False,0.0
C2K-LEG-1H1,C2K Carrier 555.0,Middle East,1950.0,3.0,1100,9.9,False,0.0
C2K-LEG-3H1,C2K Carrier 555.0,Middle East,1950.0,3.0,1900,10.7,False,0.0
C2K-LEG-3H1,C2K Carrier 485.0,Europe,3015.3,4.6,1900,10.7,True,0.0
C2K-LEG-3H2,C2K Carrier 485.0,Europe,3900.0,3.0,2100,12.2,True,10.5
C2K-LEG-3H1,C2K Carrier 700.0,North America,1950.0,3.0,1900,10.7,False,0.0
C2K-LEG-1H1,C2K Carrier 610.0,North America,1950.0,3.0,1100,9.9,False,3.9
C2K-LEG-2H2,C2K Carrier 403.0,North America,3900.0,3.0,1700,11.8,False,0.0
C2K-LEG-2H2,C2K Carrier 411.0,Europe,3900.0,3.0,1700,11.8,False,0.0
C2K-LEG-2H2,C2K Carrier 349.0,Europe,6283.3,4.8,1700,11.8,False,0.0
C2K-LEG-2H2,C2K Carrier 476.0,Middle East,3900.0,3.0,1700,11.8,False,0.0
C2K-LEG-2H1,C2K Carrier 349.0,Europe,1950.0,3.0,1500,10.3,False,0.0
C2K-LEG-3H1,C2K Carrier 349.0,Europe,1950.0,3.0,1900,10.7,False,0.0
C2K-LEG-3H1,C2K Carrier 700.0,North America,1950.0,3.0,1900,10.7,False,0.0
C2K-LEG-1H1,C2K Carrier 441.0,North America,1950.0,3.0,1100,9.9,False,0.0
C2K-LEG-2H1,C2K Carrier 700.0,North America,1950.0,3.0,1500,10.3,True,0.0
C2K-LEG-3H2,C2K Carrier 809.0,Middle East,6283.3,4.8,2100,12.2,True,0.0
C2K-LEG-2H1,C2K Carrier 128.0,Middle East,1950.0,3.0,1500,10.3,False,0.0
C2K-LEG-2H1,C2K Carrier 134.0,North America,1950.0,3.0,1500,10.3,False,0.0
C2K-LEG-3H1,C2K Carrier 349.0,Europe,1950.0,3.0,1900,10.7,False,0.4
C2K-LEG-1H2,C2K Carrier 441.0,North America,3900.0,3.0,1300,11.4,False,0.0
C2K-LEG-2H2,C2K Carrier 628.0,Middle East,3900.0,3.0,1700,11.8,False,0.0
C2K-LEG-1H1,C2K Carrier 281.0,Asia Pacific,1950.0,3.0,1100,9.9,False,0.0
C2K-LEG-1H1,C2K Carrier 308.0,North America,1950.0,3.0,1100,9.9,False,0.0
C2K-LEG-3H1,C2K Carrier 548.0,Europe,1950.0,3.0,1900,10.7,False,0.0
C2K-LEG-2H1,C2K Carrier 700.0,North America,1950.0,3.0,1500,10.3,False,30.6
C2K-LEG-1H2,C2K Carrier 320.0,North America,3900.0,3.0,1300,11.4,False,0.0
C2K-LEG-1H1,C2K Carrier 128.0,Middle East,1950.0,3.0,1100,9.9,True,0.0
C2K-LEG-3H1,C2K Carrier 349.0,Europe,1950.0,3.0,1900,10.7,True,0.0
C2K-LEG-2H1,C2K Carrier 349.0,Europe,1950.0,3.0,1500,10.3,False,0.9
C2K-LEG-2H1,C2K Carrier 431.0,Middle East,1950.0,3.0,1500,10.3,False,0.0
C2K-LEG-2H1,C2K Carrier 431.0,Middle East,1950.0,3.0,1500,10.3,False,0.0
C2K-LEG-2H1,C2K Carrier 671.0,Asia Pacific,1950.0,3.0,1500,10.3,False,0.5
C2K-LEG-3H1,C2K Carrier 700.0,North America,1950.0,3.0,1900,10.7,False,1.0
C2K-LEG-1H2,C2K Carrier 671.0,Asia Pacific,3900.0,3.0,1300,11.4,False,0.0
C2K-LEG-2H1,C2K Carrier 700.0,North America,1950.0,3.0,1500,10.3,False,5.5
C2K-LEG-1H2,C2K Carrier 610.0,North America,3900.0,3.0,1300,11.4,False,0.0
C2K-LEG-3H2,C2K Carrier 153.0,Asia Pacific,3900.0,3.0,2100,12.2,False,0.2
C2K-LEG-1H1,C2K Carrier 349.0,Europe,1950.0,3.0,1100,9.9,False,0.0
C2K-LEG-2H1,C2K Carrier 128.0,Middle East,1950.0,3.0,1500,10.3,True,0.0
C2K-LEG-2H2,C2K Carrier 527.0,Europe,3900.0,3.0,1700,11.8,True,0.0
C2K-LEG-2H2,C2K Carrier 228.0,Europe,3900.0,3.0,1700,11.8,False,0.0
C2K-LEG-2H1,C2K Carrier 700.0,North America,1950.0,3.0,1500,10.3,False,1.7
C2K-LEG-3H1,C2K Carrier 700.0,North America,1950.0,3.0,1900,10.7,False,0.0
C2K-LEG-3H1,C2K Carrier 411.0,Europe,1950.0,3.0,1900,10.7,False,0.0
C2K-LEG-3H1,C2K Carrier 441.0,North America,1950.0,3.0,1900,10.7,False,0.0
C2K-LEG-2H1,C2K Carrier 485.0,Europe,1950.0,3.0,1500,10.3,False,0.0
C2K-LEG-3H1,C2K Carrier 700.0,North America,1950.0,3.0,1900,10.7,False,14.5
C2K-LEG-2H2,C2K Carrier 770.0,Asia Pacific,3900.0,3.0,1700,11.8,False,0.0
C2K-LEG-2H2,C2K Carrier 308.0,North America,3900.0,3.0,1700,11.8,False,0.0
C2K-LEG-1H1,C2K Carrier 256.0,Asia Pacific,1950.0,3.0,1100,9.9,False,0.0
C2K-LEG-3H2,C2K Carrier 413.0,North America,3900.0,3.0,2100,12.2,True,0.0
C2K-LEG-2H1,C2K Carrier 128.0,Middle East,1950.0,3.0,1500,10.3,True,0.0
C2K-LEG-3H1,C2K Carrier 187.0,Europe,1950.0,3.0,1900,10.7,False,0.5
C2K-LEG-1H1,C2K Carrier 308.0,North America,1950.0,3.0,1100,9.9,False,0.0
C2K-LEG-2H2,C2K Carrier 411.0,Europe,3900.0,3.0,1700,11.8,False,2.7
C2K-LEG-3H1,C2K Carrier 700.0,North America,1950.0,3.0,1900,10.7,False,2.4
C2K-LEG-3H2,C2K Carrier 667.0,Middle East,3900.0,3.0,2100,12.2,False,0.0
C2K-LEG-1H3,C2K Carrier 671.0,Asia Pacific,5850.0,3.0,1500,12.9,False,0.0
C2K-LEG-2H2,C2K Carrier 281.0,Asia Pacific,3900.0,3.0,1700,11.8,False,2.6
C2K-LEG-1H1,C2K Carrier 671.0,Asia Pacific,1950.0,3.0,1100,9.9,False,1.5
C2K-LEG-3H2,C2K Carrier 671.0,Asia Pacific,3900.0,3.0,2100,12.2,False,0.0
C2K-LEG-2H2,C2K Carrier 299.0,North America,6175.0,4.8,1700,11.8,False,4.3
C2K-LEG-1H1,C2K Carrier 700.0,North America,1950.0,3.0,1100,9.9,True,0.0
C2K-LEG-3H2,C2K Carrier 398.0,Middle East,3900.0,3.0,2100,12.2,True,0.0
C2K-LEG-2H1,C2K Carrier 128.0,Middle East,1950.0,3.0,1500,10.3,False,0.0
C2K-LEG-1H1,C2K Carrier 698.0,North America,1950.0,3.0,1100,9.9,False,0.7
C2K-LEG-3H1,C2K Carrier 113.0,North America,1950.0,3.0,1900,10.7,False,0.0
C2K-LEG-3H1,C2K Carrier 485.0,Europe,3015.3,4.6,1900,10.7,False,0.0
C2K-LEG-2H1,C2K Carrier 441.0,North America,1950.0,3.0,1500,10.3,False,0.0
C2K-LEG-2H1,C2K Carrier 485.0,Europe,1950.0,3.0,1500,10.3,False,0.0
C2K-LEG-2H1,C2K Carrier 128.0,Middle East,1950.0,3.0,1500,10.3,False,0.0
C2K-LEG-3H1,C2K Carrier 700.0,North America,1950.0,3.0,1900,10.7,False,0.0
C2K-LEG-1H2,C2K Carrier 456.0,Europe,3900.0,3.0,1300,11.4,False,0.0
C2K-LEG-1H1,C2K Carrier 441.0,North America,1950.0,3.0,1100,9.9,False,1.4
C2K-LEG-2H2,C2K Carrier 671.0,Asia Pacific,3900.0,3.0,1700,11.8,True,0.0
C2K-LEG-3H2,C2K Carrier 752.0,Asia Pacific,3900.0,3.0,2100,12.2,True,0.0
C2K-LEG-3H2,C2K Carrier 441.0,North America,3900.0,3.0,2100,12.2,False,0.0
C2K-LEG-3H1,C2K Carrier 308.0,North America,1950.0,3.0,1900,10.7,False,0.0
C2K-LEG-1H1,C2K Carrier 671.0,Asia Pacific,1950.0,3.0,1100,9.9,False,0.0
C2K-LEG-1H1,C2K Carrier 341.0,Europe,1950.0,3.0,1100,9.9,False,1.0
C2K-LEG-2H1,C2K Carrier 671.0,Asia Pacific,1950.0,3.0,1500,10.3,False,0.0
C2K-LEG-3H2,C2K Carrier 349.0,Europe,3900.0,3.0,2100,12.2,False,0.0
C2K-LEG-2H2,C2K Carrier 398.0,Middle East,3900.0,3.0,1700,11.8,False,0.4
C2K-LEG-2H2,C2K Carrier 128.0,Middle East,3900.0,3.0,1700,11.8,False,17.8
C2K-LEG-2H2,C2K Carrier 361.0,Asia Pacific,3900.0,3.0,1700,11.8,False,0.0
C2K-LEG-1H1,C2K Carrier 398.0,Middle East,4378.5,6.7,1100,9.9,False,0.0
C2K-LEG-2H1,C2K Carrier 308.0,North America,1950.0,3.0,1500,10.3,True,0.8
C2K-LEG-1H1,C2K Carrier 349.0,Europe,1950.0,3.0,1100,9.9,True,1.3
C2K-LEG-3H1,C2K Carrier 476.0,Middle East,1950.0,3.0,1900,10.7,False,0.0
C2K-LEG-2H1,C2K Carrier 128.0,Middle East,1950.0,3.0,1500,10.3,False,0.0
C2K-LEG-1H1,C2K Carrier 485.0,Europe,1950.0,3.0,1100,9.9,False,0.0
C2K-LEG-1H1,C2K Carrier 349.0,Europe,1950.0,3.0,1100,9.9,False,0.1
C2K-LEG-2H1,C2K Carrier 476.0,Middle East,1950.0,3.0,1500,10.3,False,0.0
C2K-LEG-2H2,C2K Carrier 456.0,Europe,3900.0,3.0,1700,11.8,False,0.7
C2K-LEG-3H1,C2K Carrier 456.0,Europe,1950.0,3.0,1900,10.7,False,0.0
C2K-LEG-2H1,C2K Carrier 700.0,North America,1950.0,3.0,1500,10.3,False,0.0
C2K-LEG-2H2,C2K Carrier 700.0,North America,3900.0,3.0,1700,11.8,False,0.0
C2K-LEG-2H1,C2K Carrier 243.0,North America,1950.0,3.0,1500,10.3,False,1.8
C2K-LEG-3H1,C2K Carrier 128.0,Middle East,1950.0,3.0,1900,10.7,True,0.0
C2K-LEG-2H1,C2K Carrier 700.0,North America,1950.0,3.0,1500,10.3,True,0.0
C2K-LEG-3H1,C2K Carrier 700.0,North America,1950.0,3.0,1900,10.7,False,0.0
C2K-LEG-3H1,C2K Carrier 700.0,North America,1950.0,3.0,1900,10.7,False,3.6
C2K-LEG-2H2,C2K Carrier 128.0,Middle East,3900.0,3.0,1700,11.8,False,0.0
C2K-LEG-2H1,C2K Carrier 128.0,Middle East,1950.0,3.0,1500,10.3,False,0.0
C2K-LEG-2H1,C2K Carrier 485.0,Europe,1950.0,3.0,1500,10.3,False,0.0
C2K-LEG-3H2,C2K Carrier 413.0,North America,3900.0,3.0,2100,12.2,False,0.0
C2K-LEG-2H1,C2K Carrier 609.0,Europe,1950.0,3.0,1500,10.3,False,0.0
C2K-LEG-2H2,C2K Carrier 398.0,Middle East,3900.0,3.0,1700,11.8,False,0.0
C2K-LEG-1H1,C2K Carrier 700.0,North America,1950.0,3.0,1100,9.9,False,0.0
C2K-LEG-1H1,C2K Carrier 128.0,Middle East,1950.0,3.0,1100,9.9,False,0.0
C2K-LEG-1H2,C2K Carrier 597.0,Asia Pacific,4929.2,3.8,1300,11.4,True,0.0
C2K-LEG-2H2,C2K Carrier 281.0,Asia Pacific,3900.0,3.0,1700,11.8,True,0.2
C2K-LEG-1H2,C2K Carrier 783.0,Europe,3900.0,3.0,1300,11.4,False,5.7
C2K-LEG-2H2,C2K Carrier 361.0,Asia Pacific,3900.0,3.0,1700,11.8,False,4.5
C2K-LEG-1H1,C2K Carrier 476.0,Middle East,1950.0,3.0,1100,9.9,False,0.0
C2K-LEG-3H2,C2K Carrier 671.0,Asia Pacific,3900.0,3.0,2100,12.2,False,0.1
C2K-LEG-1H1,C2K Carrier 700.0,North America,1950.0,3.0,1100,9.9,False,0.0
C2K-LEG-2H2,C2K Carrier 597.0,Asia Pacific,3900.0,3.0,1700,11.8,False,0.5
C2K-LEG-2H1,C2K Carrier 349.0,Europe,1950.0,3.0,1500,10.3,False,0.0
C2K-LEG-2H1,C2K Carrier 349.0,Europe,1950.0,3.0,1500,10.3,False,0.0
C2K-LEG-1H1,C2K Carrier 609.0,Europe,1950.0,3.0,1100,9.9,False,0.0
C2K-LEG-1H1,C2K Carrier 128.0,Middle East,1950.0,3.0,1100,9.9,False,0.0
C2K-LEG-1H1,C2K Carrier 700.0,North America,1950.0,3.0,1100,9.9,True,0.0
C2K-LEG-1H1,C2K Carrier 485.0,Europe,1950.0,3.0,1100,9.9,True,0.0
C2K-LEG-3H1,C2K Carrier 128.0,Middle East,1950.0,3.0,1900,10.7,False,0.0
C2K-LEG-3H2,C2K Carrier 635.0,North America,3900.0,3.0,2100,12.2,False,0.0
C2K-LEG-3H2,C2K Carrier 398.0,Middle East,3900.0,3.0,2100,12.2,False,2.8
C2K-LEG-3H2,C2K Carrier 153.0,Asia Pacific,3900.0,3.0,2100,12.2,False,0.0
C2K-LEG-1H1,C2K Carrier 128.0,Middle East,1950.0,3.0,1100,9.9,False,0.0
C2K-LEG-3H1,C2K Carrier 299.0,North America,1950.0,3.0,1900,10.7,False,0.0
C2K-LEG-2H1,C2K Carrier 349.0,Europe,1950.0,3.0,1500,10.3,False,0.6
C2K-LEG-1H2,C2K Carrier 308.0,North America,3900.0,3.0,1300,11.4,False,0.0
C2K-LEG-2H2,C2K Carrier 671.0,Asia Pacific,6391.7,4.9,1700,11.8,False,0.0
C2K-LEG-1H1,C2K Carrier 233.0,North America,1950.0,3.0,1100,9.9,False,0.4
C2K-LEG-2H1,C2K Carrier 308.0,North America,1950.0,3.0,1500,10.3,True,0.0
C2K-LEG-1H1,C2K Carrier 431.0,Middle East,1950.0,3.0,1100,9.9,True,0.0
C2K-LEG-1H2,C2K Carrier 431.0,Middle East,3900.0,3.0,1300,11.4,False,0.0
C2K-LEG-2H2,C2K Carrier 609.0,Europe,3900.0,3.0,1700,11.8,False,0.0
C2K-LEG-1H1,C2K Carrier 128.0,Middle East,1950.0,3.0,1100,9.9,False,0.0
C2K-LEG-2H1,C2K Carrier 700.0,North America,1950.0,3.0,1500,10.3,False,0.0
C2K-LEG-3H2,C2K Carrier 787.0,Middle East,3900.0,3.0,2100,12.2,False,0.0
C2K-LEG-1H2,C2K Carrier 770.0,Asia Pacific,3900.0,3.0,1300,11.4,False,0.0
C2K-LEG-1H1,C2K Carrier 485.0,Europe,1950.0,3.0,1100,9.9,False,0.0
C2K-LEG-2H1,C2K Carrier 128.0,Middle East,1950.0,3.0,1500,10.3,False,1.2
C2K-LEG-2H2,C2K Carrier 349.0,Europe,6283.3,4.8,1700,11.8,False,0.0
C2K-LEG-2H1,C2K Carrier 727.0,Europe,1950.0,3.0,1500,10.3,False,0.0
C2K-LEG-3H2,C2K Carrier 371.0,Asia Pacific,3900.0,3.0,2100,12.2,True,0.0
C2K-LEG-2H2,C2K Carrier 361.0,Asia Pacific,3900.0,3.0,1700,11.8,True,0.3
C2K-LEG-1H2,C2K Carrier 609.0,Europe,5470.8,4.2,1300,11.4,False,2.1
C2K-LEG-1H2,C2K Carrier 727.0,Europe,3900.0,3.0,1300,11.4,False,0.0
C2K-LEG-3H1,C2K Carrier 256.0,Asia Pacific,1950.0,3.0,1900,10.7,False,0.0
C2K-LEG-2H1,C2K Carrier 128.0,Middle East,1950.0,3.0,1500,10.3,False,0.0
C2K-LEG-1H2,C2K Carrier 609.0,Europe,3900.0,3.0,1300,11.4,False,0.0
C2K-LEG-2H1,C2K Carrier 628.0,Middle East,1950.0,3.0,1500,10.3,False,0.0
C2K-LEG-3H2,C2K Carrier 233.0,North America,3900.0,3.0,2100,12.2,False,0.0
C2K-LEG-3H1,C2K Carrier 128.0,Middle East,1950.0,3.0,1900,10.7,False,0.0
C2K-LEG-2H2,C2K Carrier 134.0,North America,3900.0,3.0,1700,11.8,False,0.0
C2K-LEG-1H1,C2K Carrier 128.0,Middle East,1950.0,3.0,1100,9.9,False,0.0
C2K-LEG-2H1,C2K Carrier 308.0,North America,1950.0,3.0,1500,10.3,True,0.0
C2K-LEG-3H2,C2K Carrier 667.0,Middle East,3900.0,3.0,2100,12.2,True,1.2
C2K-LEG-3H1,C2K Carrier 128.0,Middle East,1950.0,3.0,1900,10.7,False,0.0
C2K-LEG-1H2,C2K Carrier 233.0,North America,3900.0,3.0,1300,11.4,False,0.0
C2K-LEG-2H1,C2K Carrier 281.0,Asia Pacific,1950.0,3.0,1500,10.3,False,0.0
C2K-LEG-3H1,C2K Carrier 700.0,North America,1950.0,3.0,1900,10.7,False,2.5
C2K-LEG-3H1,C2K Carrier 700.0,North America,1950.0,3.0,1900,10.7,False,0.0
C2K-LEG-2H2,C2K Carrier 166.0,Middle East,3900.0,3.0,1700,11.8,False,0.0
C2K-LEG-2H2,C2K Carrier 411.0,Europe,3900.0,3.0,1700,11.8,False,5.6
C2K-LEG-1H1,C2K Carrier 349.0,Europe,1950.0,3.0,1100,9.9,False,1.1
C2K-LEG-2H2,C2K Carrier 484.0,North America,6175.0,4.8,1700,11.8,False,4.4
C2K-LEG-3H1,C2K Carrier 700.0,North America,1950.0,3.0,1900,10.7,False,0.0
C2K-LEG-3H2,C2K Carrier 349.0,Europe,6229.2,4.8,2100,12.2,True,0.0
C2K-LEG-2H1,C2K Carrier 349.0,Europe,1950.0,3.0,1500,10.3,True,0.3
C2K-LEG-3H2,C2K Carrier 753.0,Middle East,3900.0,3.0,2100,12.2,False,0.0
C2K-LEG-3H2,C2K Carrier 485.0,Europe,3900.0,3.0,2100,12.2,False,0.0
C2K-LEG-1H2,C2K Carrier 128.0,Middle East,3900.0,3.0,1300,11.4,False,0.0
C2K-LEG-3H1,C2K Carrier 485.0,Europe,1950.0,3.0,1900,10.7,False,0.0
C2K-LEG-3H1,C2K Carrier 555.0,Middle East,1950.0,3.0,1900,10.7,False,364.1
C2K-LEG-1H2,C2K Carrier 371.0,Asia Pacific,5994.4,4.6,1300,11.4,False,0.0
C2K-LEG-2H1,C2K Carrier 700.0,North America,1950.0,3.0,1500,10.3,False,3.4
C2K-LEG-1H1,C2K Carrier 113.0,North America,1950.0,3.0,1100,9.9,False,0.0
C2K-LEG-1H1,C2K Carrier 609.0,Europe,1950.0,3.0,1100,9.9,False,2.8
C2K-LEG-3H1,C2K Carrier 128.0,Middle East,1950.0,3.0,1900,10.7,False,0.0
C2K-LEG-1H1,C2K Carrier 527.0,Europe,3015.3,4.6,1100,9.9,True,0.0
C2K-LEG-2H1,C2K Carrier 700.0,North America,1950.0,3.0,1500,10.3,True,0.0
C2K-LEG-3H1,C2K Carrier 256.0,Asia Pacific,1950.0,3.0,1900,10.7,False,0.0
C2K-LEG-1H1,C2K Carrier 441.0,North America,1950.0,3.0,1100,9.9,False,2.1
C2K-LEG-3H1,C2K Carrier 700.0,North America,1950.0,3.0,1900,10.7,False,0.0
C2K-LEG-3H1,C2K Carrier 128.0,Middle East,1950.0,3.0,1900,10.7,False,0.0
C2K-LEG-2H1,C2K Carrier 128.0,Middle East,1950.0,3.0,1500,10.3,False,0.0
C2K-LEG-3H1,C2K Carrier 700.0,North America,1950.0,3.0,1900,10.7,False,0.0
C2K-LEG-1H2,C2K Carrier 371.0,Asia Pacific,3900.0,3.0,1300,11.4,False,0.0
C2K-LEG-3H2,C2K Carrier 411.0,Europe,3900.0,3.0,2100,12.2,False,0.0
C2K-LEG-2H2,C2K Carrier 281.0,Asia Pacific,3900.0,3.0,1700,11.8,False,0.0
C2K-LEG-1H2,C2K Carrier 485.0,Europe,4929.2,3.8,1300,11.4,False,0.0
C2K-LEG-3H1,C2K Carrier 431.0,Middle East,1950.0,3.0,1900,10.7,True,0.0
C2K-LEG-3H1,C2K Carrier 700.0,North America,1950.0,3.0,1900,10.7,True,0.0
C2K-LEG-3H1,C2K Carrier 281.0,Asia Pacific,1950.0,3.0,1900,10.7,False,0.0
C2K-LEG-3H1,C2K Carrier 128.0,Middle East,1950.0,3.0,1900,10.7,False,0.0
C2K-LEG-2H2,C2K Carrier 413.0,North America,3900.0,3.0,1700,11.8,False,0.0
C2K-LEG-1H1,C2K Carrier 485.0,Europe,1950.0,3.0,1100,9.9,False,0.0
C2K-LEG-1H1,C2K Carrier 700.0,North America,1950.0,3.0,1100,9.9,False,0.0
C2K-LEG-3H1,C2K Carrier 128.0,Middle East,1950.0,3.0,1900,10.7,False,4.6
C2K-LEG-2H1,C2K Carrier 700.0,North America,1950.0,3.0,1500,10.3,False,0.0
C2K-LEG-3H2,C2K Carrier 335.0,Europe,3900.0,3.0,2100,12.2,False,0.0
C2K-LEG-1H1,C2K Carrier 144.0,Middle East,1950.0,3.0,1100,9.9,False,2.9
C2K-LEG-2H1,C2K Carrier 476.0,Middle East,1950.0,3.0,1500,10.3,False,0.0
C2K-LEG-2H2,C2K Carrier 520.0,Europe,3900.0,3.0,1700,11.8,True,2.6
C2K-LEG-2H1,C2K Carrier 485.0,Europe,1950.0,3.0,1500,10.3,True,0.0
C2K-LEG-3H1,C2K Carrier 671.0,Asia Pacific,1950.0,3.0,1900,10.7,False,0.0
C2K-LEG-2H2,C2K Carrier 388.0,Asia Pacific,3900.0,3.0,1700,11.8,False,2.3
C2K-LEG-3H1,C2K Carrier 476.0,Middle East,1950.0,3.0,1900,10.7,False,0.0
C2K-LEG-3H1,C2K Carrier 134.0,North America,1950.0,3.0,1900,10.7,False,2.2
C2K-LEG-1H1,C2K Carrier 476.0,Middle East,1950.0,3.0,1100,9.9,False,0.0
C2K-LEG-1H1,C2K Carrier 700.0,North America,1950.0,3.0,1100,9.9,False,0.0
C2K-LEG-1H1,C2K Carrier 555.0,Middle East,1950.0,3.0,1100,9.9,False,0.0
C2K-LEG-3H1,C2K Carrier 128.0,Middle East,1950.0,3.0,1900,10.7,False,0.0
C2K-LEG-1H1,C2K Carrier 727.0,Europe,1950.0,3.0,1100,9.9,False,0.0
C2K-LEG-2H1,C2K Carrier 700.0,North America,1950.0,3.0,1500,10.3,False,0.0
C2K-LEG-1H1,C2K Carrier 476.0,Middle East,1950.0,3.0,1100,9.9,True,0.0
C2K-LEG-2H1,C2K Carrier 671.0,Asia Pacific,1950.0,3.0,1500,10.3,True,0.0
C2K-LEG-1H2,C2K Carrier 476.0,Middle East,3900.0,3.0,1300,11.4,False,1.2
C2K-LEG-1H1,C2K Carrier 476.0,Middle East,1950.0,3.0,1100,9.9,False,0.0
C2K-LEG-3H1,C2K Carrier 548.0,Europe,1950.0,3.0,1900,10.7,False,0.5
C2K-LEG-2H1,C2K Carrier 233.0,North America,1950.0,3.0,1500,10.3,False,0.0
C2K-LEG-2H2,C2K Carrier 281.0,Asia Pacific,4929.2,3.8,1700,11.8,False,0.0
C2K-LEG-2H2,C2K Carrier 753.0,Middle East,3900.0,3.0,1700,11.8,False,0.0
C2K-LEG-3H2,C2K Carrier 233.0,North America,3900.0,3.0,2100,12.2,False,0.0
C2K-LEG-1H1,C2K Carrier 485.0,Europe,1950.0,3.0,1100,9.9,False,0.0
C2K-LEG-2H2,C2K Carrier 527.0,Europe,3900.0,3.0,1700,11.8,False,0.0
C2K-LEG-3H2,C2K Carrier 798.0,Asia Pacific,3900.0,3.0,2100,12.2,False,0.0
C2K-LEG-3H1,C2K Carrier 113.0,North America,1950.0,3.0,1900,10.7,True,0.0
C2K-LEG-1H1,C2K Carrier 700.0,North America,1950.0,3.0,1100,9.9,True,0.0
C2K-LEG-3H1,C2K Carrier 700.0,North America,1950.0,3.0,1900,10.7,False,0.0
C2K-LEG-1H1,C2K Carrier 700.0,North America,1950.0,3.0,1100,9.9,False,0.0
C2K-LEG-2H1,C2K Carrier 548.0,Europe,1950.0,3.0,1500,10.3,False,0.0
C2K-LEG-3H1,C2K Carrier 128.0,Middle East,1950.0,3.0,1900,10.7,False,3.9
C2K-LEG-2H2,C2K Carrier 441.0,North America,3900.0,3.0,1700,11.8,False,0.0
C2K-LEG-1H1,C2K Carrier 128.0,Middle East,1950.0,3.0,1100,9.9,False,0.0
C2K-LEG-3H2,C2K Carrier 671.0,Asia Pacific,3900.0,3.0,2100,12.2,False,9.9
C2K-LEG-3H1,C2K Carrier 700.0,North America,1950.0,3.0,1900,10.7,False,3.0
C2K-LEG-2H1,C2K Carrier 671.0,Asia Pacific,1950.0,3.0,1500,10.3,False,0.0
C2K-LEG-3H2,C2K Carrier 787.0,Middle East,3900.0,3.0,2100,12.2,False,0.0
C2K-LEG-2H1,C2K Carrier 671.0,Asia Pacific,1950.0,3.0,1500,10.3,True,4.0
C2K-LEG-3H2,C2K Carrier 388.0,Asia Pacific,3900.0,3.0,2100,12.2,True,0.7
C2K-LEG-2H1,C2K Carrier 700.0,North America,1950.0,3.0,1500,10.3,False,0.0
C2K-LEG-2H2,C2K Carrier 243.0,North America,3900.0,3.0,1700,11.8,False,1.5
C2K-LEG-2H1,C2K Carrier 174.0,Asia Pacific,1950.0,3.0,1500,10.3,False,0.0
C2K-LEG-1H1,C2K Carrier 281.0,Asia Pacific,1950.0,3.0,1100,9.9,False,0.0
C2K-LEG-3H1,C2K Carrier 349.0,Europe,1950.0,3.0,1900,10.7,False,0.0
C2K-LEG-3H1,C2K Carrier 411.0,Europe,1950.0,3.0,1900,10.7,False,1.0
C2K-LEG-1H2,C2K Carrier 216.0,North America,4604.2,3.5,1300,11.4,False,0.0
C2K-LEG-3H2,C2K Carrier 299.0,North America,3900.0,3.0,2100,12.2,False,7.6
C2K-LEG-1H1,C2K Carrier 700.0,North America,1950.0,3.0,1100,9.9,False,13.2
C2K-LEG-1H2,C2K Carrier 671.0,Asia Pacific,3900.0,3.0,1300,11.4,False,3.1
C2K-LEG-1H1,C2K Carrier 134.0,North America,1950.0,3.0,1100,9.9,True,0.0
C2K-LEG-2H2,C2K Carrier 614.0,Europe,4875.0,3.8,1700,11.8,True,0.0
C2K-LEG-1H1,C2K Carrier 349.0,Europe,1950.0,3.0,1100,9.9,False,0.0
C2K-LEG-2H1,C2K Carrier 700.0,North America,1950.0,3.0,1500,10.3,False,0.0
C2K-LEG-3H1,C2K Carrier 128.0,Middle East,1950.0,3.0,1900,10.7,False,0.0
C2K-LEG-3H1,C2K Carrier 671.0,Asia Pacific,1950.0,3.0,1900,10.7,False,0.0
C2K-LEG-1H1,C2K Carrier 128.0,Middle East,1950.0,3.0,1100,9.9,False,0.0
C2K-LEG-1H1,C2K Carrier 700.0,North America,1950.0,3.0,1100,9.9,False,0.0
C2K-LEG-3H1,C2K Carrier 700.0,North America,1950.0,3.0,1900,10.7,False,0.0
C2K-LEG-2H1,C2K Carrier 441.0,North America,1950.0,3.0,1500,10.3,False,7.3
C2K-LEG-3H1,C2K Carrier 476.0,Middle East,1950.0,3.0,1900,10.7,False,7.1
C2K-LEG-3H2,C2K Carrier 628.0,Middle East,3900.0,3.0,2100,12.2,False,0.1
C2K-LEG-3H2,C2K Carrier 233.0,North America,6229.2,4.8,2100,12.2,True,0.0
C2K-LEG-3H1,C2K Carrier 349.0,Europe,1950.0,3.0,1900,10.7,True,0.3
C2K-LEG-1H2,C2K Carrier 413.0,North America,3900.0,3.0,1300,11.4,False,0.0
C2K-LEG-2H1,C2K Carrier 700.0,North America,1950.0,3.0,1500,10.3,False,0.0
C2K-LEG-1H2,C2K Carrier 128.0,Middle East,3900.0,3.0,1300,11.4,False,0.2
C2K-LEG-1H1,C2K Carrier 134.0,North America,1950.0,3.0,1100,9.9,False,0.8
C2K-LEG-3H1,C2K Carrier 349.0,Europe,3015.3,4.6,1900,10.7,False,5.4
C2K-LEG-2H1,C2K Carrier 476.0,Middle East,1950.0,3.0,1500,10.3,False,0.0
C2K-LEG-3H1,C2K Carrier 256.0,Asia Pacific,1950.0,3.0,1900,10.7,False,0.0
C2K-LEG-1H1,C2K Carrier 308.0,North America,1950.0,3.0,1100,9.9,False,1.8
C2K-LEG-3H2,C2K Carrier 571.0,Europe,4225.0,3.2,2100,12.2,False,0.0
C2K-LEG-2H2,C2K Carrier 597.0,Asia Pacific,3900.0,3.0,1700,11.8,False,0.0
C2K-LEG-3H2,C2K Carrier 671.0,Asia Pacific,3900.0,3.0,2100,12.2,True,5.3
C2K-LEG-3H1,C2K Carrier 700.0,North America,1950.0,3.0,1900,10.7,True,0.0
C2K-LEG-3H1,C2K Carrier 281.0,Asia Pacific,1950.0,3.0,1900,10.7,False,0.0
C2K-LEG-1H2,C2K Carrier 349.0,Europe,3900.0,3.0,1300,11.4,False,23.5
C2K-LEG-1H2,C2K Carrier 485.0,Europe,6283.3,4.8,1300,11.4,False,0.0
C2K-LEG-2H2,C2K Carrier 144.0,Middle East,3900.0,3.0,1700,11.8,False,7.9
C2K-LEG-3H2,C2K Carrier 476.0,Middle East,4658.3,3.6,2100,12.2,False,0.0
C2K-LEG-2H1,C2K Carrier 128.0,Middle East,1950.0,3.0,1500,10.3,False,0.0
C2K-LEG-1H1,C2K Carrier 700.0,North America,1950.0,3.0,1100,9.9,False,0.0
C2K-LEG-2H1,C2K Carrier 128.0,Middle East,1950.0,3.0,1500,10.3,False,0.0
C2K-LEG-3H2,C2K Carrier 371.0,Asia Pacific,3900.0,3.0,2100,12.2,False,1.1
C2K-LEG-1H1,C2K Carrier 128.0,Middle East,1950.0,3.0,1100,9.9,False,0.0
C2K-LEG-3H1,C2K Carrier 128.0,Middle East,1950.0,3.0,1900,10.7,True,2.2
C2K-LEG-2H1,C2K Carrier 700.0,North America,1950.0,3.0,1500,10.3,True,0.0
C2K-LEG-1H1,C2K Carrier 485.0,Europe,3015.3,4.6,1100,9.9,False,0.0
C2K-LEG-3H1,C2K Carrier 555.0,Middle East,1950.0,3.0,1900,10.7,False,0.0
C2K-LEG-1H1,C2K Carrier 308.0,North America,1950.0,3.0,1100,9.9,False,0.0
C2K-LEG-3H1,C2K Carrier 700.0,North America,1950.0,3.0,1900,10.7,False,0.8
C2K-LEG-3H2,C2K Carrier 671.0,Asia Pacific,3900.0,3.0,2100,12.2,False,4.5
C2K-LEG-2H1,C2K Carrier 128.0,Middle East,1950.0,3.0,1500,10.3,False,0.0
C2K-LEG-1H2,C2K Carrier 770.0,Asia Pacific,4712.5,3.6,1300,11.4,False,0.0
C2K-LEG-1H3,C2K Carrier 257.0,Middle East,5850.0,3.0,1500,12.9,False,0.0
C2K-LEG-3H2,C2K Carrier 667.0,Middle East,3900.0,3.0,2100,12.2,False,0.0
C2K-LEG-2H1,C2K Carrier 752.0,Asia Pacific,1950.0,3.0,1500,10.3,False,0.0
C2K-LEG-2H2,C2K Carrier 667.0,Middle East,3900.0,3.0,1700,11.8,True,0.0
C2K-LEG-2H1,C2K Carrier 233.0,North America,1950.0,3.0,1500,10.3,True,0.0
C2K-LEG-3H2,C2K Carrier 809.0,Middle East,3900.0,3.0,2100,12.2,False,2.6
C2K-LEG-1H2,C2K Carrier 371.0,Asia Pacific,3900.0,3.0,1300,11.4,False,0.0
C2K-LEG-1H1,C2K Carrier 700.0,North America,1950.0,3.0,1100,9.9,False,0.0
C2K-LEG-2H1,C2K Carrier 700.0,North America,1950.0,3.0,1500,10.3,False,5.3
C2K-LEG-1H2,C2K Carrier 257.0,Middle East,3900.0,3.0,1300,11.4,False,0.0
C2K-LEG-3H1,C2K Carrier 349.0,Europe,1950.0,3.0,1900,10.7,False,0.0
C2K-LEG-1H2,C2K Carrier 787.0,Middle East,3900.0,3.0,1300,11.4,False,0.0
C2K-LEG-1H1,C2K Carrier 700.0,North America,1950.0,3.0,1100,9.9,False,0.3
C2K-LEG-1H1,C2K Carrier 700.0,North America,1950.0,3.0,1100,9.9,False,0.0
C2K-LEG-3H2,C2K Carrier 671.0,Asia Pacific,3900.0,3.0,2100,12.2,False,0.0
C2K-LEG-3H1,C2K Carrier 256.0,Asia Pacific,1950.0,3.0,1900,10.7,True,0.0
C2K-LEG-3H1,C2K Carrier 700.0,North America,1950.0,3.0,1900,10.7,True,0.0
C2K-LEG-3H2,C2K Carrier 809.0,Middle East,3900.0,3.0,2100,12.2,False,2.7
C2K-LEG-2H1,C2K Carrier 281.0,Asia Pacific,1950.0,3.0,1500,10.3,False,0.0
C2K-LEG-2H2,C2K Carrier 485.0,Europe,3900.0,3.0,1700,11.8,False,0.0
C2K-LEG-3H2,C2K Carrier 524.0,North America,5200.0,4.0,2100,12.2,False,0.0
C2K-LEG-1H2,C2K Carrier 128.0,Middle East,3900.0,3.0,1300,11.4,False,36.5
C2K-LEG-1H2,C2K Carrier 671.0,Asia Pacific,3900.0,3.0,1300,11.4,False,0.0
C2K-LEG-2H1,C2K Carrier 485.0,Europe,1950.0,3.0,1500,10.3,False,0.0
C2K-LEG-2H1,C2K Carrier 485.0,Europe,1950.0,3.0,1500,10.3,False,0.0
C2K-LEG-3H1,C2K Carrier 349.0,Europe,1950.0,3.0,1900,10.7,False,0.0
C2K-LEG-1H2,C2K Carrier 671.0,Asia Pacific,3900.0,3.0,1300,11.4,False,0.0
C2K-LEG-3H1,C2K Carrier 308.0,North America,1950.0,3.0,1900,10.7,True,1.3
C2K-LEG-2H2,C2K Carrier 556.0,Asia Pacific,3900.0,3.0,1700,11.8,True,0.0
C2K-LEG-3H1,C2K Carrier 281.0,Asia Pacific,1950.0,3.0,1900,10.7,False,0.0
C2K-LEG-3H1,C2K Carrier 727.0,Europe,1950.0,3.0,1900,10.7,False,1.8
C2K-LEG-1H2,C2K Carrier 299.0,North America,3900.0,3.0,1300,11.4,False,0.0
C2K-LEG-2H1,C2K Carrier 700.0,North America,1950.0,3.0,1500,10.3,False,0.0
C2K-LEG-2H2,C2K Carrier 628.0,Middle East,3900.0,3.0,1700,11.8,False,0.0
C2K-LEG-3H1,C2K Carrier 700.0,North America,1950.0,3.0,1900,10.7,False,0.0
C2K-LEG-2H1,C2K Carrier 281.0,Asia Pacific,1950.0,3.0,1500,10.3,False,0.0
C2K-LEG-2H1,C2K Carrier 349.0,Europe,1950.0,3.0,1500,10.3,False,0.3
C2K-LEG-1H1,C2K Carrier 476.0,Middle East,1950.0,3.0,1100,9.9,False,0.0
C2K-LEG-2H1,C2K Carrier 128.0,Middle East,1950.0,3.0,1500,10.3,False,0.0
C2K-LEG-3H1,C2K Carrier 485.0,Europe,1950.0,3.0,1900,10.7,True,0.0
C2K-LEG-2H1,C2K Carrier 341.0,Europe,1950.0,3.0,1500,10.3,True,4.3
C2K-LEG-1H1,C2K Carrier 700.0,North America,1950.0,3.0,1100,9.9,False,1.3
C2K-LEG-2H1,C2K Carrier 128.0,Middle East,1950.0,3.0,1500,10.3,False,0.0
C2K-LEG-1H1,C2K Carrier 694.0,North America,1950.0,3.0,1100,9.9,False,0.0
C2K-LEG-2H2,C2K Carrier 216.0,North America,4658.3,3.6,1700,11.8,False,0.0
C2K-LEG-3H2,C2K Carrier 281.0,Asia Pacific,3900.0,3.0,2100,12.2,False,5.0
C2K-LEG-2H1,C2K Carrier 411.0,Europe,1950.0,3.0,1500,10.3,False,0.1
C2K-LEG-2H2,C2K Carrier 609.0,Europe,3900.0,3.0,1700,11.8,False,0.1
C2K-LEG-1H2,C2K Carrier 576.0,Europe,6283.3,4.8,1300,11.4,False,0.0
C2K-LEG-3H2,C2K Carrier 206.0,Middle East,3900.0,3.0,2100,12.2,False,0.0
C2K-LEG-2H2,C2K Carrier 233.0,North America,3900.0,3.0,1700,11.8,False,0.0
C2K-LEG-1H1,C2K Carrier 349.0,Europe,3015.3,4.6,1100,9.9,True,0.0
C2K-LEG-3H1,C2K Carrier 524.0,North America,1950.0,3.0,1900,10.7,True,0.0
C2K-LEG-3H1,C2K Carrier 700.0,North America,1950.0,3.0,1900,10.7,False,0.0
C2K-LEG-3H1,C2K Carrier 485.0,Europe,1950.0,3.0,1900,10.7,False,0.0
C2K-LEG-2H1,C2K Carrier 700.0,North America,1950.0,3.0,1500,10.3,False,0.0
C2K-LEG-2H1,C2K Carrier 128.0,Middle East,1950.0,3.0,1500,10.3,False,0.0
C2K-LEG-1H1,C2K Carrier 411.0,Europe,1950.0,3.0,1100,9.9,False,0.0
C2K-LEG-2H2,C2K Carrier 597.0,Asia Pacific,4929.2,3.8,1700,11.8,False,0.0
C2K-LEG-1H1,C2K Carrier 476.0,Middle East,1950.0,3.0,1100,9.9,False,0.0
C2K-LEG-2H2,C2K Carrier 349.0,Europe,3900.0,3.0,1700,11.8,False,0.0
C2K-LEG-3H2,C2K Carrier 431.0,Middle East,4604.2,3.5,2100,12.2,False,5.0
C2K-LEG-3H2,C2K Carrier 134.0,North America,3900.0,3.0,2100,12.2,False,0.0
C2K-LEG-2H1,C2K Carrier 609.0,Europe,1950.0,3.0,1500,10.3,True,0.0
C2K-LEG-3H1,C2K Carrier 349.0,Europe,1950.0,3.0,1900,10.7,True,0.1
C2K-LEG-2H2,C2K Carrier 128.0,Middle East,4279.2,3.3,1700,11.8,False,0.0
C2K-LEG-1H1,C2K Carrier 700.0,North America,1950.0,3.0,1100,9.9,False,5.4
C2K-LEG-1H2,C2K Carrier 476.0,Middle East,5470.8,4.2,1300,11.4,False,3.0
C2K-LEG-3H2,C2K Carrier 403.0,North America,3900.0,3.0,2100,12.2,False,0.0
C2K-LEG-3H1,C2K Carrier 700.0,North America,1950.0,3.0,1900,10.7,False,0.0
C2K-LEG-3H2,C2K Carrier 752.0,Asia Pacific,3900.0,3.0,2100,12.2,False,0.0
C2K-LEG-3H2,C2K Carrier 527.0,Europe,6229.2,4.8,2100,12.2,False,2.2
C2K-LEG-2H1,C2K Carrier 349.0,Europe,1950.0,3.0,1500,10.3,False,1.7
C2K-LEG-1H1,C2K Carrier 349.0,Europe,1950.0,3.0,1100,9.9,False,0.0
C2K-LEG-3H1,C2K Carrier 349.0,Europe,1950.0,3.0,1900,10.7,False,0.0
C2K-LEG-3H2,C2K Carrier 128.0,Middle East,3900.0,3.0,2100,12.2,True,0.0
C2K-LEG-1H2,C2K Carrier 671.0,Asia Pacific,3900.0,3.0,1300,11.4,True,1.4
C2K-LEG-3H1,C2K Carrier 128.0,Middle East,1950.0,3.0,1900,10.7,False,0.0
C2K-LEG-2H2,C2K Carrier 610.0,North America,3900.0,3.0,1700,11.8,False,10.2
C2K-LEG-1H1,C2K Carrier 485.0,Europe,1950.0,3.0,1100,9.9,False,0.0
C2K-LEG-1H2,C2K Carrier 128.0,Middle East,3900.0,3.0,1300,11.4,False,0.0
C2K-LEG-3H1,C2K Carrier 128.0,Middle East,1950.0,3.0,1900,10.7,False,1.5
C2K-LEG-1H1,C2K Carrier 256.0,Asia Pacific,1950.0,3.0,1100,9.9,False,0.0
C2K-LEG-1H1,C2K Carrier 520.0,Europe,1950.0,3.0,1100,9.9,False,0.1
C2K-LEG-1H1,C2K Carrier 233.0,North America,1950.0,3.0,1100,9.9,False,5.4
C2K-LEG-3H2,C2K Carrier 174.0,Asia Pacific,3900.0,3.0,2100,12.2,False,0.0
C2K-LEG-1H1,C2K Carrier 308.0,North America,1950.0,3.0,1100,9.9,False,0.0
C2K-LEG-3H2,C2K Carrier 349.0,Europe,3900.0,3.0,2100,12.2,True,1.0
C2K-LEG-2H1,C2K Carrier 128.0,Middle East,1950.0,3.0,1500,10.3,True,0.0
C2K-LEG-1H2,C2K Carrier 403.0,North America,3900.0,3.0,1300,11.4,False,0.0
C2K-LEG-3H1,C2K Carrier 413.0,North America,1950.0,3.0,1900,10.7,False,0.4
C2K-LEG-3H2,C2K Carrier 485.0,Europe,3900.0,3.0,2100,12.2,False,0.0
C2K-LEG-1H2,C2K Carrier 485.0,Europe,3900.0,3.0,1300,11.4,False,0.0
C2K-LEG-3H2,C2K Carrier 134.0,North America,6310.4,4.9,2100,12.2,False,20.0
C2K-LEG-2H2,C2K Carrier 233.0,North America,4658.3,3.6,1700,11.8,False,2.0
C2K-LEG-3H2,C2K Carrier 349.0,Europe,3900.0,3.0,2100,12.2,False,0.0
C2K-LEG-3H2,C2K Carrier 753.0,Middle East,3900.0,3.0,2100,12.2,False,0.0
C2K-LEG-3H1,C2K Carrier 609.0,Europe,1950.0,3.0,1900,10.7,False,0.0
C2K-LEG-3H2,C2K Carrier 256.0,Asia Pacific,3900.0,3.0,2100,12.2,False,0.0
C2K-LEG-3H1,C2K Carrier 700.0,North America,1950.0,3.0,1900,10.7,True,2.4
C2K-LEG-1H2,C2K Carrier 403.0,North America,3900.0,3.0,1300,11.4,True,0.0
C2K-LEG-1H2,C2K Carrier 561.0,Middle East,3900.0,3.0,1300,11.4,False,0.0
C2K-LEG-2H1,C2K Carrier 700.0,North America,1950.0,3.0,1500,10.3,False,0.0
C2K-LEG-3H1,C2K Carrier 413.0,North America,1950.0,3.0,1900,10.7,False,3.2
C2K-LEG-3H1,C2K Carrier 485.0,Europe,1950.0,3.0,1900,10.7,False,0.0
C2K-LEG-2H2,C2K Carrier 128.0,Middle East,4279.2,3.3,1700,11.8,False,0.0
C2K-LEG-3H2,C2K Carrier 308.0,North America,3900.0,3.0,2100,12.2,False,0.2
C2K-LEG-1H1,C2K Carrier 128.0,Middle East,1950.0,3.0,1100,9.9,False,0.0
C2K-LEG-3H2,C2K Carrier 524.0,North America,3900.0,3.0,2100,12.2,False,0.0
C2K-LEG-1H1,C2K Carrier 128.0,Middle East,1950.0,3.0,1100,9.9,False,0.0
C2K-LEG-3H1,C2K Carrier 700.0,North America,1950.0,3.0,1900,10.7,False,0.7
C2K-LEG-3H1,C2K Carrier 308.0,North America,1950.0,3.0,1900,10.7,True,0.0
C2K-LEG-2H1,C2K Carrier 128.0,Middle East,1950.0,3.0,1500,10.3,True,0.0
C2K-LEG-2H1,C2K Carrier 349.0,Europe,1950.0,3.0,1500,10.3,False,0.0
C2K-LEG-3H1,C2K Carrier 800.0,Middle East,1950.0,3.0,1900,10.7,False,0.0
C2K-LEG-2H2,C2K Carrier 524.0,North America,4658.3,3.6,1700,11.8,False,0.0
C2K-LEG-2H2,C2K Carrier 128.0,Middle East,4604.2,3.5,1700,11.8,False,0.0
C2K-LEG-2H1,C2K Carrier 700.0,North America,1950.0,3.0,1500,10.3,False,0.6
C2K-LEG-2H1,C2K Carrier 149.0,Middle East,3141.7,4.8,1500,10.3,False,0.0
C2K-LEG-3H1,C2K Carrier 778.0,North America,1950.0,3.0,1900,10.7,False,9.9
C2K-LEG-1H1,C2K Carrier 476.0,Middle East,1950.0,3.0,1100,9.9,False,0.0
C2K-LEG-2H2,C2K Carrier 388.0,Asia Pacific,3900.0,3.0,1700,11.8,False,0.0
C2K-LEG-3H2,C2K Carrier 610.0,North America,3900.0,3.0,2100,12.2,False,0.0
C2K-LEG-2H2,C2K Carrier 281.0,Asia Pacific,3900.0,3.0,1700,11.8,True,0.0
C2K-LEG-3H2,C2K Carrier 609.0,Europe,4875.0,3.8,2100,12.2,True,0.0
C2K-LEG-3H2,C2K Carrier 527.0,Europe,5200.0,4.0,2100,12.2,False,0.0
C2K-LEG-1H1,C2K Carrier 700.0,North America,1950.0,3.0,1100,9.9,False,3.4
C2K-LEG-1H2,C2K Carrier 671.0,Asia Pacific,3900.0,3.0,1300,11.4,False,17.8
C2K-LEG-1H1,C2K Carrier 134.0,North America,1950.0,3.0,1100,9.9,False,0.0
C2K-LEG-2H1,C2K Carrier 308.0,North America,1950.0,3.0,1500,10.3,False,0.0
C2K-LEG-1H2,C2K Carrier 174.0,Asia Pacific,3900.0,3.0,1300,11.4,False,0.2
C2K-LEG-2H1,C2K Carrier 700.0,North America,1950.0,3.0,1500,10.3,False,4.6
C2K-LEG-2H2,C2K Carrier 128.0,Middle East,3900.0,3.0,1700,11.8,False,0.0
C2K-LEG-1H2,C2K Carrier 667.0,Middle East,3900.0,3.0,1300,11.4,False,1.1
C2K-LEG-2H1,C2K Carrier 128.0,Middle East,1950.0,3.0,1500,10.3,False,0.0
C2K-LEG-3H2,C2K Carrier 216.0,North America,3900.0,3.0,2100,12.2,True,0.0
C2K-LEG-3H1,C2K Carrier 609.0,Europe,1950.0,3.0,1900,10.7,True,0.0
C2K-LEG-2H1,C2K Carrier 628.0,Middle East,1950.0,3.0,1500,10.3,False,0.8
C2K-LEG-3H2,C2K Carrier 153.0,Asia Pacific,4604.2,3.5,2100,12.2,False,1.9
C2K-LEG-2H2,C2K Carrier 527.0,Europe,3900.0,3.0,1700,11.8,False,0.0
C2K-LEG-2H1,C2K Carrier 441.0,North America,1950.0,3.0,1500,10.3,False,5.7
C2K-LEG-1H2,C2K Carrier 233.0,North America,3900.0,3.0,1300,11.4,False,0.0
C2K-LEG-2H2,C2K Carrier 184.0,North America,3900.0,3.0,1700,11.8,False,0.5
C2K-LEG-1H2,C2K Carrier 371.0,Asia Pacific,3900.0,3.0,1300,11.4,False,7.5
C2K-LEG-3H1,C2K Carrier 349.0,Europe,1950.0,3.0,1900,10.7,False,2.6
C2K-LEG-3H2,C2K Carrier 476.0,Middle East,4279.2,3.3,2100,12.2,False,0.0
C2K-LEG-3H2,C2K Carrier 597.0,Asia Pacific,3900.0,3.0,2100,12.2,False,0.0
C2K-LEG-3H2,C2K Carrier 206.0,Middle East,3900.0,3.0,2100,12.2,True,0.0
C2K-LEG-2H1,C2K Carrier 128.0,Middle East,1950.0,3.0,1500,10.3,True,0.0
C2K-LEG-3H1,C2K Carrier 128.0,Middle East,1950.0,3.0,1900,10.7,False,0.0
C2K-LEG-3H1,C2K Carrier 256.0,Asia Pacific,1950.0,3.0,1900,10.7,False,0.0
C2K-LEG-1H1,C2K Carrier 233.0,North America,1950.0,3.0,1100,9.9,False,0.0
C2K-LEG-3H1,C2K Carrier 727.0,Europe,1950.0,3.0,1900,10.7,False,0.0
C2K-LEG-3H2,C2K Carrier 485.0,Europe,3900.0,3.0,2100,12.2,False,0.0
C2K-LEG-3H1,C2K Carrier 256.0,Asia Pacific,1950.0,3.0,1900,10.7,False,0.0
C2K-LEG-2H2,C2K Carrier 349.0,Europe,3900.0,3.0,1700,11.8,False,0.0
C2K-LEG-3H2,C2K Carrier 485.0,Europe,6337.5,4.9,2100,12.2,False,0.0
C2K-LEG-1H1,C2K Carrier 700.0,North America,1950.0,3.0,1100,9.9,False,3.6
C2K-LEG-2H2,C2K Carrier 395.0,Asia Pacific,3900.0,3.0,1700,11.8,False,0.5
C2K-LEG-3H1,C2K Carrier 783.0,Europe,1950.0,3.0,1900,10.7,True,1.1
C2K-LEG-1H1,C2K Carrier 308.0,North America,1950.0,3.0,1100,9.9,True,0.0
C2K-LEG-2H2,C2K Carrier 281.0,Asia Pacific,3900.0,3.0,1700,11.8,False,0.6
C2K-LEG-2H1,C2K Carrier 256.0,Asia Pacific,1950.0,3.0,1500,10.3,False,0.0
C2K-LEG-2H1,C2K Carrier 485.0,Europe,3015.3,4.6,1500,10.3,False,0.0
C2K-LEG-1H1,C2K Carrier 233.0,North America,3015.3,4.6,1100,9.9,False,8.7
C2K-LEG-2H2,C2K Carrier 610.0,North America,3900.0,3.0,1700,11.8,False,0.0
C2K-LEG-1H1,C2K Carrier 700.0,North America,1950.0,3.0,1100,9.9,False,2.5
C2K-LEG-1H1,C2K Carrier 671.0,Asia Pacific,1950.0,3.0,1100,9.9,False,0.7
C2K-LEG-2H1,C2K Carrier 485.0,Europe,3015.3,4.6,1500,10.3,False,0.0
C2K-LEG-1H1,C2K Carrier 128.0,Middle East,1950.0,3.0,1100,9.9,False,0.0
C2K-LEG-3H2,C2K Carrier 671.0,Asia Pacific,3900.0,3.0,2100,12.2,False,0.0
C2K-LEG-2H2,C2K Carrier 257.0,Middle East,3900.0,3.0,1700,11.8,True,0.3
C2K-LEG-3H2,C2K Carrier 737.0,North America,3900.0,3.0,2100,12.2,True,0.0
C2K-LEG-3H1,C2K Carrier 700.0,North America,1950.0,3.0,1900,10.7,False,10.6
C2K-LEG-3H2,C2K Carrier 671.0,Asia Pacific,3900.0,3.0,2100,12.2,False,0.0
C2K-LEG-1H2,C2K Carrier 413.0,North America,3900.0,3.0,1300,11.4,False,0.0
C2K-LEG-1H1,C2K Carrier 485.0,Europe,1950.0,3.0,1100,9.9,False,0.0
C2K-LEG-2H1,C2K Carrier 671.0,Asia Pacific,3114.6,4.8,1500,10.3,False,77.6
C2K-LEG-1H1,C2K Carrier 128.0,Middle East,1950.0,3.0,1100,9.9,False,0.0
C2K-LEG-3H1,C2K Carrier 398.0,Middle East,4378.5,6.7,1900,10.7,False,0.0
C2K-LEG-1H1,C2K Carrier 256.0,Asia Pacific,1950.0,3.0,1100,9.9,False,0.0
C2K-LEG-2H2,C2K Carrier 299.0,North America,3900.0,3.0,1700,11.8,False,0.0
C2K-LEG-1H1,C2K Carrier 700.0,North America,1950.0,3.0,1100,9.9,False,0.0
C2K-LEG-1H2,C2K Carrier 287.0,Asia Pacific,3900.0,3.0,1300,11.4,True,0.0
C2K-LEG-2H1,C2K Carrier 700.0,North America,1950.0,3.0,1500,10.3,True,14.8
C2K-LEG-1H2,C2K Carrier 299.0,North America,3900.0,3.0,1300,11.4,False,0.0
C2K-LEG-2H2,C2K Carrier 671.0,Asia Pacific,3900.0,3.0,1700,11.8,False,0.0
C2K-LEG-3H2,C2K Carrier 690.0,North America,3900.0,3.0,2100,12.2,False,0.0
C2K-LEG-2H1,C2K Carrier 128.0,Middle East,1950.0,3.0,1500,10.3,False,0.0
C2K-LEG-1H2,C2K Carrier 727.0,Europe,3900.0,3.0,1300,11.4,False,4.4
C2K-LEG-2H1,C2K Carrier 485.0,Europe,3015.3,4.6,1500,10.3,False,0.0
C2K-LEG-1H1,C2K Carrier 671.0,Asia Pacific,1950.0,3.0,1100,9.9,False,1.1
C2K-LEG-3H1,C2K Carrier 700.0,North America,1950.0,3.0,1900,10.7,False,0.0
C2K-LEG-1H2,C2K Carrier 371.0,Asia Pacific,4604.2,3.5,1300,11.4,False,0.0
C2K-LEG-3H2,C2K Carrier 628.0,Middle East,3900.0,3.0,2100,12.2,False,0.0
C2K-LEG-1H2,C2K Carrier 413.0,North America,3900.0,3.0,1300,11.4,True,0.0
C2K-LEG-1H2,C2K Carrier 395.0,Asia Pacific,3900.0,3.0,1300,11.4,True,0.0
C2K-LEG-2H2,C2K Carrier 134.0,North America,4604.2,3.5,1700,11.8,False,0.0
C2K-LEG-2H1,C2K Carrier 308.0,North America,1950.0,3.0,1500,10.3,False,0.0
C2K-LEG-2H1,C2K Carrier 128.0,Middle East,1950.0,3.0,1500,10.3,False,0.0
C2K-LEG-3H1,C2K Carrier 113.0,North America,1950.0,3.0,1900,10.7,False,0.0
C2K-LEG-1H2,C2K Carrier 128.0,Middle East,3900.0,3.0,1300,11.4,False,0.0
C2K-LEG-2H1,C2K Carrier 349.0,Europe,1950.0,3.0,1500,10.3,False,0.3
C2K-LEG-1H2,C2K Carrier 206.0,Middle East,3900.0,3.0,1300,11.4,False,0.0
C2K-LEG-1H2,C2K Carrier 597.0,Asia Pacific,4604.2,3.5,1300,11.4,False,0.0
C2K-LEG-2H1,C2K Carrier 700.0,North America,1950.0,3.0,1500,10.3,False,0.0
C2K-LEG-1H1,C2K Carrier 671.0,Asia Pacific,1950.0,3.0,1100,9.9,False,1.0
C2K-LEG-3H1,C2K Carrier 476.0,Middle East,1950.0,3.0,1900,10.7,True,1.8
C2K-LEG-1H2,C2K Carrier 411.0,Europe,3900.0,3.0,1300,11.4,True,0.1
C2K-LEG-1H1,C2K Carrier 700.0,North America,1950.0,3.0,1100,9.9,False,0.0
C2K-LEG-2H1,C2K Carrier 256.0,Asia Pacific,1950.0,3.0,1500,10.3,False,1.1
C2K-LEG-3H2,C2K Carrier 187.0,Europe,3900.0,3.0,2100,12.2,False,0.0
C2K-LEG-1H1,C2K Carrier 671.0,Asia Pacific,3114.6,4.8,1100,9.9,False,109.5
C2K-LEG-2H1,C2K Carrier 349.0,Europe,1950.0,3.0,1500,10.3,False,0.0
C2K-LEG-3H1,C2K Carrier 128.0,Middle East,1950.0,3.0,1900,10.7,False,0.0
C2K-LEG-1H2,C2K Carrier 128.0,Middle East,3900.0,3.0,1300,11.4,False,0.0
C2K-LEG-3H1,C2K Carrier 134.0,North America,1950.0,3.0,1900,10.7,False,1.0
C2K-LEG-1H1,C2K Carrier 476.0,Middle East,1950.0,3.0,1100,9.9,False,0.0
C2K-LEG-2H2,C2K Carrier 671.0,Asia Pacific,3900.0,3.0,1700,11.8,False,34.6
C2K-LEG-3H1,C2K Carrier 441.0,North America,1950.0,3.0,1900,10.7,True,2.8
C2K-LEG-1H1,C2K Carrier 700.0,North America,1950.0,3.0,1100,9.9,True,0.0
C2K-LEG-1H2,C2K Carrier 614.0,Europe,4604.2,3.5,1300,11.4,False,0.0
C2K-LEG-3H2,C2K Carrier 610.0,North America,3900.0,3.0,2100,12.2,False,0.0
C2K-LEG-3H2,C2K Carrier 411.0,Europe,3900.0,3.0,2100,12.2,False,0.8
C2K-LEG-2H1,C2K Carrier 609.0,Europe,1950.0,3.0,1500,10.3,False,2.9
C2K-LEG-3H1,C2K Carrier 671.0,Asia Pacific,1950.0,3.0,1900,10.7,False,3.0
C2K-LEG-3H2,C2K Carrier 361.0,Asia Pacific,3900.0,3.0,2100,12.2,False,0.0
C2K-LEG-2H1,C2K Carrier 128.0,Middle East,1950.0,3.0,1500,10.3,False,0.0
C2K-LEG-1H1,C2K Carrier 128.0,Middle East,1950.0,3.0,1100,9.9,False,0.0
C2K-LEG-1H1,C2K Carrier 257.0,Middle East,1950.0,3.0,1100,9.9,False,0.4
C2K-LEG-2H1,C2K Carrier 349.0,Europe,1950.0,3.0,1500,10.3,False,1.8
C2K-LEG-3H1,C2K Carrier 700.0,North America,1950.0,3.0,1900,10.7,True,10.4
C2K-LEG-1H2,C2K Carrier 233.0,North America,3900.0,3.0,1300,11.4,True,0.0
C2K-LEG-1H2,C2K Carrier 671.0,Asia Pacific,3900.0,3.0,1300,11.4,False,0.0
C2K-LEG-3H1,C2K Carrier 727.0,Europe,1950.0,3.0,1900,10.7,False,0.0
C2K-LEG-1H1,C2K Carrier 700.0,North America,1950.0,3.0,1100,9.9,False,0.0
C2K-LEG-2H1,C2K Carrier 671.0,Asia Pacific,1950.0,3.0,1500,10.3,False,0.0
C2K-LEG-1H2,C2K Carrier 403.0,North America,3900.0,3.0,1300,11.4,False,0.0
C2K-LEG-3H2,C2K Carrier 281.0,Asia Pacific,3900.0,3.0,2100,12.2,False,3.4
C2K-LEG-2H1,C2K Carrier 778.0,North America,1950.0,3.0,1500,10.3,False,0.2
C2K-LEG-3H2,C2K Carrier 431.0,Middle East,3900.0,3.0,2100,12.2,False,0.0
C2K-LEG-3H2,C2K Carrier 571.0,Europe,3900.0,3.0,2100,12.2,False,0.0
C2K-LEG-1H1,C2K Carrier 700.0,North America,1950.0,3.0,1100,9.9,False,0.0
C2K-LEG-3H2,C2K Carrier 216.0,North America,4766.7,3.7,2100,12.2,True,0.0
C2K-LEG-3H1,C2K Carrier 548.0,Europe,1950.0,3.0,1900,10.7,True,0.0
C2K-LEG-3H2,C2K Carrier 128.0,Middle East,3900.0,3.0,2100,12.2,False,0.0
C2K-LEG-3H1,C2K Carrier 700.0,North America,1950.0,3.0,1900,10.7,False,0.0
C2K-LEG-1H1,C2K Carrier 349.0,Europe,1955.9,3.0,1100,9.9,False,0.0
C2K-LEG-3H1,C2K Carrier 700.0,North America,1950.0,3.0,1900,10.7,False,0.0
C2K-LEG-3H1,C2K Carrier 128.0,Middle East,1950.0,3.0,1900,10.7,False,0.0
C2K-LEG-3H2,C2K Carrier 233.0,North America,3900.0,3.0,2100,12.2,False,0.0
C2K-LEG-1H2,C2K Carrier 206.0,Middle East,4902.1,3.8,1300,11.4,False,0.0
C2K-LEG-2H2,C2K Carrier 431.0,Middle East,3900.0,3.0,1700,11.8,False,0.0
C2K-LEG-3H2,C2K Carrier 628.0,Middle East,3900.0,3.0,2100,12.2,False,0.0
C2K-LEG-2H2,C2K Carrier 299.0,North America,3900.0,3.0,1700,11.8,False,0.0
C2K-LEG-2H1,C2K Carrier 128.0,Middle East,1950.0,3.0,1500,10.3,True,0.0
C2K-LEG-1H1,C2K Carrier 257.0,Middle East,1950.0,3.0,1100,9.9,True,0.0
C2K-LEG-3H1,C2K Carrier 609.0,Europe,1950.0,3.0,1900,10.7,False,0.0
C2K-LEG-1H1,C2K Carrier 128.0,Middle East,1950.0,3.0,1100,9.9,False,0.0
C2K-LEG-1H1,C2K Carrier 609.0,Europe,1950.0,3.0,1100,9.9,False,0.0
C2K-LEG-1H1,C2K Carrier 700.0,North America,1950.0,3.0,1100,9.9,False,0.0
C2K-LEG-3H2,C2K Carrier 413.0,North America,3900.0,3.0,2100,12.2,False,0.0
C2K-LEG-3H2,C2K Carrier 671.0,Asia Pacific,3900.0,3.0,2100,12.2,False,0.0
C2K-LEG-1H1,C2K Carrier 700.0,North America,1950.0,3.0,1100,9.9,False,0.0
C2K-LEG-3H1,C2K Carrier 700.0,North America,1950.0,3.0,1900,10.7,False,9.5
C2K-LEG-1H1,C2K Carrier 349.0,Europe,3015.3,4.6,1100,9.9,False,0.0
C2K-LEG-2H1,C2K Carrier 144.0,Middle East,1950.0,3.0,1500,10.3,False,0.3
C2K-LEG-3H2,C2K Carrier 256.0,Asia Pacific,3900.0,3.0,2100,12.2,True,0.0
C2K-LEG-2H2,C2K Carrier 698.0,North America,3900.0,3.0,1700,11.8,True,0.0
C2K-LEG-2H1,C2K Carrier 349.0,Europe,1950.0,3.0,1500,10.3,False,5.2
C2K-LEG-1H2,C2K Carrier 671.0,Asia Pacific,3900.0,3.0,1300,11.4,False,0.1
C2K-LEG-3H1,C2K Carrier 411.0,Europe,1950.0,3.0,1900,10.7,False,0.0
C2K-LEG-1H1,C2K Carrier 308.0,North America,1950.0,3.0,1100,9.9,False,0.0
C2K-LEG-1H1,C2K Carrier 256.0,Asia Pacific,1950.0,3.0,1100,9.9,False,0.0
C2K-LEG-2H1,C2K Carrier 468.0,North America,1950.0,3.0,1500,10.3,False,0.4
C2K-LEG-3H2,C2K Carrier 411.0,Europe,3900.0,3.0,2100,12.2,False,1.5
C2K-LEG-1H1,C2K Carrier 700.0,North America,1950.0,3.0,1100,9.9,False,0.0
C2K-LEG-3H1,C2K Carrier 128.0,Middle East,1950.0,3.0,1900,10.7,False,0.0
C2K-LEG-3H2,C2K Carrier 134.0,North America,3900.0,3.0,2100,12.2,False,2.8
C2K-LEG-3H2,C2K Carrier 233.0,North America,3900.0,3.0,2100,12.2,True,0.0
C2K-LEG-3H2,C2K Carrier 128.0,Middle East,3900.0,3.0,2100,12.2,True,0.0
C2K-LEG-1H2,C2K Carrier 671.0,Asia Pacific,3900.0,3.0,1300,11.4,False,29.8
C2K-LEG-1H1,C2K Carrier 128.0,Middle East,1950.0,3.0,1100,9.9,False,0.0
C2K-LEG-2H1,C2K Carrier 700.0,North America,1950.0,3.0,1500,10.3,False,0.0
C2K-LEG-2H2,C2K Carrier 349.0,Europe,3900.0,3.0,1700,11.8,False,0.0
C2K-LEG-3H2,C2K Carrier 411.0,Europe,3900.0,3.0,2100,12.2,False,0.4
C2K-LEG-3H2,C2K Carrier 770.0,Asia Pacific,4875.0,3.8,2100,12.2,False,0.0
C2K-LEG-1H1,C2K Carrier 700.0,North America,1950.0,3.0,1100,9.9,False,0.0
C2K-LEG-2H2,C2K Carrier 700.0,North America,3900.0,3.0,1700,11.8,False,0.0
C2K-LEG-2H1,C2K Carrier 609.0,Europe,1950.0,3.0,1500,10.3,False,10.5
C2K-LEG-2H1,C2K Carrier 144.0,Middle East,1950.0,3.0,1500,10.3,False,1.1
C2K-LEG-2H1,C2K Carrier 256.0,Asia Pacific,1950.0,3.0,1500,10.3,True,0.0
C2K-LEG-1H2,C2K Carrier 371.0,Asia Pacific,3900.0,3.0,1300,11.4,True,0.0
C2K-LEG-1H1,C2K Carrier 349.0,Europe,1950.0,3.0,1100,9.9,False,6.8
C2K-LEG-3H1,C2K Carrier 128.0,Middle East,1950.0,3.0,1900,10.7,False,0.0
C2K-LEG-3H2,C2K Carrier 326.0,North America,3900.0,3.0,2100,12.2,False,0.0
C2K-LEG-3H1,C2K Carrier 571.0,Europe,3015.3,4.6,1900,10.7,False,5.3
C2K-LEG-1H1,C2K Carrier 700.0,North America,1950.0,3.0,1100,9.9,False,0.0
C2K-LEG-3H1,C2K Carrier 700.0,North America,1950.0,3.0,1900,10.7,False,0.0
C2K-LEG-1H1,C2K Carrier 671.0,Asia Pacific,1950.0,3.0,1100,9.9,False,0.7
C2K-LEG-1H2,C2K Carrier 727.0,Europe,3900.0,3.0,1300,11.4,False,0.0
C2K-LEG-3H2,C2K Carrier 520.0,Europe,3900.0,3.0,2100,12.2,False,0.0
C2K-LEG-2H1,C2K Carrier 128.0,Middle East,1950.0,3.0,1500,10.3,False,0.0
C2K-LEG-2H2,C2K Carrier 413.0,North America,3900.0,3.0,1700,11.8,True,0.0
C2K-LEG-2H1,C2K Carrier 441.0,North America,1950.0,3.0,1500,10.3,True,2.7
C2K-LEG-2H2,C2K Carrier 128.0,Middle East,3900.0,3.0,1700,11.8,False,0.0
C2K-LEG-2H1,C2K Carrier 700.0,North America,1950.0,3.0,1500,10.3,False,0.0
C2K-LEG-2H2,C2K Carrier 727.0,Europe,3900.0,3.0,1700,11.8,False,0.0
C2K-LEG-1H2,C2K Carrier 216.0,North America,4658.3,3.6,1300,11.4,False,21.5
C2K-LEG-3H1,C2K Carrier 349.0,Europe,1950.0,3.0,1900,10.7,False,0.0
C2K-LEG-3H2,C2K Carrier 216.0,North America,3900.0,3.0,2100,12.2,False,0.0
C2K-LEG-3H1,C2K Carrier 256.0,Asia Pacific,3015.3,4.6,1900,10.7,False,1.9
C2K-LEG-3H1,C2K Carrier 700.0,North America,1950.0,3.0,1900,10.7,False,0.0
C2K-LEG-3H2,C2K Carrier 770.0,Asia Pacific,4658.3,3.6,2100,12.2,False,0.0
C2K-LEG-1H1,C2K Carrier 700.0,North America,1950.0,3.0,1100,9.9,False,0.0
C2K-LEG-3H2,C2K Carrier 671.0,Asia Pacific,3900.0,3.0,2100,12.2,True,2.4
C2K-LEG-1H2,C2K Carrier 671.0,Asia Pacific,3900.0,3.0,1300,11.4,True,0.0
C2K-LEG-2H2,C2K Carrier 671.0,Asia Pacific,3900.0,3.0,1700,11.8,False,0.0
C2K-LEG-3H1,C2K Carrier 349.0,Europe,1950.0,3.0,1900,10.7,False,0.3
C2K-LEG-2H1,C2K Carrier 341.0,Europe,1950.0,3.0,1500,10.3,False,1.0
C2K-LEG-3H2,C2K Carrier 411.0,Europe,3900.0,3.0,2100,12.2,False,0.0
C2K-LEG-2H1,C2K Carrier 441.0,North America,1950.0,3.0,1500,10.3,False,2.3
C2K-LEG-3H1,C2K Carrier 128.0,Middle East,1950.0,3.0,1900,10.7,False,0.0
C2K-LEG-2H2,C2K Carrier 128.0,Middle East,4279.2,3.3,1700,11.8,False,0.0
C2K-LEG-1H2,C2K Carrier 610.0,North America,3900.0,3.0,1300,11.4,False,1.3
C2K-LEG-1H1,C2K Carrier 128.0,Middle East,1950.0,3.0,1100,9.9,False,0.0
C2K-LEG-3H1,C2K Carrier 671.0,Asia Pacific,3114.6,4.8,1900,10.7,False,32.7
C2K-LEG-2H2,C2K Carrier 349.0,Europe,3900.0,3.0,1700,11.8,True,0.0
C2K-LEG-3H1,C2K Carrier 128.0,Middle East,1950.0,3.0,1900,10.7,True,0.0
C2K-LEG-1H2,C2K Carrier 128.0,Middle East,3900.0,3.0,1300,11.4,False,3.4
C2K-LEG-3H2,C2K Carrier 698.0,North America,3900.0,3.0,2100,12.2,False,0.4
C2K-LEG-2H2,C2K Carrier 671.0,Asia Pacific,3900.0,3.0,1700,11.8,False,0.0
C2K-LEG-1H1,C2K Carrier 128.0,Middle East,1950.0,3.0,1100,9.9,False,0.0
C2K-LEG-1H1,C2K Carrier 700.0,North America,1950.0,3.0,1100,9.9,False,0.0
C2K-LEG-1H2,C2K Carrier 628.0,Middle East,3900.0,3.0,1300,11.4,False,0.0
C2K-LEG-1H2,C2K Carrier 413.0,North America,3900.0,3.0,1300,11.4,False,0.0
C2K-LEG-2H1,C2K Carrier 341.0,Europe,1950.0,3.0,1500,10.3,False,0.2
C2K-LEG-1H1,C2K Carrier 671.0,Asia Pacific,1950.0,3.0,1100,9.9,False,0.7
C2K-LEG-3H1,C2K Carrier 485.0,Europe,1950.0,3.0,1900,10.7,False,0.0
C2K-LEG-1H1,C2K Carrier 349.0,Europe,1950.0,3.0,1100,9.9,True,3.8
C2K-LEG-3H2,C2K Carrier 256.0,Asia Pacific,3900.0,3.0,2100,12.2,True,0.0
C2K-LEG-2H1,C2K Carrier 700.0,North America,1950.0,3.0,1500,10.3,False,0.0
C2K-LEG-1H2,C2K Carrier 233.0,North America,4658.3,3.6,1300,11.4,False,0.0
C2K-LEG-3H2,C2K Carrier 413.0,North America,3900.0,3.0,2100,12.2,False,0.0
C2K-LEG-3H1,C2K Carrier 700.0,North America,1950.0,3.0,1900,10.7,False,0.0
C2K-LEG-2H1,C2K Carrier 256.0,Asia Pacific,1950.0,3.0,1500,10.3,False,0.0
C2K-LEG-1H1,C2K Carrier 349.0,Europe,1950.0,3.0,1100,9.9,False,3.0
C2K-LEG-3H2,C2K Carrier 371.0,Asia Pacific,3900.0,3.0,2100,12.2,False,1.4
C2K-LEG-2H1,C2K Carrier 128.0,Middle East,1950.0,3.0,1500,10.3,False,0.0
C2K-LEG-1H1,C2K Carrier 128.0,Middle East,1950.0,3.0,1100,9.9,False,0.0
C2K-LEG-3H1,C2K Carrier 700.0,North America,1950.0,3.0,1900,10.7,False,0.0
C2K-LEG-3H1,C2K Carrier 128.0,Middle East,1950.0,3.0,1900,10.7,True,0.0
C2K-LEG-3H2,C2K Carrier 281.0,Asia Pacific,3900.0,3.0,2100,12.2,True,0.0
C2K-LEG-1H2,C2K Carrier 349.0,Europe,5470.8,4.2,1300,11.4,False,18.8
C2K-LEG-3H1,C2K Carrier 308.0,North America,1950.0,3.0,1900,10.7,False,0.0
C2K-LEG-3H1,C2K Carrier 700.0,North America,1950.0,3.0,1900,10.7,False,14.7
C2K-LEG-2H1,C2K Carrier 349.0,Europe,1950.0,3.0,1500,10.3,False,0.0
C2K-LEG-2H1,C2K Carrier 700.0,North America,1950.0,3.0,1500,10.3,False,0.5
C2K-LEG-2H2,C2K Carrier 128.0,Middle East,4279.2,3.3,1700,11.8,False,45.9
C2K-LEG-1H2,C2K Carrier 485.0,Europe,3900.0,3.0,1300,11.4,False,0.0
C2K-LEG-3H2,C2K Carrier 128.0,Middle East,3900.0,3.0,2100,12.2,False,56.8
C2K-LEG-1H1,C2K Carrier 128.0,Middle East,1950.0,3.0,1100,9.9,False,0.0
C2K-LEG-1H2,C2K Carrier 548.0,Europe,3900.0,3.0,1300,11.4,False,0.0
C2K-LEG-3H1,C2K Carrier 128.0,Middle East,1950.0,3.0,1900,10.7,True,0.0
C2K-LEG-3H1,C2K Carrier 128.0,Middle East,1950.0,3.0,1900,10.7,True,0.0
C2K-LEG-3H1,C2K Carrier 597.0,Asia Pacific,1950.0,3.0,1900,10.7,False,0.0
C2K-LEG-2H2,C2K Carrier 671.0,Asia Pacific,3900.0,3.0,1700,11.8,False,0.0
C2K-LEG-3H2,C2K Carrier 485.0,Europe,3900.0,3.0,2100,12.2,False,0.3
C2K-LEG-3H1,C2K Carrier 349.0,Europe,1950.0,3.0,1900,10.7,False,0.1
C2K-LEG-2H1,C2K Carrier 485.0,Europe,1950.0,3.0,1500,10.3,False,0.0
C2K-LEG-3H1,C2K Carrier 700.0,North America,1950.0,3.0,1900,10.7,False,0.1
C2K-LEG-2H2,C2K Carrier 371.0,Asia Pacific,3900.0,3.0,1700,11.8,False,0.0
C2K-LEG-1H1,C2K Carrier 700.0,North America,1950.0,3.0,1100,9.9,False,0.0
C2K-LEG-2H2,C2K Carrier 628.0,Middle East,3900.0,3.0,1700,11.8,False,0.0
C2K-LEG-2H1,C2K Carrier 349.0,Europe,1950.0,3.0,1500,10.3,False,0.0
C2K-LEG-2H2,C2K Carrier 610.0,North America,3900.0,3.0,1700,11.8,True,0.0
C2K-LEG-2H1,C2K Carrier 700.0,North America,1950.0,3.0,1500,10.3,True,0.0
C2K-LEG-3H3,C2K Carrier 609.0,Europe,5850.0,3.0,2300,13.7,False,0.0
C2K-LEG-1H1,C2K Carrier 341.0,Europe,1950.0,3.0,1100,9.9,False,1.7
C2K-LEG-1H1,C2K Carrier 700.0,North America,1950.0,3.0,1100,9.9,False,0.0
C2K-LEG-1H2,C2K Carrier 413.0,North America,3900.0,3.0,1300,11.4,False,0.0
C2K-LEG-1H2,C2K Carrier 349.0,Europe,3900.0,3.0,1300,11.4,False,0.0
C2K-LEG-2H2,C2K Carrier 671.0,Asia Pacific,3900.0,3.0,1700,11.8,False,6.1
C2K-LEG-2H2,C2K Carrier 671.0,Asia Pacific,3900.0,3.0,1700,11.8,False,8.4
C2K-LEG-3H2,C2K Carrier 671.0,Asia Pacific,3900.0,3.0,2100,12.2,False,13.8
C2K-LEG-2H2,C2K Carrier 411.0,Europe,3900.0,3.0,1700,11.8,False,0.0
C2K-LEG-1H2,C2K Carrier 571.0,Europe,3900.0,3.0,1300,11.4,False,0.0
C2K-LEG-2H2,C2K Carrier 671.0,Asia Pacific,3900.0,3.0,1700,11.8,True,0.0
C2K-LEG-3H1,C2K Carrier 700.0,North America,1950.0,3.0,1900,10.7,True,0.0
C2K-LEG-2H1,C2K Carrier 256.0,Asia Pacific,1950.0,3.0,1500,10.3,False,0.0
C2K-LEG-3H2,C2K Carrier 243.0,North America,4604.2,3.5,2100,12.2,False,0.0
C2K-LEG-1H2,C2K Carrier 628.0,Middle East,3900.0,3.0,1300,11.4,False,0.0
C2K-LEG-2H2,C2K Carrier 485.0,Europe,6337.5,4.9,1700,11.8,False,0.0
C2K-LEG-3H2,C2K Carrier 281.0,Asia Pacific,3900.0,3.0,2100,12.2,False,0.0
C2K-LEG-1H2,C2K Carrier 413.0,North America,3900.0,3.0,1300,11.4,False,10.8
C2K-LEG-2H2,C2K Carrier 727.0,Europe,3900.0,3.0,1700,11.8,False,0.0
C2K-LEG-1H1,C2K Carrier 476.0,Middle East,1950.0,3.0,1100,9.9,False,0.0
C2K-LEG-3H2,C2K Carrier 485.0,Europe,3900.0,3.0,2100,12.2,False,0.0
C2K-LEG-2H1,C2K Carrier 700.0,North America,1950.0,3.0,1500,10.3,False,21.5
C2K-LEG-2H1,C2K Carrier 671.0,Asia Pacific,1950.0,3.0,1500,10.3,True,0.1
C2K-LEG-3H1,C2K Carrier 671.0,Asia Pacific,1950.0,3.0,1900,10.7,True,0.0
C2K-LEG-3H1,C2K Carrier 308.0,North America,1950.0,3.0,1900,10.7,False,0.8
C2K-LEG-1H2,C2K Carrier 299.0,North America,3900.0,3.0,1300,11.4,False,0.0
C2K-LEG-2H1,C2K Carrier 476.0,Middle East,1950.0,3.0,1500,10.3,False,0.0
C2K-LEG-1H1,C2K Carrier 134.0,North America,1950.0,3.0,1100,9.9,False,1.8
C2K-LEG-1H1,C2K Carrier 700.0,North America,1950.0,3.0,1100,9.9,False,0.0
C2K-LEG-2H2,C2K Carrier 371.0,Asia Pacific,3900.0,3.0,1700,11.8,False,0.0
C2K-LEG-2H2,C2K Carrier 413.0,North America,3900.0,3.0,1700,11.8,False,3.5
C2K-LEG-2H1,C2K Carrier 256.0,Asia Pacific,1950.0,3.0,1500,10.3,False,0.0
C2K-LEG-2H2,C2K Carrier 571.0,Europe,3900.0,3.0,1700,11.8,False,0.0
C2K-LEG-3H2,C2K Carrier 671.0,Asia Pacific,3900.0,3.0,2100,12.2,False,0.0
C2K-LEG-3H1,C2K Carrier 548.0,Europe,1950.0,3.0,1900,10.7,True,5.3
C2K-LEG-2H1,C2K Carrier 349.0,Europe,1950.0,3.0,1500,10.3,True,1.3
C2K-LEG-1H2,C2K Carrier 485.0,Europe,3900.0,3.0,1300,11.4,False,0.0
C2K-LEG-3H2,C2K Carrier 299.0,North America,3900.0,3.0,2100,12.2,False,0.0
C2K-LEG-1H2,C2K Carrier 727.0,Europe,3900.0,3.0,1300,11.4,False,0.0
C2K-LEG-3H1,C2K Carrier 349.0,Europe,3015.3,4.6,1900,10.7,False,0.0
C2K-LEG-3H3,C2K Carrier 671.0,Asia Pacific,5850.0,3.0,2300,13.7,False,0.0
C2K-LEG-1H2,C2K Carrier 761.0,North America,3900.0,3.0,1300,11.4,False,0.6
C2K-LEG-3H1,C2K Carrier 349.0,Europe,1950.0,3.0,1900,10.7,False,5.9
C2K-LEG-1H1,C2K Carrier 485.0,Europe,1950.0,3.0,1100,9.9,False,0.0
C2K-LEG-1H1,C2K Carrier 256.0,Asia Pacific,1950.0,3.0,1100,9.9,False,0.0
C2K-LEG-3H1,C2K Carrier 308.0,North America,1950.0,3.0,1900,10.7,False,0.0
C2K-LEG-2H1,C2K Carrier 349.0,Europe,1950.0,3.0,1500,10.3,True,1.0
C2K-LEG-2H2,C2K Carrier 614.0,Europe,6933.3,5.3,1700,11.8,True,0.0
C2K-LEG-2H1,C2K Carrier 476.0,Middle East,1950.0,3.0,1500,10.3,False,0.5
C2K-LEG-2H2,C2K Carrier 206.0,Middle East,3900.0,3.0,1700,11.8,False,0.0
C2K-LEG-3H2,C2K Carrier 610.0,North America,3900.0,3.0,2100,12.2,False,0.8
C2K-LEG-3H2,C2K Carrier 349.0,Europe,3900.0,3.0,2100,12.2,False,0.1
C2K-LEG-1H1,C2K Carrier 700.0,North America,1950.0,3.0,1100,9.9,False,19.6
C2K-LEG-3H1,C2K Carrier 349.0,Europe,1950.0,3.0,1900,10.7,False,0.3
C2K-LEG-1H2,C2K Carrier 671.0,Asia Pacific,3900.0,3.0,1300,11.4,False,0.0
C2K-LEG-1H2,C2K Carrier 233.0,North America,3900.0,3.0,1300,11.4,False,48.6
C2K-LEG-2H2,C2K Carrier 770.0,Asia Pacific,3900.0,3.0,1700,11.8,False,0.0
C2K-LEG-1H2,C2K Carrier 610.0,North America,3900.0,3.0,1300,11.4,False,3.5
C2K-LEG-1H1,C2K Carrier 256.0,Asia Pacific,1950.0,3.0,1100,9.9,True,0.0
C2K-LEG-1H1,C2K Carrier 403.0,North America,1950.0,3.0,1100,9.9,True,0.0
C2K-LEG-2H1,C2K Carrier 700.0,North America,1950.0,3.0,1500,10.3,False,0.0
C2K-LEG-1H1,C2K Carrier 485.0,Europe,1950.0,3.0,1100,9.9,False,0.0
C2K-LEG-2H2,C2K Carrier 671.0,Asia Pacific,3900.0,3.0,1700,11.8,False,0.0
C2K-LEG-3H2,C2K Carrier 671.0,Asia Pacific,3900.0,3.0,2100,12.2,False,0.0
C2K-LEG-1H1,C2K Carrier 700.0,North America,1950.0,3.0,1100,9.9,False,0.3
C2K-LEG-2H1,C2K Carrier 571.0,Europe,3015.3,4.6,1500,10.3,False,1.9
C2K-LEG-2H2,C2K Carrier 485.0,Europe,6229.2,4.8,1700,11.8,False,0.0
C2K-LEG-1H1,C2K Carrier 349.0,Europe,1950.0,3.0,1100,9.9,False,0.5
C2K-LEG-1H1,C2K Carrier 700.0,North America,1950.0,3.0,1100,9.9,False,12.6
C2K-LEG-1H1,C2K Carrier 281.0,Asia Pacific,1950.0,3.0,1100,9.9,False,0.0
C2K-LEG-2H2,C2K Carrier 527.0,Europe,6229.2,4.8,1700,11.8,True,0.0
C2K-LEG-1H2,C2K Carrier 411.0,Europe,3900.0,3.0,1300,11.4,True,0.0
C2K-LEG-2H2,C2K Carrier 597.0,Asia Pacific,4847.9,3.7,1700,11.8,False,0.0
C2K-LEG-3H2,C2K Carrier 413.0,North America,3900.0,3.0,2100,12.2,False,0.0
C2K-LEG-2H1,C2K Carrier 144.0,Middle East,1950.0,3.0,1500,10.3,False,6.1
C2K-LEG-1H1,C2K Carrier 349.0,Europe,1950.0,3.0,1100,9.9,False,3.2
C2K-LEG-3H1,C2K Carrier 700.0,North America,1950.0,3.0,1900,10.7,False,18.5
C2K-LEG-1H2,C2K Carrier 527.0,Europe,6283.3,4.8,1300,11.4,False,0.0
C2K-LEG-1H3,C2K Carrier 671.0,Asia Pacific,5850.0,3.0,1500,12.9,False,0.0
C2K-LEG-3H1,C2K Carrier 476.0,Middle East,1950.0,3.0,1900,10.7,False,0.5
C2K-LEG-3H1,C2K Carrier 700.0,North America,1950.0,3.0,1900,10.7,False,0.0
C2K-LEG-3H2,C2K Carrier 727.0,Europe,3900.0,3.0,2100,12.2,False,0.0
C2K-LEG-3H1,C2K Carrier 149.0,Middle East,3141.7,4.8,1900,10.7,True,1.0
C2K-LEG-3H1,C2K Carrier 671.0,Asia Pacific,1950.0,3.0,1900,10.7,True,0.0
C2K-LEG-3H1,C2K Carrier 700.0,North America,1950.0,3.0,1900,10.7,False,3.5
C2K-LEG-1H1,C2K Carrier 281.0,Asia Pacific,1950.0,3.0,1100,9.9,False,0.0
C2K-LEG-1H2,C2K Carrier 262.0,Middle East,3900.0,3.0,1300,11.4,False,0.0
C2K-LEG-3H2,C2K Carrier 485.0,Europe,6337.5,4.9,2100,12.2,False,0.0
C2K-LEG-2H1,C2K Carrier 700.0,North America,1950.0,3.0,1500,10.3,False,3.4
C2K-LEG-1H2,C2K Carrier 538.0,Asia Pacific,3900.0,3.0,1300,11.4,False,0.0
C2K-LEG-3H2,C2K Carrier 108.0,Middle East,3900.0,3.0,2100,12.2,False,0.0
C2K-LEG-1H2,C2K Carrier 700.0,North America,3900.0,3.0,1300,11.4,False,0.0
C2K-LEG-3H2,C2K Carrier 649.0,Middle East,4658.3,3.6,2100,12.2,False,0.0
C2K-LEG-3H2,C2K Carrier 403.0,North America,3900.0,3.0,2100,12.2,False,0.0
C2K-LEG-1H3,C2K Carrier 609.0,Europe,5850.0,3.0,1500,12.9,True,0.0
C2K-LEG-1H1,C2K Carrier 700.0,North America,1950.0,3.0,1100,9.9,True,2.5
C2K-LEG-1H1,C2K Carrier 431.0,Middle East,3015.3,4.6,1100,9.9,False,0.0
C2K-LEG-1H2,C2K Carrier 216.0,North America,5470.8,4.2,1300,11.4,False,14.1
C2K-LEG-1H1,C2K Carrier 371.0,Asia Pacific,1950.0,3.0,1100,9.9,False,1.5
C2K-LEG-2H1,C2K Carrier 671.0,Asia Pacific,1950.0,3.0,1500,10.3,False,0.1
C2K-LEG-3H2,C2K Carrier 798.0,Asia Pacific,4604.2,3.5,2100,12.2,False,0.0
C2K-LEG-3H1,C2K Carrier 113.0,North America,1950.0,3.0,1900,10.7,False,0.0
C2K-LEG-3H2,C2K Carrier 671.0,Asia Pacific,3900.0,3.0,2100,12.2,False,0.0
C2K-LEG-3H1,C2K Carrier 349.0,Europe,1950.0,3.0,1900,10.7,False,1.1
C2K-LEG-2H1,C2K Carrier 700.0,North America,1950.0,3.0,1500,10.3,False,0.0
C2K-LEG-2H1,C2K Carrier 700.0,North America,1950.0,3.0,1500,10.3,False,1.8
C2K-LEG-1H1,C2K Carrier 144.0,Middle East,3331.2,5.1,1100,9.9,True,0.0
C2K-LEG-1H2,C2K Carrier 134.0,North America,3900.0,3.0,1300,11.4,True,1.0
C2K-LEG-1H2,C2K Carrier 485.0,Europe,3900.0,3.0,1300,11.4,False,0.0
C2K-LEG-3H1,C2K Carrier 671.0,Asia Pacific,1950.0,3.0,1900,10.7,False,0.0
C2K-LEG-3H1,C2K Carrier 485.0,Europe,3015.3,4.6,1900,10.7,False,0.0
C2K-LEG-1H2,C2K Carrier 485.0,Europe,6283.3,4.8,1300,11.4,False,11.1
C2K-LEG-3H2,C2K Carrier 485.0,Europe,6229.2,4.8,2100,12.2,False,0.0
C2K-LEG-2H2,C2K Carrier 548.0,Europe,3900.0,3.0,1700,11.8,False,4.1
C2K-LEG-3H2,C2K Carrier 413.0,North America,3900.0,3.0,2100,12.2,False,0.0
C2K-LEG-3H2,C2K Carrier 371.0,Asia Pacific,3900.0,3.0,2100,12.2,False,0.0
C2K-LEG-2H2,C2K Carrier 216.0,North America,3900.0,3.0,1700,11.8,False,1.2
C2K-LEG-1H1,C2K Carrier 485.0,Europe,1950.0,3.0,1100,9.9,False,0.0
C2K-LEG-2H2,C2K Carrier 476.0,Middle East,4279.2,3.3,1700,11.8,True,0.0
C2K-LEG-3H2,C2K Carrier 349.0,Europe,6391.7,4.9,2100,12.2,True,12.4
C2K-LEG-2H1,C2K Carrier 481.0,North America,1950.0,3.0,1500,10.3,False,0.0
C2K-LEG-3H1,C2K Carrier 113.0,North America,1950.0,3.0,1900,10.7,False,0.0
C2K-LEG-3H2,C2K Carrier 649.0,Middle East,4658.3,3.6,2100,12.2,False,0.0
C2K-LEG-2H1,C2K Carrier 233.0,North America,1950.0,3.0,1500,10.3,False,0.0
C2K-LEG-2H2,C2K Carrier 671.0,Asia Pacific,3900.0,3.0,1700,11.8,False,0.0
C2K-LEG-1H1,C2K Carrier 671.0,Asia Pacific,1950.0,3.0,1100,9.9,False,0.0
C2K-LEG-3H1,C2K Carrier 349.0,Europe,1950.0,3.0,1900,10.7,False,0.0
C2K-LEG-3H2,C2K Carrier 413.0,North America,3900.0,3.0,2100,12.2,False,0.0
C2K-LEG-3H2,C2K Carrier 153.0,Asia Pacific,3900.0,3.0,2100,12.2,False,0.0
C2K-LEG-1H1,C2K Carrier 809.0,Middle East,1950.0,3.0,1100,9.9,False,0.0
C2K-LEG-1H1,C2K Carrier 700.0,North America,1950.0,3.0,1100,9.9,True,0.0
C2K-LEG-2H1,C2K Carrier 700.0,North America,1950.0,3.0,1500,10.3,True,0.0
C2K-LEG-2H2,C2K Carrier 485.0,Europe,3900.0,3.0,1700,11.8,False,0.0
C2K-LEG-1H2,C2K Carrier 727.0,Europe,3900.0,3.0,1300,11.4,False,19.1
C2K-LEG-2H2,C2K Carrier 753.0,Middle East,3900.0,3.0,1700,11.8,False,0.0
C2K-LEG-2H1,C2K Carrier 700.0,North America,1950.0,3.0,1500,10.3,False,2.3
C2K-LEG-1H1,C2K Carrier 308.0,North America,1950.0,3.0,1100,9.9,False,0.0
C2K-LEG-2H2,C2K Carrier 299.0,North America,6175.0,4.8,1700,11.8,False,0.0
C2K-LEG-1H2,C2K Carrier 571.0,Europe,3900.0,3.0,1300,11.4,False,0.0
C2K-LEG-3H2,C2K Carrier 349.0,Europe,4766.7,3.7,2100,12.2,False,0.0
C2K-LEG-2H1,C2K Carrier 349.0,Europe,1950.0,3.0,1500,10.3,False,0.1
C2K-LEG-3H1,C2K Carrier 671.0,Asia Pacific,1950.0,3.0,1900,10.7,False,0.9
C2K-LEG-3H1,C2K Carrier 485.0,Europe,1950.0,3.0,1900,10.7,True,0.0
C2K-LEG-3H1,C2K Carrier 349.0,Europe,1950.0,3.0,1900,10.7,True,2.1
C2K-LEG-1H2,C2K Carrier 206.0,Middle East,3900.0,3.0,1300,11.4,False,1.4
C2K-LEG-3H1,C2K Carrier 411.0,Europe,1950.0,3.0,1900,10.7,False,0.1
C2K-LEG-1H1,C2K Carrier 700.0,North America,1950.0,3.0,1100,9.9,False,0.0
C2K-LEG-3H2,C2K Carrier 628.0,Middle East,3900.0,3.0,2100,12.2,False,0.0
C2K-LEG-2H1,C2K Carrier 256.0,Asia Pacific,1950.0,3.0,1500,10.3,False,0.0
C2K-LEG-1H1,C2K Carrier 700.0,North America,1950.0,3.0,1100,9.9,False,4.5
C2K-LEG-3H1,C2K Carrier 700.0,North America,1950.0,3.0,1900,10.7,False,0.0
C2K-LEG-2H2,C2K Carrier 671.0,Asia Pacific,3900.0,3.0,1700,11.8,False,4.4
C2K-LEG-1H1,C2K Carrier 308.0,North America,1950.0,3.0,1100,9.9,False,0.0
C2K-LEG-1H2,C2K Carrier 349.0,Europe,6283.3,4.8,1300,11.4,False,6.9
C2K-LEG-3H2,C2K Carrier 441.0,North America,3900.0,3.0,2100,12.2,True,1.2
C2K-LEG-3H2,C2K Carrier 206.0,Middle East,3900.0,3.0,2100,12.2,True,0.0
C2K-LEG-1H1,C2K Carrier 700.0,North America,1950.0,3.0,1100,9.9,False,0.0
C2K-LEG-1H2,C2K Carrier 610.0,North America,3900.0,3.0,1300,11.4,False,0.0
C2K-LEG-3H1,C2K Carrier 700.0,North America,1950.0,3.0,1900,10.7,False,1.0
C2K-LEG-2H2,C2K Carrier 485.0,Europe,6283.3,4.8,1700,11.8,False,0.0
C2K-LEG-3H1,C2K Carrier 700.0,North America,1950.0,3.0,1900,10.7,False,0.0
C2K-LEG-2H1,C2K Carrier 216.0,North America,1950.0,3.0,1500,10.3,False,0.0
C2K-LEG-2H2,C2K Carrier 233.0,North America,3900.0,3.0,1700,11.8,False,0.0
C2K-LEG-3H2,C2K Carrier 134.0,North America,3900.0,3.0,2100,12.2,False,0.0
C2K-LEG-2H2,C2K Carrier 281.0,Asia Pacific,3900.0,3.0,1700,11.8,False,8.2
C2K-LEG-3H1,C2K Carrier 281.0,Asia Pacific,1950.0,3.0,1900,10.7,False,0.0
C2K-LEG-3H2,C2K Carrier 671.0,Asia Pacific,3900.0,3.0,2100,12.2,True,18.2
C2K-LEG-3H2,C2K Carrier 371.0,Asia Pacific,3900.0,3.0,2100,12.2,True,0.6
C2K-LEG-1H1,C2K Carrier 700.0,North America,1950.0,3.0,1100,9.9,False,0.0
C2K-LEG-2H1,C2K Carrier 609.0,Europe,1950.0,3.0,1500,10.3,False,0.0
C2K-LEG-3H1,C2K Carrier 349.0,Europe,1950.0,3.0,1900,10.7,False,2.3
C2K-LEG-2H2,C2K Carrier 527.0,Europe,6012.5,4.6,1700,11.8,False,0.0
C2K-LEG-2H2,C2K Carrier 671.0,Asia Pacific,3900.0,3.0,1700,11.8,False,0.0
C2K-LEG-1H2,C2K Carrier 413.0,North America,8720.8,6.7,1300,11.4,False,0.0
C2K-LEG-3H2,C2K Carrier 349.0,Europe,4658.3,3.6,2100,12.2,False,0.0
C2K-LEG-1H1,C2K Carrier 700.0,North America,1950.0,3.0,1100,9.9,False,0.0
C2K-LEG-3H1,C2K Carrier 403.0,North America,2383.3,3.7,1900,10.7,False,0.0
C2K-LEG-1H2,C2K Carrier 671.0,Asia Pacific,3900.0,3.0,1300,11.4,False,2.5
C2K-LEG-3H2,C2K Carrier 361.0,Asia Pacific,3900.0,3.0,2100,12.2,True,9.1
C2K-LEG-1H1,C2K Carrier 256.0,Asia Pacific,1950.0,3.0,1100,9.9,True,0.0
C2K-LEG-3H1,C2K Carrier 700.0,North America,1950.0,3.0,1900,10.7,False,0.0
C2K-LEG-3H2,C2K Carrier 671.0,Asia Pacific,3900.0,3.0,2100,12.2,False,0.0
C2K-LEG-1H2,C2K Carrier 527.0,Europe,6012.5,4.6,1300,11.4,False,0.0
C2K-LEG-3H2,C2K Carrier 233.0,North America,3900.0,3.0,2100,12.2,False,0.0
C2K-LEG-1H1,C2K Carrier 576.0,Europe,1950.0,3.0,1100,9.9,False,0.0
C2K-LEG-1H1,C2K Carrier 413.0,North America,1950.0,3.0,1100,9.9,False,0.0
C2K-LEG-2H1,C2K Carrier 256.0,Asia Pacific,3015.3,4.6,1500,10.3,False,0.0
C2K-LEG-2H2,C2K Carrier 281.0,Asia Pacific,3900.0,3.0,1700,11.8,False,0.0
C2K-LEG-1H1,C2K Carrier 349.0,Europe,3015.3,4.6,1100,9.9,False,1.0
C2K-LEG-2H2,C2K Carrier 308.0,North America,3900.0,3.0,1700,11.8,False,1.9
C2K-LEG-3H2,C2K Carrier 527.0,Europe,6337.5,4.9,2100,12.2,True,0.0
C2K-LEG-2H1,C2K Carrier 174.0,Asia Pacific,1950.0,3.0,1500,10.3,True,0.0
C2K-LEG-2H2,C2K Carrier 727.0,Europe,3900.0,3.0,1700,11.8,False,0.0
C2K-LEG-1H1,C2K Carrier 256.0,Asia Pacific,1950.0,3.0,1100,9.9,False,0.0
C2K-LEG-2H1,C2K Carrier 349.0,Europe,1950.0,3.0,1500,10.3,False,0.0
C2K-LEG-1H2,C2K Carrier 671.0,Asia Pacific,3900.0,3.0,1300,11.4,False,7.2
C2K-LEG-1H1,C2K Carrier 281.0,Asia Pacific,1950.0,3.0,1100,9.9,False,0.0
C2K-LEG-3H1,C2K Carrier 349.0,Europe,1950.0,3.0,1900,10.7,False,1.7
C2K-LEG-3H2,C2K Carrier 153.0,Asia Pacific,3900.0,3.0,2100,12.2,False,0.0
C2K-LEG-3H1,C2K Carrier 700.0,North America,1950.0,3.0,1900,10.7,False,0.0
C2K-LEG-3H2,C2K Carrier 299.0,North America,3900.0,3.0,2100,12.2,False,0.0
C2K-LEG-2H2,C2K Carrier 485.0,Europe,3900.0,3.0,1700,11.8,False,0.0
C2K-LEG-2H1,C2K Carrier 349.0,Europe,1950.0,3.0,1500,10.3,True,0.0
C2K-LEG-2H2,C2K Carrier 597.0,Asia Pacific,3900.0,3.0,1700,11.8,True,0.0
C2K-LEG-3H1,C2K Carrier 377.0,Europe,2329.2,3.6,1900,10.7,False,0.0
C2K-LEG-1H1,C2K Carrier 700.0,North America,1950.0,3.0,1100,9.9,False,0.5
C2K-LEG-1H1,C2K Carrier 281.0,Asia Pacific,1950.0,3.0,1100,9.9,False,0.0
C2K-LEG-1H2,C2K Carrier 349.0,Europe,6283.3,4.8,1300,11.4,False,0.0
C2K-LEG-1H1,C2K Carrier 485.0,Europe,1950.0,3.0,1100,9.9,False,0.0
C2K-LEG-3H1,C2K Carrier 308.0,North America,1950.0,3.0,1900,10.7,False,1.7
C2K-LEG-1H1,C2K Carrier 441.0,North America,1950.0,3.0,1100,9.9,False,0.6
C2K-LEG-2H1,C2K Carrier 700.0,North America,1950.0,3.0,1500,10.3,False,6.4
C2K-LEG-1H1,C2K Carrier 431.0,Middle East,1950.0,3.0,1100,9.9,False,0.0
C2K-LEG-3H1,C2K Carrier 700.0,North America,1950.0,3.0,1900,10.7,False,0.0
C2K-LEG-1H2,C2K Carrier 441.0,North America,4604.2,3.5,1300,11.4,True,0.0
C2K-LEG-2H2,C2K Carrier 476.0,Middle East,4604.2,3.5,1700,11.8,True,0.0
C2K-LEG-3H1,C2K Carrier 597.0,Asia Pacific,1950.0,3.0,1900,10.7,False,0.0
C2K-LEG-3H1,C2K Carrier 256.0,Asia Pacific,1950.0,3.0,1900,10.7,False,0.0
C2K-LEG-1H1,C2K Carrier 700.0,North America,1950.0,3.0,1100,9.9,False,0.0
C2K-LEG-1H1,C2K Carrier 671.0,Asia Pacific,1950.0,3.0,1100,9.9,False,0.0
C2K-LEG-3H1,C2K Carrier 597.0,Asia Pacific,1950.0,3.0,1900,10.7,False,0.0
C2K-LEG-2H1,C2K Carrier 700.0,North America,1950.0,3.0,1500,10.3,False,3.3
C2K-LEG-1H1,C2K Carrier 256.0,Asia Pacific,1950.0,3.0,1100,9.9,False,0.0
C2K-LEG-2H2,C2K Carrier 441.0,North America,3900.0,3.0,1700,11.8,False,0.0
C2K-LEG-3H2,C2K Carrier 671.0,Asia Pacific,3900.0,3.0,2100,12.2,False,0.0
C2K-LEG-1H2,C2K Carrier 206.0,Middle East,3900.0,3.0,1300,11.4,False,9.2
C2K-LEG-3H1,C2K Carrier 700.0,North America,1950.0,3.0,1900,10.7,True,5.7
C2K-LEG-1H1,C2K Carrier 431.0,Middle East,1950.0,3.0,1100,9.9,True,0.0
C2K-LEG-3H1,C2K Carrier 700.0,North America,1950.0,3.0,1900,10.7,False,3.6
C2K-LEG-3H2,C2K Carrier 671.0,Asia Pacific,3900.0,3.0,2100,12.2,False,0.0
C2K-LEG-2H1,C2K Carrier 700.0,North America,1950.0,3.0,1500,10.3,False,0.0
C2K-LEG-1H1,C2K Carrier 441.0,North America,1950.0,3.0,1100,9.9,False,2.8
C2K-LEG-2H1,C2K Carrier 700.0,North America,1950.0,3.0,1500,10.3,False,0.0
C2K-LEG-3H2,C2K Carrier 671.0,Asia Pacific,3900.0,3.0,2100,12.2,False,0.0
C2K-LEG-3H1,C2K Carrier 700.0,North America,1950.0,3.0,1900,10.7,False,0.0
C2K-LEG-1H2,C2K Carrier 371.0,Asia Pacific,4604.2,3.5,1300,11.4,False,0.0
C2K-LEG-3H2,C2K Carrier 308.0,North America,3900.0,3.0,2100,12.2,False,0.0
C2K-LEG-1H2,C2K Carrier 281.0,Asia Pacific,3900.0,3.0,1300,11.4,False,1.6
C2K-LEG-3H1,C2K Carrier 476.0,Middle East,1950.0,3.0,1900,10.7,True,0.0
C2K-LEG-2H2,C2K Carrier 753.0,Middle East,3900.0,3.0,1700,11.8,True,3.4
C2K-LEG-2H1,C2K Carrier 349.0,Europe,2069.6,3.2,1500,10.3,False,0.0
C2K-LEG-3H1,C2K Carrier 233.0,North America,1950.0,3.0,1900,10.7,False,0.0
C2K-LEG-2H1,C2K Carrier 700.0,North America,1950.0,3.0,1500,10.3,False,0.0
C2K-LEG-1H2,C2K Carrier 371.0,Asia Pacific,3900.0,3.0,1300,11.4,False,1.3
C2K-LEG-1H2,C2K Carrier 610.0,North America,3900.0,3.0,1300,11.4,False,1.3
C2K-LEG-1H1,C2K Carrier 281.0,Asia Pacific,1950.0,3.0,1100,9.9,False,0.0
C2K-LEG-2H2,C2K Carrier 413.0,North America,3900.0,3.0,1700,11.8,False,0.0
C2K-LEG-3H1,C2K Carrier 700.0,North America,1950.0,3.0,1900,10.7,False,0.0
C2K-LEG-3H1,C2K Carrier 423.0,Middle East,1950.0,3.0,1900,10.7,False,0.4
C2K-LEG-3H2,C2K Carrier 609.0,Europe,5470.8,4.2,2100,12.2,False,5.8
C2K-LEG-2H1,C2K Carrier 609.0,Europe,1950.0,3.0,1500,10.3,True,0.0
C2K-LEG-1H2,C2K Carrier 371.0,Asia Pacific,3900.0,3.0,1300,11.4,True,0.0
C2K-LEG-1H2,C2K Carrier 671.0,Asia Pacific,3900.0,3.0,1300,11.4,False,0.0
C2K-LEG-1H1,C2K Carrier 727.0,Europe,1950.0,3.0,1100,9.9,False,0.0
C2K-LEG-2H1,C2K Carrier 548.0,Europe,1950.0,3.0,1500,10.3,False,0.0
C2K-LEG-1H2,C2K Carrier 485.0,Europe,4279.2,3.3,1300,11.4,False,0.0
C2K-LEG-3H1,C2K Carrier 700.0,North America,1950.0,3.0,1900,10.7,False,0.0
C2K-LEG-3H2,C2K Carrier 134.0,North America,3900.0,3.0,2100,12.2,False,1.0
C2K-LEG-3H1,C2K Carrier 349.0,Europe,1950.0,3.0,1900,10.7,False,0.3
C2K-LEG-1H1,C2K Carrier 349.0,Europe,1950.0,3.0,1100,9.9,False,0.0
C2K-LEG-1H2,C2K Carrier 671.0,Asia Pacific,3900.0,3.0,1300,11.4,False,0.0
C2K-LEG-1H1,C2K Carrier 349.0,Europe,1950.0,3.0,1100,9.9,False,3.1
C2K-LEG-2H2,C2K Carrier 349.0,Europe,3900.0,3.0,1700,11.8,True,0.0
C2K-LEG-2H1,C2K Carrier 349.0,Europe,1950.0,3.0,1500,10.3,True,0.0
C2K-LEG-3H2,C2K Carrier 281.0,Asia Pacific,3900.0,3.0,2100,12.2,False,0.0
C2K-LEG-1H2,C2K Carrier 411.0,Europe,3900.0,3.0,1300,11.4,False,0.0
C2K-LEG-1H2,C2K Carrier 206.0,Middle East,3900.0,3.0,1300,11.4,False,0.0
C2K-LEG-1H2,C2K Carrier 169.0,Asia Pacific,3900.0,3.0,1300,11.4,False,0.0
C2K-LEG-3H1,C2K Carrier 349.0,Europe,1950.0,3.0,1900,10.7,False,0.1
C2K-LEG-2H2,C2K Carrier 609.0,Europe,7267.4,5.6,1700,11.8,False,0.0
C2K-LEG-1H2,C2K Carrier 571.0,Europe,3900.0,3.0,1300,11.4,False,0.0
C2K-LEG-3H2,C2K Carrier 349.0,Europe,5416.7,4.2,2100,12.2,False,0.0
C2K-LEG-1H1,C2K Carrier 349.0,Europe,1950.0,3.0,1100,9.9,False,1.0
C2K-LEG-2H1,C2K Carrier 671.0,Asia Pacific,1950.0,3.0,1500,10.3,False,0.0
C2K-LEG-3H2,C2K Carrier 281.0,Asia Pacific,3900.0,3.0,2100,12.2,True,0.0
C2K-LEG-3H2,C2K Carrier 524.0,North America,4685.4,3.6,2100,12.2,True,0.0
C2K-LEG-3H2,C2K Carrier 187.0,Europe,3900.0,3.0,2100,12.2,False,0.1
C2K-LEG-1H2,C2K Carrier 671.0,Asia Pacific,3900.0,3.0,1300,11.4,False,0.0
C2K-LEG-1H2,C2K Carrier 671.0,Asia Pacific,3900.0,3.0,1300,11.4,False,0.0
C2K-LEG-3H2,C2K Carrier 349.0,Europe,3900.0,3.0,2100,12.2,False,0.0
C2K-LEG-3H2,C2K Carrier 308.0,North America,3900.0,3.0,2100,12.2,False,2.5
C2K-LEG-1H2,C2K Carrier 597.0,Asia Pacific,4604.2,3.5,1300,11.4,False,0.0
C2K-LEG-2H1,C2K Carrier 113.0,North America,1950.0,3.0,1500,10.3,False,0.0
C2K-LEG-1H1,C2K Carrier 201.0,Asia Pacific,1950.0,3.0,1100,9.9,False,1.5
C2K-LEG-1H2,C2K Carrier 579.0,North America,3900.0,3.0,1300,11.4,False,0.0
C2K-LEG-3H1,C2K Carrier 671.0,Asia Pacific,1950.0,3.0,1900,10.7,False,3.1
C2K-LEG-1H2,C2K Carrier 610.0,North America,3900.0,3.0,1300,11.4,True,0.8
C2K-LEG-3H1,C2K Carrier 411.0,Europe,1950.0,3.0,1900,10.7,True,0.0
C2K-LEG-1H2,C2K Carrier 671.0,Asia Pacific,3900.0,3.0,1300,11.4,False,0.0
C2K-LEG-3H2,C2K Carrier 339.0,North America,3900.0,3.0,2100,12.2,False,0.0
C2K-LEG-1H2,C2K Carrier 349.0,Europe,4658.3,3.6,1300,11.4,False,0.0
C2K-LEG-3H1,C2K Carrier 700.0,North America,1950.0,3.0,1900,10.7,False,6.4
C2K-LEG-3H2,C2K Carrier 610.0,North America,3900.0,3.0,2100,12.2,False,0.0
C2K-LEG-2H2,C2K Carrier 800.0,Middle East,3900.0,3.0,1700,11.8,False,0.0
C2K-LEG-1H1,C2K Carrier 700.0,North America,1950.0,3.0,1100,9.9,False,1.1
C2K-LEG-1H1,C2K Carrier 349.0,Europe,1950.0,3.0,1100,9.9,False,0.0
C2K-LEG-2H1,C2K Carrier 256.0,Asia Pacific,1950.0,3.0,1500,10.3,False,0.0
C2K-LEG-2H2,C2K Carrier 538.0,Asia Pacific,3900.0,3.0,1700,11.8,False,0.0
C2K-LEG-3H2,C2K Carrier 153.0,Asia Pacific,3900.0,3.0,2100,12.2,True,0.0
C2K-LEG-2H1,C2K Carrier 485.0,Europe,1950.0,3.0,1500,10.3,True,0.0
C2K-LEG-2H1,C2K Carrier 671.0,Asia Pacific,1950.0,3.0,1500,10.3,False,1.5
C2K-LEG-1H1,C2K Carrier 485.0,Europe,1950.0,3.0,1100,9.9,False,0.0
C2K-LEG-2H1,C2K Carrier 349.0,Europe,1950.0,3.0,1500,10.3,False,0.0
C2K-LEG-2H2,C2K Carrier 609.0,Europe,5552.1,4.3,1700,11.8,False,8.8
C2K-LEG-1H1,C2K Carrier 671.0,Asia Pacific,1950.0,3.0,1100,9.9,False,0.0
C2K-LEG-1H1,C2K Carrier 256.0,Asia Pacific,1950.0,3.0,1100,9.9,False,0.0
C2K-LEG-3H2,C2K Carrier 685.0,Middle East,3900.0,3.0,2100,12.2,False,0.0
C2K-LEG-2H2,C2K Carrier 527.0,Europe,6012.5,4.6,1700,11.8,False,0.0
C2K-LEG-3H2,C2K Carrier 671.0,Asia Pacific,3900.0,3.0,2100,12.2,False,0.0
C2K-LEG-1H2,C2K Carrier 413.0,North America,3900.0,3.0,1300,11.4,False,0.0
C2K-LEG-2H2,C2K Carrier 520.0,Europe,3900.0,3.0,1700,11.8,True,1.0
C2K-LEG-3H1,C2K Carrier 144.0,Middle East,1950.0,3.0,1900,10.7,True,0.0
C2K-LEG-2H2,C2K Carrier 770.0,Asia Pacific,4766.7,3.7,1700,11.8,False,0.0
C2K-LEG-1H2,C2K Carrier 610.0,North America,3900.0,3.0,1300,11.4,False,1.4
C2K-LEG-3H1,C2K Carrier 727.0,Europe,1950.0,3.0,1900,10.7,False,0.0
C2K-LEG-2H2,C2K Carrier 671.0,Asia Pacific,3900.0,3.0,1700,11.8,False,0.0
C2K-LEG-1H1,C2K Carrier 538.0,Asia Pacific,1950.0,3.0,1100,9.9,False,3.5
C2K-LEG-3H2,C2K Carrier 476.0,Middle East,4658.3,3.6,2100,12.2,False,6.6
C2K-LEG-3H2,C2K Carrier 187.0,Europe,3900.0,3.0,2100,12.2,False,0.0
C2K-LEG-2H1,C2K Carrier 700.0,North America,1950.0,3.0,1500,10.3,False,0.0
C2K-LEG-3H1,C2K Carrier 700.0,North America,1950.0,3.0,1900,10.7,False,10.1
C2K-LEG-1H2,C2K Carrier 671.0,Asia Pacific,3900.0,3.0,1300,11.4,False,5.2
C2K-LEG-2H2,C2K Carrier 423.0,Middle East,3900.0,3.0,1700,11.8,True,0.0
C2K-LEG-2H1,C2K Carrier 349.0,Europe,1950.0,3.0,1500,10.3,True,0.3
C2K-LEG-1H1,C2K Carrier 349.0,Europe,3015.3,4.6,1100,9.9,False,0.0
C2K-LEG-1H2,C2K Carrier 371.0,Asia Pacific,3900.0,3.0,1300,11.4,False,1.7
C2K-LEG-1H2,C2K Carrier 671.0,Asia Pacific,3900.0,3.0,1300,11.4,False,0.0
C2K-LEG-3H1,C2K Carrier 700.0,North America,1950.0,3.0,1900,10.7,False,2.5
C2K-LEG-3H1,C2K Carrier 431.0,Middle East,3015.3,4.6,1900,10.7,False,0.0
C2K-LEG-3H1,C2K Carrier 349.0,Europe,3015.3,4.6,1900,10.7,False,0.0
C2K-LEG-3H1,C2K Carrier 341.0,Europe,1950.0,3.0,1900,10.7,False,2.8
C2K-LEG-3H1,C2K Carrier 256.0,Asia Pacific,1950.0,3.0,1900,10.7,False,0.0
C2K-LEG-2H1,C2K Carrier 700.0,North America,1950.0,3.0,1500,10.3,False,0.0
C2K-LEG-2H1,C2K Carrier 700.0,North America,1950.0,3.0,1500,10.3,False,0.0
C2K-LEG-3H2,C2K Carrier 431.0,Middle East,4279.2,3.3,2100,12.2,True,0.0
C2K-LEG-2H1,C2K Carrier 610.0,North America,1950.0,3.0,1500,10.3,True,0.0
C2K-LEG-3H2,C2K Carrier 770.0,Asia Pacific,3900.0,3.0,2100,12.2,False,0.4
C2K-LEG-3H1,C2K Carrier 700.0,North America,1950.0,3.0,1900,10.7,False,0.0
C2K-LEG-3H2,C2K Carrier 153.0,Asia Pacific,3900.0,3.0,2100,12.2,False,6.2
C2K-LEG-1H2,C2K Carrier 727.0,Europe,3900.0,3.0,1300,11.4,False,0.0
C2K-LEG-2H2,C2K Carrier 299.0,North America,3900.0,3.0,1700,11.8,False,4.2
C2K-LEG-2H1,C2K Carrier 700.0,North America,1950.0,3.0,1500,10.3,False,0.0
C2K-LEG-2H1,C2K Carrier 671.0,Asia Pacific,1950.0,3.0,1500,10.3,False,0.0
C2K-LEG-3H2,C2K Carrier 257.0,Middle East,3900.0,3.0,2100,12.2,False,0.0
C2K-LEG-1H1,C2K Carrier 485.0,Europe,1950.0,3.0,1100,9.9,False,0.0
C2K-LEG-2H2,C2K Carrier 144.0,Middle East,3954.2,3.0,1700,11.8,False,0.0
C2K-LEG-2H2,C2K Carrier 597.0,Asia Pacific,4175.3,3.2,1700,11.8,True,0.0
C2K-LEG-3H1,C2K Carrier 411.0,Europe,1950.0,3.0,1900,10.7,True,1.1
C2K-LEG-3H1,C2K Carrier 256.0,Asia Pacific,1950.0,3.0,1900,10.7,False,0.0
C2K-LEG-3H1,C2K Carrier 144.0,Middle East,3331.2,5.1,1900,10.7,False,0.0
C2K-LEG-1H1,C2K Carrier 609.0,Europe,1950.0,3.0,1100,9.9,False,0.0
C2K-LEG-3H1,C2K Carrier 349.0,Europe,1950.0,3.0,1900,10.7,False,0.1
C2K-LEG-2H1,C2K Carrier 727.0,Europe,1950.0,3.0,1500,10.3,False,0.0
C2K-LEG-3H2,C2K Carrier 778.0,North America,3900.0,3.0,2100,12.2,False,0.0
C2K-LEG-3H1,C2K Carrier 700.0,North America,1950.0,3.0,1900,10.7,False,2.0
C2K-LEG-1H2,C2K Carrier 671.0,Asia Pacific,3900.0,3.0,1300,11.4,False,0.0
C2K-LEG-1H2,C2K Carrier 476.0,Middle East,4658.3,3.6,1300,11.4,False,0.0
C2K-LEG-3H2,C2K Carrier 770.0,Asia Pacific,3900.0,3.0,2100,12.2,False,0.1
C2K-LEG-1H1,C2K Carrier 485.0,Europe,1950.0,3.0,1100,9.9,True,0.0
C2K-LEG-1H1,C2K Carrier 485.0,Europe,3015.3,4.6,1100,9.9,True,0.0
C2K-LEG-1H1,C2K Carrier 609.0,Europe,1950.0,3.0,1100,9.9,False,4.0
C2K-LEG-1H1,C2K Carrier 727.0,Europe,1950.0,3.0,1100,9.9,False,3.8
C2K-LEG-1H2,C2K Carrier 609.0,Europe,3900.0,3.0,1300,11.4,False,33.9
C2K-LEG-1H2,C2K Carrier 371.0,Asia Pacific,4604.2,3.5,1300,11.4,False,0.0
C2K-LEG-1H1,C2K Carrier 149.0,Middle East,3141.7,4.8,1100,9.9,False,1.1
C2K-LEG-3H1,C2K Carrier 700.0,North America,1950.0,3.0,1900,10.7,False,0.0
C2K-LEG-3H2,C2K Carrier 809.0,Middle East,3900.0,3.0,2100,12.2,False,0.0
C2K-LEG-2H2,C2K Carrier 485.0,Europe,3900.0,3.0,1700,11.8,False,0.0
C2K-LEG-1H2,C2K Carrier 671.0,Asia Pacific,3900.0,3.0,1300,11.4,False,0.0
C2K-LEG-3H1,C2K Carrier 349.0,Europe,1950.0,3.0,1900,10.7,False,0.3
C2K-LEG-1H2,C2K Carrier 671.0,Asia Pacific,3900.0,3.0,1300,11.4,True,0.0
C2K-LEG-1H1,C2K Carrier 700.0,North America,1950.0,3.0,1100,9.9,True,0.0
C2K-LEG-1H1,C2K Carrier 700.0,North America,1950.0,3.0,1100,9.9,False,0.0
C2K-LEG-1H1,C2K Carrier 113.0,North America,1950.0,3.0,1100,9.9,False,0.0
C2K-LEG-3H1,C2K Carrier 485.0,Europe,1950.0,3.0,1900,10.7,False,0.0
C2K-LEG-1H2,C2K Carrier 671.0,Asia Pacific,3900.0,3.0,1300,11.4,False,0.4
C2K-LEG-3H2,C2K Carrier 216.0,North America,3900.0,3.0,2100,12.2,False,0.0
C2K-LEG-2H1,C2K Carrier 700.0,North America,1950.0,3.0,1500,10.3,False,5.8
C2K-LEG-2H2,C2K Carrier 727.0,Europe,3900.0,3.0,1700,11.8,False,0.0
C2K-LEG-1H1,C2K Carrier 371.0,Asia Pacific,1950.0,3.0,1100,9.9,False,0.2
C2K-LEG-1H1,C2K Carrier 371.0,Asia Pacific,1950.0,3.0,1100,9.9,False,0.8
C2K-LEG-2H2,C2K Carrier 671.0,Asia Pacific,3900.0,3.0,1700,11.8,False,0.0
C2K-LEG-2H1,C2K Carrier 349.0,Europe,1950.0,3.0,1500,10.3,True,0.0
C2K-LEG-2H1,C2K Carrier 700.0,North America,1950.0,3.0,1500,10.3,True,0.0
C2K-LEG-2H2,C2K Carrier 700.0,North America,3900.0,3.0,1700,11.8,False,1.8
C2K-LEG-3H1,C2K Carrier 485.0,Europe,1950.0,3.0,1900,10.7,False,0.0
C2K-LEG-1H2,C2K Carrier 413.0,North America,3900.0,3.0,1300,11.4,False,0.0
C2K-LEG-2H2,C2K Carrier 485.0,Europe,4279.2,3.3,1700,11.8,False,0.0
C2K-LEG-1H1,C2K Carrier 700.0,North America,1950.0,3.0,1100,9.9,False,0.0
C2K-LEG-2H1,C2K Carrier 476.0,Middle East,1950.0,3.0,1500,10.3,False,0.0
C2K-LEG-2H2,C2K Carrier 196.0,Middle East,3900.0,3.0,1700,11.8,False,0.0
C2K-LEG-2H2,C2K Carrier 349.0,Europe,4929.2,3.8,1700,11.8,False,0.0
C2K-LEG-1H2,C2K Carrier 411.0,Europe,3900.0,3.0,1300,11.4,False,0.0
C2K-LEG-3H1,C2K Carrier 256.0,Asia Pacific,1950.0,3.0,1900,10.7,False,0.0
C2K-LEG-1H1,C2K Carrier 468.0,North America,1950.0,3.0,1100,9.9,True,0.5
C2K-LEG-1H1,C2K Carrier 349.0,Europe,1950.0,3.0,1100,9.9,True,0.3
C2K-LEG-1H2,C2K Carrier 527.0,Europe,6012.5,4.6,1300,11.4,False,0.0
C2K-LEG-3H1,C2K Carrier 144.0,Middle East,1950.0,3.0,1900,10.7,False,0.0
C2K-LEG-1H2,C2K Carrier 671.0,Asia Pacific,3900.0,3.0,1300,11.4,False,0.0
C2K-LEG-3H1,C2K Carrier 727.0,Europe,1950.0,3.0,1900,10.7,False,0.0
C2K-LEG-3H2,C2K Carrier 671.0,Asia Pacific,3900.0,3.0,2100,12.2,False,0.0
C2K-LEG-2H2,C2K Carrier 527.0,Europe,6229.2,4.8,1700,11.8,False,6.4
C2K-LEG-2H1,C2K Carrier 700.0,North America,1950.0,3.0,1500,10.3,False,0.0
C2K-LEG-3H1,C2K Carrier 671.0,Asia Pacific,1950.0,3.0,1900,10.7,False,0.5
C2K-LEG-3H2,C2K Carrier 349.0,Europe,3900.0,3.0,2100,12.2,False,4.0
C2K-LEG-1H2,C2K Carrier 641.0,Asia Pacific,3900.0,3.0,1300,11.4,False,0.0
C2K-LEG-1H2,C2K Carrier 377.0,Europe,4604.2,3.5,1300,11.4,True,0.0
C2K-LEG-1H1,C2K Carrier 700.0,North America,1950.0,3.0,1100,9.9,True,0.2
C2K-LEG-1H2,C2K Carrier 206.0,Middle East,3900.0,3.0,1300,11.4,False,0.0
C2K-LEG-2H1,C2K Carrier 349.0,Europe,1950.0,3.0,1500,10.3,False,0.3
C2K-LEG-3H2,C2K Carrier 349.0,Europe,5416.7,4.2,2100,12.2,False,0.0
C2K-LEG-1H1,C2K Carrier 700.0,North America,1950.0,3.0,1100,9.9,False,0.0
C2K-LEG-1H1,C2K Carrier 349.0,Europe,3015.3,4.6,1100,9.9,False,0.0
C2K-LEG-3H2,C2K Carrier 441.0,North America,4658.3,3.6,2100,12.2,False,1.0
C2K-LEG-3H1,C2K Carrier 349.0,Europe,1950.0,3.0,1900,10.7,False,2.2
C2K-LEG-3H2,C2K Carrier 700.0,North America,3900.0,3.0,2100,12.2,False,0.0
C2K-LEG-2H2,C2K Carrier 413.0,North America,3900.0,3.0,1700,11.8,False,0.0
C2K-LEG-2H1,C2K Carrier 700.0,North America,1950.0,3.0,1500,10.3,False,0.1
C2K-LEG-2H1,C2K Carrier 349.0,Europe,1950.0,3.0,1500,10.3,True,0.0
C2K-LEG-3H2,C2K Carrier 727.0,Europe,3900.0,3.0,2100,12.2,True,0.0
C2K-LEG-2H1,C2K Carrier 700.0,North America,1950.0,3.0,1500,10.3,False,2.0
C2K-LEG-3H1,C2K Carrier 700.0,North America,1950.0,3.0,1900,10.7,False,0.0
C2K-LEG-1H2,C2K Carrier 671.0,Asia Pacific,3900.0,3.0,1300,11.4,False,0.0
C2K-LEG-1H2,C2K Carrier 349.0,Europe,3900.0,3.0,1300,11.4,False,0.3
C2K-LEG-1H2,C2K Carrier 671.0,Asia Pacific,3900.0,3.0,1300,11.4,False,0.0
C2K-LEG-1H2,C2K Carrier 411.0,Europe,3900.0,3.0,1300,11.4,False,4.6
C2K-LEG-3H2,C2K Carrier 597.0,Asia Pacific,3900.0,3.0,2100,12.2,False,0.0
C2K-LEG-1H2,C2K Carrier 667.0,Middle East,3900.0,3.0,1300,11.4,False,0.0
C2K-LEG-2H2,C2K Carrier 700.0,North America,3900.0,3.0,1700,11.8,False,0.0
C2K-LEG-2H2,C2K Carrier 628.0,Middle East,3900.0,3.0,1700,11.8,False,0.0
C2K-LEG-3H2,C2K Carrier 281.0,Asia Pacific,3900.0,3.0,2100,12.2,True,0.0
C2K-LEG-3H1,C2K Carrier 700.0,North America,1950.0,3.0,1900,10.7,True,0.0
C2K-LEG-2H2,C2K Carrier 257.0,Middle East,3900.0,3.0,1700,11.8,False,0.1
C2K-LEG-1H2,C2K Carrier 485.0,Europe,3900.0,3.0,1300,11.4,False,29.7
C2K-LEG-2H1,C2K Carrier 700.0,North America,1950.0,3.0,1500,10.3,False,0.0
C2K-LEG-1H2,C2K Carrier 671.0,Asia Pacific,3900.0,3.0,1300,11.4,False,17.5
C2K-LEG-3H2,C2K Carrier 257.0,Middle East,6283.3,4.8,2100,12.2,False,0.0
C2K-LEG-1H2,C2K Carrier 752.0,Asia Pacific,3900.0,3.0,1300,11.4,False,0.0
C2K-LEG-1H2,C2K Carrier 349.0,Europe,6229.2,4.8,1300,11.4,False,0.0
C2K-LEG-2H1,C2K Carrier 485.0,Europe,1950.0,3.0,1500,10.3,False,0.0
C2K-LEG-1H2,C2K Carrier 281.0,Asia Pacific,3900.0,3.0,1300,11.4,False,2.8
C2K-LEG-1H2,C2K Carrier 281.0,Asia Pacific,3900.0,3.0,1300,11.4,False,2.5
C2K-LEG-2H2,C2K Carrier 576.0,Europe,3900.0,3.0,1700,11.8,True,1.0
C2K-LEG-2H2,C2K Carrier 671.0,Asia Pacific,3900.0,3.0,1700,11.8,True,2.3
C2K-LEG-2H1,C2K Carrier 485.0,Europe,2708.3,4.2,1500,10.3,False,0.0
C2K-LEG-2H2,C2K Carrier 476.0,Middle East,3900.0,3.0,1700,11.8,False,0.0
C2K-LEG-1H2,C2K Carrier 571.0,Europe,3900.0,3.0,1300,11.4,False,15.6
C2K-LEG-3H1,C2K Carrier 700.0,North America,1950.0,3.0,1900,10.7,False,0.0
C2K-LEG-3H1,C2K Carrier 700.0,North America,1950.0,3.0,1900,10.7,False,0.0
C2K-LEG-2H1,C2K Carrier 485.0,Europe,1950.0,3.0,1500,10.3,False,0.0
C2K-LEG-1H1,C2K Carrier 671.0,Asia Pacific,3114.6,4.8,1100,9.9,False,56.6
C2K-LEG-3H1,C2K Carrier 576.0,Europe,1950.0,3.0,1900,10.7,False,0.0
C2K-LEG-3H2,C2K Carrier 349.0,Europe,6283.3,4.8,2100,12.2,False,2.1
C2K-LEG-1H1,C2K Carrier 700.0,North America,1950.0,3.0,1100,9.9,False,0.0
C2K-LEG-3H1,C2K Carrier 571.0,Europe,1950.0,3.0,1900,10.7,True,0.0
C2K-LEG-1H1,C2K Carrier 700.0,North America,1950.0,3.0,1100,9.9,True,4.7
C2K-LEG-3H1,C2K Carrier 700.0,North America,1950.0,3.0,1900,10.7,False,0.0
C2K-LEG-3H2,C2K Carrier 667.0,Middle East,3900.0,3.0,2100,12.2,False,0.0
C2K-LEG-2H2,C2K Carrier 809.0,Middle East,3900.0,3.0,1700,11.8,False,11.2
C2K-LEG-2H1,C2K Carrier 527.0,Europe,1950.0,3.0,1500,10.3,False,1.2
C2K-LEG-1H1,C2K Carrier 476.0,Middle East,1950.0,3.0,1100,9.9,False,1.9
C2K-LEG-1H2,C2K Carrier 327.0,Europe,5525.0,4.2,1300,11.4,False,0.0
C2K-LEG-3H2,C2K Carrier 671.0,Asia Pacific,3900.0,3.0,2100,12.2,False,0.0
C2K-LEG-2H2,C2K Carrier 349.0,Europe,4658.3,3.6,1700,11.8,False,0.0
C2K-LEG-2H2,C2K Carrier 349.0,Europe,3900.0,3.0,1700,11.8,False,17.2
C2K-LEG-2H2,C2K Carrier 690.0,North America,3900.0,3.0,1700,11.8,False,4.5
C2K-LEG-2H1,C2K Carrier 349.0,Europe,1950.0,3.0,1500,10.3,True,0.1
C2K-LEG-1H2,C2K Carrier 671.0,Asia Pacific,3900.0,3.0,1300,11.4,True,0.5
C2K-LEG-2H1,C2K Carrier 700.0,North America,1950.0,3.0,1500,10.3,False,0.0
C2K-LEG-2H2,C2K Carrier 671.0,Asia Pacific,3900.0,3.0,1700,11.8,False,0.0
C2K-LEG-1H1,C2K Carrier 700.0,North America,1950.0,3.0,1100,9.9,False,0.0
C2K-LEG-2H1,C2K Carrier 778.0,North America,1950.0,3.0,1500,10.3,False,0.7
C2K-LEG-1H2,C2K Carrier 206.0,Middle East,3900.0,3.0,1300,11.4,False,0.0
C2K-LEG-2H1,C2K Carrier 700.0,North America,1950.0,3.0,1500,10.3,False,0.0
C2K-LEG-1H2,C2K Carrier 649.0,Middle East,4658.3,3.6,1300,11.4,False,0.0
C2K-LEG-2H2,C2K Carrier 371.0,Asia Pacific,3900.0,3.0,1700,11.8,False,3.6
C2K-LEG-1H1,C2K Carrier 700.0,North America,1950.0,3.0,1100,9.9,False,1.3
C2K-LEG-2H1,C2K Carrier 700.0,North America,1950.0,3.0,1500,10.3,False,0.4
C2K-LEG-2H2,C2K Carrier 149.0,Middle East,3900.0,3.0,1700,11.8,True,0.0
C2K-LEG-1H2,C2K Carrier 243.0,North America,4604.2,3.5,1300,11.4,True,0.0
C2K-LEG-1H2,C2K Carrier 527.0,Europe,3900.0,3.0,1300,11.4,False,0.0
C2K-LEG-1H2,C2K Carrier 610.0,North America,3900.0,3.0,1300,11.4,False,0.0
C2K-LEG-1H2,C2K Carrier 694.0,North America,3900.0,3.0,1300,11.4,False,0.0
C2K-LEG-3H1,C2K Carrier 609.0,Europe,1950.0,3.0,1900,10.7,False,0.0
C2K-LEG-3H1,C2K Carrier 113.0,North America,1950.0,3.0,1900,10.7,False,0.0
C2K-LEG-1H1,C2K Carrier 700.0,North America,1950.0,3.0,1100,9.9,False,0.0
C2K-LEG-3H2,C2K Carrier 388.0,Asia Pacific,3900.0,3.0,2100,12.2,False,0.7
C2K-LEG-3H2,C2K Carrier 527.0,Europe,6283.3,4.8,2100,12.2,False,0.0
C2K-LEG-2H1,C2K Carrier 349.0,Europe,1950.0,3.0,1500,10.3,False,0.7
C2K-LEG-3H2,C2K Carrier 753.0,Middle East,8883.3,6.8,2100,12.2,False,0.0
C2K-LEG-2H1,C2K Carrier 485.0,Europe,1950.0,3.0,1500,10.3,True,0.0
C2K-LEG-3H2,C2K Carrier 257.0,Middle East,3900.0,3.0,2100,12.2,True,0.1
C2K-LEG-2H2,C2K Carrier 216.0,North America,3900.0,3.0,1700,11.8,False,0.0
C2K-LEG-1H1,C2K Carrier 700.0,North America,1950.0,3.0,1100,9.9,False,0.0
C2K-LEG-3H2,C2K Carrier 671.0,Asia Pacific,3900.0,3.0,2100,12.2,False,0.0
C2K-LEG-3H2,C2K Carrier 597.0,Asia Pacific,3900.0,3.0,2100,12.2,False,0.0
C2K-LEG-2H1,C2K Carrier 349.0,Europe,1950.0,3.0,1500,10.3,False,0.0
C2K-LEG-2H1,C2K Carrier 571.0,Europe,2025.8,3.1,1500,10.3,False,1.0
C2K-LEG-1H1,C2K Carrier 485.0,Europe,1950.0,3.0,1100,9.9,False,0.0
C2K-LEG-1H1,C2K Carrier 485.0,Europe,1950.0,3.0,1100,9.9,False,0.0
C2K-LEG-3H1,C2K Carrier 431.0,Middle East,3015.3,4.6,1900,10.7,False,0.0
C2K-LEG-2H1,C2K Carrier 671.0,Asia Pacific,3006.2,4.6,1500,10.3,False,0.0
C2K-LEG-3H2,C2K Carrier 349.0,Europe,3900.0,3.0,2100,12.2,True,0.0
C2K-LEG-3H2,C2K Carrier 411.0,Europe,3900.0,3.0,2100,12.2,True,0.0
C2K-LEG-2H2,C2K Carrier 476.0,Middle East,4658.3,3.6,1700,11.8,False,0.0
C2K-LEG-3H2,C2K Carrier 485.0,Europe,3900.0,3.0,2100,12.2,False,0.0
C2K-LEG-3H1,C2K Carrier 349.0,Europe,1950.0,3.0,1900,10.7,False,1.1
C2K-LEG-1H1,C2K Carrier 700.0,North America,1950.0,3.0,1100,9.9,False,0.0
C2K-LEG-1H1,C2K Carrier 349.0,Europe,1950.0,3.0,1100,9.9,False,0.0
C2K-LEG-1H1,C2K Carrier 349.0,Europe,1950.0,3.0,1100,9.9,False,0.0
C2K-LEG-3H1,C2K Carrier 113.0,North America,1950.0,3.0,1900,10.7,False,0.0
C2K-LEG-2H1,C2K Carrier 700.0,North America,1950.0,3.0,1500,10.3,False,0.0
C2K-LEG-3H2,C2K Carrier 201.0,Asia Pacific,3900.0,3.0,2100,12.2,False,0.2
C2K-LEG-3H2,C2K Carrier 349.0,Europe,3900.0,3.0,2100,12.2,False,1.7
C2K-LEG-2H1,C2K Carrier 698.0,North America,1950.0,3.0,1500,10.3,True,0.4
C2K-LEG-2H2,C2K Carrier 798.0,Asia Pacific,3900.0,3.0,1700,11.8,True,0.0
C2K-LEG-1H1,C2K Carrier 441.0,North America,1950.0,3.0,1100,9.9,False,1.9
C2K-LEG-1H1,C2K Carrier 349.0,Europe,1950.0,3.0,1100,9.9,False,0.0
C2K-LEG-3H1,C2K Carrier 671.0,Asia Pacific,1950.0,3.0,1900,10.7,False,0.6
C2K-LEG-1H2,C2K Carrier 671.0,Asia Pacific,3900.0,3.0,1300,11.4,False,0.0
C2K-LEG-1H1,C2K Carrier 349.0,Europe,1950.0,3.0,1100,9.9,False,0.0
C2K-LEG-1H1,C2K Carrier 700.0,North America,1950.0,3.0,1100,9.9,False,0.0
C2K-LEG-3H1,C2K Carrier 371.0,Asia Pacific,1950.0,3.0,1900,10.7,False,2.4
C2K-LEG-1H1,C2K Carrier 700.0,North America,1950.0,3.0,1100,9.9,False,0.0
C2K-LEG-1H1,C2K Carrier 700.0,North America,1950.0,3.0,1100,9.9,False,4.5
C2K-LEG-2H1,C2K Carrier 671.0,Asia Pacific,1950.0,3.0,1500,10.3,False,0.0
C2K-LEG-2H2,C2K Carrier 257.0,Middle East,3900.0,3.0,1700,11.8,True,0.0
C2K-LEG-1H2,C2K Carrier 787.0,Middle East,3900.0,3.0,1300,11.4,True,1.8
C2K-LEG-2H1,C2K Carrier 700.0,North America,1950.0,3.0,1500,10.3,False,0.0
C2K-LEG-2H1,C2K Carrier 700.0,North America,1950.0,3.0,1500,10.3,False,0.0
C2K-LEG-1H1,C2K Carrier 349.0,Europe,1950.0,3.0,1100,9.9,False,0.0
C2K-LEG-2H2,C2K Carrier 413.0,North America,3900.0,3.0,1700,11.8,False,0.0
C2K-LEG-3H1,C2K Carrier 700.0,North America,1950.0,3.0,1900,10.7,False,4.6
C2K-LEG-1H1,C2K Carrier 700.0,North America,1950.0,3.0,1100,9.9,False,0.0
C2K-LEG-3H2,C2K Carrier 628.0,Middle East,3900.0,3.0,2100,12.2,False,0.0
C2K-LEG-2H2,C2K Carrier 609.0,Europe,3900.0,3.0,1700,11.8,False,0.0
C2K-LEG-3H2,C2K Carrier 610.0,North America,3900.0,3.0,2100,12.2,False,0.0
C2K-LEG-3H1,C2K Carrier 700.0,North America,1950.0,3.0,1900,10.7,False,0.0
C2K-LEG-1H1,C2K Carrier 609.0,Europe,1950.0,3.0,1100,9.9,True,0.0
C2K-LEG-2H1,C2K Carrier 413.0,North America,1950.0,3.0,1500,10.3,True,0.0
C2K-LEG-1H2,C2K Carrier 671.0,Asia Pacific,3900.0,3.0,1300,11.4,False,5.2
C2K-LEG-1H2,C2K Carrier 281.0,Asia Pacific,3900.0,3.0,1300,11.4,False,0.0
C2K-LEG-1H1,C2K Carrier 700.0,North America,1950.0,3.0,1100,9.9,False,0.0
C2K-LEG-2H1,C2K Carrier 700.0,North America,1950.0,3.0,1500,10.3,False,0.0
C2K-LEG-1H2,C2K Carrier 671.0,Asia Pacific,3900.0,3.0,1300,11.4,False,0.0
C2K-LEG-2H2,C2K Carrier 371.0,Asia Pacific,4604.2,3.5,1700,11.8,False,0.0
C2K-LEG-1H1,C2K Carrier 485.0,Europe,1950.0,3.0,1100,9.9,False,0.0
C2K-LEG-2H1,C2K Carrier 700.0,North America,1950.0,3.0,1500,10.3,False,0.0
C2K-LEG-1H2,C2K Carrier 206.0,Middle East,3900.0,3.0,1300,11.4,False,0.0
C2K-LEG-1H1,C2K Carrier 671.0,Asia Pacific,3114.6,4.8,1100,9.9,False,67.3
C2K-LEG-2H2,C2K Carrier 257.0,Middle East,3900.0,3.0,1700,11.8,True,0.0
C2K-LEG-3H1,C2K Carrier 485.0,Europe,1950.0,3.0,1900,10.7,True,0.0
C2K-LEG-1H1,C2K Carrier 149.0,Middle East,3141.7,4.8,1100,9.9,False,0.1
C2K-LEG-3H1,C2K Carrier 431.0,Middle East,1950.0,3.0,1900,10.7,False,0.0
C2K-LEG-3H2,C2K Carrier 527.0,Europe,6283.3,4.8,2100,12.2,False,0.0
C2K-LEG-1H2,C2K Carrier 671.0,Asia Pacific,3900.0,3.0,1300,11.4,False,2.6
C2K-LEG-2H1,C2K Carrier 700.0,North America,1950.0,3.0,1500,10.3,False,0.0
C2K-LEG-2H2,C2K Carrier 299.0,North America,3900.0,3.0,1700,11.8,False,0.0
C2K-LEG-2H1,C2K Carrier 809.0,Middle East,1950.0,3.0,1500,10.3,False,0.0
C2K-LEG-3H2,C2K Carrier 485.0,Europe,3900.0,3.0,2100,12.2,False,0.0
C2K-LEG-3H2,C2K Carrier 349.0,Europe,6283.3,4.8,2100,12.2,False,7.1
C2K-LEG-2H2,C2K Carrier 671.0,Asia Pacific,3900.0,3.0,1700,11.8,False,0.0
C2K-LEG-2H1,C2K Carrier 485.0,Europe,3015.3,4.6,1500,10.3,True,0.0
C2K-LEG-1H1,C2K Carrier 485.0,Europe,3015.3,4.6,1100,9.9,True,0.0
C2K-LEG-1H2,C2K Carrier 206.0,Middle East,4604.2,3.5,1300,11.4,False,5.4
C2K-LEG-3H2,C2K Carrier 411.0,Europe,3900.0,3.0,2100,12.2,False,0.0
C2K-LEG-2H1,C2K Carrier 700.0,North America,1950.0,3.0,1500,10.3,False,0.0
C2K-LEG-3H2,C2K Carrier 196.0,Middle East,3900.0,3.0,2100,12.2,False,1.3
C2K-LEG-3H1,C2K Carrier 441.0,North America,1950.0,3.0,1900,10.7,False,0.0
C2K-LEG-2H3,C2K Carrier 293.0,Asia Pacific,5850.0,3.0,1900,13.3,False,0.3
C2K-LEG-2H1,C2K Carrier 349.0,Europe,1950.0,3.0,1500,10.3,False,0.3
C2K-LEG-3H1,C2K Carrier 671.0,Asia Pacific,3006.2,4.6,1900,10.7,False,0.0
C2K-LEG-1H2,C2K Carrier 431.0,Middle East,4604.2,3.5,1300,11.4,False,0.0
C2K-LEG-3H2,C2K Carrier 527.0,Europe,6229.2,4.8,2100,12.2,False,33.1
C2K-LEG-3H1,C2K Carrier 700.0,North America,1950.0,3.0,1900,10.7,True,0.0
C2K-LEG-2H1,C2K Carrier 485.0,Europe,1950.0,3.0,1500,10.3,True,0.0
C2K-LEG-1H2,C2K Carrier 485.0,Europe,4279.2,3.3,1300,11.4,False,0.0
C2K-LEG-3H2,C2K Carrier 409.0,North America,3900.0,3.0,2100,12.2,False,0.0
C2K-LEG-2H2,C2K Carrier 123.0,Middle East,3900.0,3.0,1700,11.8,False,0.0
C2K-LEG-2H2,C2K Carrier 527.0,Europe,6229.2,4.8,1700,11.8,False,4.3
C2K-LEG-3H1,C2K Carrier 700.0,North America,1950.0,3.0,1900,10.7,False,0.0
C2K-LEG-2H1,C2K Carrier 527.0,Europe,3015.3,4.6,1500,10.3,False,6.7
C2K-LEG-1H2,C2K Carrier 476.0,Middle East,3900.0,3.0,1300,11.4,False,0.0
C2K-LEG-1H2,C2K Carrier 441.0,North America,3900.0,3.0,1300,11.4,False,0.8
C2K-LEG-2H1,C2K Carrier 700.0,North America,1950.0,3.0,1500,10.3,False,0.0
C2K-LEG-3H1,C2K Carrier 700.0,North America,1950.0,3.0,1900,10.7,False,0.0
C2K-LEG-3H1,C2K Carrier 597.0,Asia Pacific,1950.0,3.0,1900,10.7,True,2.7
C2K-LEG-3H2,C2K Carrier 349.0,Europe,5416.7,4.2,2100,12.2,True,0.0
C2K-LEG-1H1,C2K Carrier 700.0,North America,1950.0,3.0,1100,9.9,False,0.0
C2K-LEG-3H2,C2K Carrier 413.0,North America,3900.0,3.0,2100,12.2,False,0.0
C2K-LEG-3H1,C2K Carrier 671.0,Asia Pacific,1950.0,3.0,1900,10.7,False,0.0
C2K-LEG-2H1,C2K Carrier 700.0,North America,1950.0,3.0,1500,10.3,False,0.0
C2K-LEG-2H1,C2K Carrier 671.0,Asia Pacific,1950.0,3.0,1500,10.3,False,0.3
C2K-LEG-2H1,C2K Carrier 597.0,Asia Pacific,1950.0,3.0,1500,10.3,False,0.0
C2K-LEG-2H1,C2K Carrier 700.0,North America,1950.0,3.0,1500,10.3,False,1.3
C2K-LEG-1H1,C2K Carrier 349.0,Europe,3015.3,4.6,1100,9.9,False,0.0
C2K-LEG-2H1,C2K Carrier 281.0,Asia Pacific,1950.0,3.0,1500,10.3,False,0.0
C2K-LEG-3H2,C2K Carrier 671.0,Asia Pacific,3900.0,3.0,2100,12.2,False,0.0
C2K-LEG-3H1,C2K Carrier 349.0,Europe,1950.0,3.0,1900,10.7,True,0.0
C2K-LEG-2H2,C2K Carrier 299.0,North America,3900.0,3.0,1700,11.8,True,0.0
C2K-LEG-2H2,C2K Carrier 700.0,North America,3900.0,3.0,1700,11.8,False,0.0
C2K-LEG-2H1,C2K Carrier 809.0,Middle East,3015.3,4.6,1500,10.3,False,0.0
C2K-LEG-1H2,C2K Carrier 798.0,Asia Pacific,3900.0,3.0,1300,11.4,False,0.0
C2K-LEG-3H1,C2K Carrier 332.0,North America,1950.0,3.0,1900,10.7,False,0.1
C2K-LEG-1H2,C2K Carrier 671.0,Asia Pacific,6391.7,4.9,1300,11.4,False,0.5
C2K-LEG-2H1,C2K Carrier 700.0,North America,1950.0,3.0,1500,10.3,False,13.5
C2K-LEG-3H2,C2K Carrier 671.0,Asia Pacific,3900.0,3.0,2100,12.2,False,0.6
C2K-LEG-3H1,C2K Carrier 700.0,North America,1950.0,3.0,1900,10.7,False,0.0
C2K-LEG-2H2,C2K Carrier 628.0,Middle East,3900.0,3.0,1700,11.8,False,0.0
C2K-LEG-3H2,C2K Carrier 527.0,Europe,3900.0,3.0,2100,12.2,False,0.0
C2K-LEG-2H2,C2K Carrier 527.0,Europe,3900.0,3.0,1700,11.8,True,0.0
C2K-LEG-3H1,C2K Carrier 809.0,Middle East,1950.0,3.0,1900,10.7,True,1.6
C2K-LEG-2H2,C2K Carrier 798.0,Asia Pacific,3900.0,3.0,1700,11.8,False,0.0
C2K-LEG-2H1,C2K Carrier 700.0,North America,1950.0,3.0,1500,10.3,False,0.0
C2K-LEG-1H1,C2K Carrier 609.0,Europe,1950.0,3.0,1100,9.9,False,10.8
C2K-LEG-3H2,C2K Carrier 431.0,Middle East,3900.0,3.0,2100,12.2,False,0.0
C2K-LEG-1H1,C2K Carrier 700.0,North America,1950.0,3.0,1100,9.9,False,8.6
C2K-LEG-1H1,C2K Carrier 609.0,Europe,1950.0,3.0,1100,9.9,False,0.0
C2K-LEG-3H2,C2K Carrier 809.0,Middle East,3900.0,3.0,2100,12.2,False,7.9
C2K-LEG-2H1,C2K Carrier 431.0,Middle East,1950.0,3.0,1500,10.3,False,0.0
C2K-LEG-1H1,C2K Carrier 700.0,North America,1950.0,3.0,1100,9.9,False,0.0
C2K-LEG-2H1,C2K Carrier 700.0,North America,1950.0,3.0,1500,10.3,False,0.0
C2K-LEG-3H2,C2K Carrier 783.0,Europe,5416.7,4.2,2100,12.2,True,0.0
C2K-LEG-3H1,C2K Carrier 700.0,North America,1950.0,3.0,1900,10.7,True,0.0
C2K-LEG-1H2,C2K Carrier 610.0,North America,3900.0,3.0,1300,11.4,False,0.0
C2K-LEG-1H2,C2K Carrier 413.0,North America,3900.0,3.0,1300,11.4,False,0.0
C2K-LEG-1H2,C2K Carrier 371.0,Asia Pacific,3900.0,3.0,1300,11.4,False,0.0
C2K-LEG-2H1,C2K Carrier 485.0,Europe,1950.0,3.0,1500,10.3,False,0.0
C2K-LEG-2H1,C2K Carrier 349.0,Europe,1950.0,3.0,1500,10.3,False,0.2
C2K-LEG-3H2,C2K Carrier 441.0,North America,3900.0,3.0,2100,12.2,False,0.2
C2K-LEG-3H1,C2K Carrier 700.0,North America,1950.0,3.0,1900,10.7,False,0.0
C2K-LEG-1H1,C2K Carrier 281.0,Asia Pacific,1950.0,3.0,1100,9.9,False,0.0
C2K-LEG-2H2,C2K Carrier 441.0,North America,3900.0,3.0,1700,11.8,False,0.0
C2K-LEG-1H1,C2K Carrier 201.0,Asia Pacific,1950.0,3.0,1100,9.9,False,0.9
C2K-LEG-2H2,C2K Carrier 281.0,Asia Pacific,3900.0,3.0,1700,11.8,True,0.0
C2K-LEG-2H1,C2K Carrier 485.0,Europe,1950.0,3.0,1500,10.3,True,0.0
C2K-LEG-3H1,C2K Carrier 700.0,North America,1950.0,3.0,1900,10.7,False,0.7
C2K-LEG-2H1,C2K Carrier 700.0,North America,1950.0,3.0,1500,10.3,False,0.0
C2K-LEG-1H1,C2K Carrier 700.0,North America,1950.0,3.0,1100,9.9,False,0.0
C2K-LEG-3H2,C2K Carrier 413.0,North America,3900.0,3.0,2100,12.2,False,0.0
C2K-LEG-3H2,C2K Carrier 778.0,North America,3900.0,3.0,2100,12.2,False,0.0
C2K-LEG-2H1,C2K Carrier 609.0,Europe,1950.0,3.0,1500,10.3,False,0.0
C2K-LEG-3H1,C2K Carrier 700.0,North America,1950.0,3.0,1900,10.7,False,0.7
C2K-LEG-2H1,C2K Carrier 134.0,North America,1950.0,3.0,1500,10.3,False,5.3
C2K-LEG-3H2,C2K Carrier 113.0,North America,3900.0,3.0,2100,12.2,False,1.1
C2K-LEG-1H2,C2K Carrier 485.0,Europe,4279.2,3.3,1300,11.4,False,0.0
C2K-LEG-1H2,C2K Carrier 671.0,Asia Pacific,3900.0,3.0,1300,11.4,True,34.3
C2K-LEG-1H1,C2K Carrier 700.0,North America,1950.0,3.0,1100,9.9,True,0.3
C2K-LEG-3H1,C2K Carrier 349.0,Europe,1950.0,3.0,1900,10.7,False,4.4
C2K-LEG-1H2,C2K Carrier 597.0,Asia Pacific,4712.5,3.6,1300,11.4,False,0.0
C2K-LEG-3H1,C2K Carrier 413.0,North America,1950.0,3.0,1900,10.7,False,0.0
C2K-LEG-1H1,C2K Carrier 409.0,North America,1950.0,3.0,1100,9.9,False,0.0
C2K-LEG-1H1,C2K Carrier 700.0,North America,1950.0,3.0,1100,9.9,False,0.0
C2K-LEG-2H1,C2K Carrier 349.0,Europe,3015.3,4.6,1500,10.3,False,0.0
C2K-LEG-3H2,C2K Carrier 671.0,Asia Pacific,3900.0,3.0,2100,12.2,False,0.0
C2K-LEG-2H2,C2K Carrier 610.0,North America,3900.0,3.0,1700,11.8,False,0.0
C2K-LEG-3H1,C2K Carrier 700.0,North America,1950.0,3.0,1900,10.7,False,2.5
C2K-LEG-1H2,C2K Carrier 700.0,North America,3900.0,3.0,1300,11.4,False,0.0
C2K-LEG-1H2,C2K Carrier 413.0,North America,3900.0,3.0,1300,11.4,True,0.0
C2K-LEG-3H2,C2K Carrier 671.0,Asia Pacific,3900.0,3.0,2100,12.2,True,0.0
C2K-LEG-3H2,C2K Carrier 411.0,Europe,3900.0,3.0,2100,12.2,False,2.0
C2K-LEG-3H2,C2K Carrier 667.0,Middle East,3900.0,3.0,2100,12.2,False,1.0
C2K-LEG-2H1,C2K Carrier 485.0,Europe,1950.0,3.0,1500,10.3,False,0.0
C2K-LEG-1H1,C2K Carrier 349.0,Europe,2383.3,3.7,1100,9.9,False,0.0
C2K-LEG-3H2,C2K Carrier 527.0,Europe,6283.3,4.8,2100,12.2,False,0.0
C2K-LEG-1H1,C2K Carrier 700.0,North America,1950.0,3.0,1100,9.9,False,0.0
C2K-LEG-2H2,C2K Carrier 286.0,Middle East,3900.0,3.0,1700,11.8,False,0.0
C2K-LEG-2H1,C2K Carrier 700.0,North America,1950.0,3.0,1500,10.3,False,0.3
C2K-LEG-1H1,C2K Carrier 476.0,Middle East,1950.0,3.0,1100,9.9,False,2.0
C2K-LEG-2H2,C2K Carrier 371.0,Asia Pacific,3900.0,3.0,1700,11.8,False,0.6
C2K-LEG-2H1,C2K Carrier 485.0,Europe,3015.3,4.6,1500,10.3,True,0.0
C2K-LEG-1H1,C2K Carrier 700.0,North America,1950.0,3.0,1100,9.9,True,0.0
C2K-LEG-3H2,C2K Carrier 671.0,Asia Pacific,3900.0,3.0,2100,12.2,False,0.0
C2K-LEG-3H2,C2K Carrier 187.0,Europe,3900.0,3.0,2100,12.2,False,1.7
C2K-LEG-3H2,C2K Carrier 809.0,Middle East,6012.5,4.6,2100,12.2,False,0.0
C2K-LEG-2H2,C2K Carrier 671.0,Asia Pacific,3900.0,3.0,1700,11.8,False,0.0
C2K-LEG-2H1,C2K Carrier 349.0,Europe,1950.0,3.0,1500,10.3,False,1.9
C2K-LEG-3H2,C2K Carrier 349.0,Europe,3900.0,3.0,2100,12.2,False,0.0
C2K-LEG-2H2,C2K Carrier 349.0,Europe,3900.0,3.0,1700,11.8,False,0.0
C2K-LEG-1H2,C2K Carrier 671.0,Asia Pacific,3900.0,3.0,1300,11.4,False,0.0
C2K-LEG-3H2,C2K Carrier 597.0,Asia Pacific,3900.0,3.0,2100,12.2,False,0.0
C2K-LEG-2H1,C2K Carrier 700.0,North America,1950.0,3.0,1500,10.3,False,3.4
C2K-LEG-2H1,C2K Carrier 700.0,North America,1950.0,3.0,1500,10.3,True,0.0
C2K-LEG-2H1,C2K Carrier 411.0,Europe,1950.0,3.0,1500,10.3,True,0.3
C2K-LEG-1H1,C2K Carrier 700.0,North America,1950.0,3.0,1100,9.9,False,9.8
C2K-LEG-2H1,C2K Carrier 700.0,North America,1950.0,3.0,1500,10.3,False,0.0
C2K-LEG-2H2,C2K Carrier 609.0,Europe,4604.2,3.5,1700,11.8,False,0.4
C2K-LEG-1H2,C2K Carrier 411.0,Europe,3900.0,3.0,1300,11.4,False,0.0
C2K-LEG-1H1,C2K Carrier 700.0,North America,1950.0,3.0,1100,9.9,False,0.0
C2K-LEG-3H2,C2K Carrier 257.0,Middle East,3900.0,3.0,2100,12.2,False,0.1
C2K-LEG-3H2,C2K Carrier 257.0,Middle East,3900.0,3.0,2100,12.2,False,0.1
C2K-LEG-3H2,C2K Carrier 187.0,Europe,3900.0,3.0,2100,12.2,False,0.0
C2K-LEG-2H1,C2K Carrier 700.0,North America,1950.0,3.0,1500,10.3,False,0.0
C2K-LEG-1H1,C2K Carrier 571.0,Europe,1950.0,3.0,1100,9.9,False,0.0
C2K-LEG-3H2,C2K Carrier 700.0,North America,3900.0,3.0,2100,12.2,True,0.0
C2K-LEG-2H2,C2K Carrier 187.0,Europe,6283.3,4.8,1700,11.8,True,0.0
C2K-LEG-3H1,C2K Carrier 700.0,North America,1950.0,3.0,1900,10.7,False,0.0
C2K-LEG-3H2,C2K Carrier 671.0,Asia Pacific,3900.0,3.0,2100,12.2,False,0.0
C2K-LEG-2H1,C2K Carrier 671.0,Asia Pacific,1950.0,3.0,1500,10.3,False,1.1
C2K-LEG-3H1,C2K Carrier 700.0,North America,1950.0,3.0,1900,10.7,False,0.3
C2K-LEG-2H1,C2K Carrier 144.0,Middle East,2600.0,4.0,1500,10.3,False,0.0
C2K-LEG-1H2,C2K Carrier 377.0,Europe,5678.5,4.4,1300,11.4,False,0.0
C2K-LEG-1H2,C2K Carrier 571.0,Europe,3900.0,3.0,1300,11.4,False,0.0
C2K-LEG-3H2,C2K Carrier 411.0,Europe,3900.0,3.0,2100,12.2,False,0.0
C2K-LEG-1H2,C2K Carrier 349.0,Europe,4658.3,3.6,1300,11.4,False,0.0
C2K-LEG-3H2,C2K Carrier 485.0,Europe,4279.2,3.3,2100,12.2,False,0.0
C2K-LEG-2H2,C2K Carrier 411.0,Europe,3900.0,3.0,1700,11.8,True,0.0
C2K-LEG-1H2,C2K Carrier 134.0,North America,3900.0,3.0,1300,11.4,True,0.0
C2K-LEG-2H2,C2K Carrier 809.0,Middle East,3900.0,3.0,1700,11.8,False,387.1
C2K-LEG-3H2,C2K Carrier 206.0,Middle East,3900.0,3.0,2100,12.2,False,0.0
C2K-LEG-3H2,C2K Carrier 281.0,Asia Pacific,3900.0,3.0,2100,12.2,False,0.0
C2K-LEG-1H2,C2K Carrier 281.0,Asia Pacific,3900.0,3.0,1300,11.4,False,0.0
C2K-LEG-3H1,C2K Carrier 281.0,Asia Pacific,1950.0,3.0,1900,10.7,False,0.0
C2K-LEG-1H2,C2K Carrier 671.0,Asia Pacific,3900.0,3.0,1300,11.4,False,0.0
C2K-LEG-3H2,C2K Carrier 609.0,Europe,3900.0,3.0,2100,12.2,False,0.0
C2K-LEG-2H2,C2K Carrier 349.0,Europe,3900.0,3.0,1700,11.8,False,8.6
C2K-LEG-2H2,C2K Carrier 548.0,Europe,3900.0,3.0,1700,11.8,False,1.0
C2K-LEG-2H2,C2K Carrier 187.0,Europe,3900.0,3.0,1700,11.8,False,0.0
C2K-LEG-1H1,C2K Carrier 700.0,North America,1950.0,3.0,1100,9.9,True,1.7
C2K-LEG-2H2,C2K Carrier 603.0,Europe,5200.0,4.0,1700,11.8,True,0.0
C2K-LEG-2H2,C2K Carrier 603.0,Europe,4658.3,3.6,1700,11.8,False,4.0
C2K-LEG-2H1,C2K Carrier 377.0,Europe,2329.2,3.6,1500,10.3,False,0.0
C2K-LEG-3H1,C2K Carrier 485.0,Europe,1950.0,3.0,1900,10.7,False,0.6
C2K-LEG-2H2,C2K Carrier 597.0,Asia Pacific,4604.2,3.5,1700,11.8,False,0.0
C2K-LEG-3H1,C2K Carrier 349.0,Europe,1950.0,3.0,1900,10.7,False,0.0
C2K-LEG-2H1,C2K Carrier 485.0,Europe,1950.0,3.0,1500,10.3,False,0.0
C2K-LEG-3H1,C2K Carrier 371.0,Asia Pacific,1950.0,3.0,1900,10.7,False,0.8
C2K-LEG-1H1,C2K Carrier 700.0,North America,1950.0,3.0,1100,9.9,False,3.5
C2K-LEG-3H1,C2K Carrier 671.0,Asia Pacific,1950.0,3.0,1900,10.7,False,0.0
C2K-LEG-2H1,C2K Carrier 349.0,Europe,1950.0,3.0,1500,10.3,False,0.0
C2K-LEG-2H1,C2K Carrier 700.0,North America,1950.0,3.0,1500,10.3,True,0.0
C2K-LEG-3H1,C2K Carrier 700.0,North America,1950.0,3.0,1900,10.7,True,0.0
C2K-LEG-3H1,C2K Carrier 700.0,North America,1950.0,3.0,1900,10.7,False,0.0
C2K-LEG-2H1,C2K Carrier 349.0,Europe,1950.0,3.0,1500,10.3,False,0.0
C2K-LEG-3H1,C2K Carrier 349.0,Europe,1950.0,3.0,1900,10.7,False,0.0
C2K-LEG-1H2,C2K Carrier 579.0,North America,6229.2,4.8,1300,11.4,False,0.0
C2K-LEG-2H1,C2K Carrier 431.0,Middle East,1950.0,3.0,1500,10.3,False,0.0
C2K-LEG-2H1,C2K Carrier 485.0,Europe,1950.0,3.0,1500,10.3,False,0.0
C2K-LEG-2H2,C2K Carrier 281.0,Asia Pacific,3900.0,3.0,1700,11.8,False,0.0
C2K-LEG-3H1,C2K Carrier 700.0,North America,1950.0,3.0,1900,10.7,False,0.0
C2K-LEG-1H2,C2K Carrier 485.0,Europe,3900.0,3.0,1300,11.4,False,0.0
C2K-LEG-2H2,C2K Carrier 153.0,Asia Pacific,3900.0,3.0,1700,11.8,False,0.1
C2K-LEG-3H2,C2K Carrier 671.0,Asia Pacific,3900.0,3.0,2100,12.2,True,0.0
C2K-LEG-2H1,C2K Carrier 671.0,Asia Pacific,1950.0,3.0,1500,10.3,True,0.0
C2K-LEG-2H1,C2K Carrier 349.0,Europe,1950.0,3.0,1500,10.3,False,0.7
C2K-LEG-2H2,C2K Carrier 667.0,Middle East,3900.0,3.0,1700,11.8,False,1.8
C2K-LEG-3H1,C2K Carrier 281.0,Asia Pacific,1950.0,3.0,1900,10.7,False,0.0
C2K-LEG-2H1,C2K Carrier 476.0,Middle East,1950.0,3.0,1500,10.3,False,1.9
C2K-LEG-1H1,C2K Carrier 485.0,Europe,3015.3,4.6,1100,9.9,False,0.0
C2K-LEG-2H2,C2K Carrier 349.0,Europe,6337.5,4.9,1700,11.8,False,1.7
C2K-LEG-3H2,C2K Carrier 349.0,Europe,5416.7,4.2,2100,12.2,False,0.0
C2K-LEG-1H1,C2K Carrier 700.0,North America,1950.0,3.0,1100,9.9,False,0.0
C2K-LEG-2H2,C2K Carrier 293.0,Asia Pacific,3900.0,3.0,1700,11.8,False,0.1
C2K-LEG-1H2,C2K Carrier 485.0,Europe,4279.2,3.3,1300,11.4,False,0.0
C2K-LEG-3H2,C2K Carrier 431.0,Middle East,3900.0,3.0,2100,12.2,True,0.0
C2K-LEG-1H2,C2K Carrier 411.0,Europe,3900.0,3.0,1300,11.4,True,1.1
C2K-LEG-3H2,C2K Carrier 153.0,Asia Pacific,3900.0,3.0,2100,12.2,False,5.0
C2K-LEG-2H2,C2K Carrier 770.0,Asia Pacific,3900.0,3.0,1700,11.8,False,0.0
C2K-LEG-1H2,C2K Carrier 349.0,Europe,5200.0,4.0,1300,11.4,False,0.0
C2K-LEG-1H1,C2K Carrier 349.0,Europe,3015.3,4.6,1100,9.9,False,0.0
C2K-LEG-3H2,C2K Carrier 349.0,Europe,6283.3,4.8,2100,12.2,False,9.1
C2K-LEG-3H2,C2K Carrier 485.0,Europe,6337.5,4.9,2100,12.2,False,0.0
C2K-LEG-3H2,C2K Carrier 527.0,Europe,6337.5,4.9,2100,12.2,False,0.0
C2K-LEG-1H2,C2K Carrier 206.0,Middle East,3900.0,3.0,1300,11.4,False,0.0
C2K-LEG-3H1,C2K Carrier 700.0,North America,1950.0,3.0,1900,10.7,False,0.0
C2K-LEG-1H2,C2K Carrier 371.0,Asia Pacific,3900.0,3.0,1300,11.4,False,0.0
C2K-LEG-1H1,C2K Carrier 281.0,Asia Pacific,1950.0,3.0,1100,9.9,True,0.0
C2K-LEG-3H2,C2K Carrier 349.0,Europe,3900.0,3.0,2100,12.2,True,0.0
C2K-LEG-3H1,C2K Carrier 571.0,Europe,1950.0,3.0,1900,10.7,False,2.5
C2K-LEG-3H1,C2K Carrier 485.0,Europe,1950.0,3.0,1900,10.7,False,0.0
C2K-LEG-1H2,C2K Carrier 628.0,Middle East,3900.0,3.0,1300,11.4,False,0.4
C2K-LEG-3H1,C2K Carrier 349.0,Europe,1950.0,3.0,1900,10.7,False,0.0
C2K-LEG-3H1,C2K Carrier 411.0,Europe,1950.0,3.0,1900,10.7,False,0.0
C2K-LEG-1H2,C2K Carrier 257.0,Middle East,3900.0,3.0,1300,11.4,False,0.0
C2K-LEG-1H2,C2K Carrier 527.0,Europe,6283.3,4.8,1300,11.4,False,0.0
C2K-LEG-2H1,C2K Carrier 281.0,Asia Pacific,1950.0,3.0,1500,10.3,False,0.0
C2K-LEG-2H2,C2K Carrier 134.0,North America,3900.0,3.0,1700,11.8,False,2.2
C2K-LEG-1H2,C2K Carrier 609.0,Europe,3900.0,3.0,1300,11.4,False,16.8
C2K-LEG-1H1,C2K Carrier 700.0,North America,1950.0,3.0,1100,9.9,True,0.0
C2K-LEG-3H1,C2K Carrier 783.0,Europe,1950.0,3.0,1900,10.7,True,1.9
C2K-LEG-3H1,C2K Carrier 700.0,North America,1950.0,3.0,1900,10.7,False,0.0
C2K-LEG-1H1,C2K Carrier 349.0,Europe,1950.0,3.0,1100,9.9,False,3.4
C2K-LEG-3H1,C2K Carrier 174.0,Asia Pacific,1950.0,3.0,1900,10.7,False,0.0
C2K-LEG-1H2,C2K Carrier 527.0,Europe,6012.5,4.6,1300,11.4,False,0.0
C2K-LEG-1H2,C2K Carrier 411.0,Europe,3900.0,3.0,1300,11.4,False,0.0
C2K-LEG-2H1,C2K Carrier 753.0,Middle East,1950.0,3.0,1500,10.3,False,0.0
C2K-LEG-1H1,C2K Carrier 349.0,Europe,1950.0,3.0,1100,9.9,False,3.0
C2K-LEG-2H2,C2K Carrier 411.0,Europe,3900.0,3.0,1700,11.8,False,3.2
C2K-LEG-2H2,C2K Carrier 281.0,Asia Pacific,3900.0,3.0,1700,11.8,False,2.5
C2K-LEG-1H1,C2K Carrier 134.0,North America,1950.0,3.0,1100,9.9,False,0.6
C2K-LEG-2H1,C2K Carrier 341.0,Europe,1950.0,3.0,1500,10.3,True,0.0
C2K-LEG-1H1,C2K Carrier 485.0,Europe,1950.0,3.0,1100,9.9,True,0.0
C2K-LEG-3H1,C2K Carrier 609.0,Europe,1950.0,3.0,1900,10.7,False,0.0
C2K-LEG-1H1,C2K Carrier 485.0,Europe,3015.3,4.6,1100,9.9,False,0.0
C2K-LEG-1H2,C2K Carrier 610.0,North America,3900.0,3.0,1300,11.4,False,0.0
C2K-LEG-2H1,C2K Carrier 700.0,North America,1950.0,3.0,1500,10.3,False,0.0
C2K-LEG-2H2,C2K Carrier 411.0,Europe,3900.0,3.0,1700,11.8,False,0.0
C2K-LEG-1H1,C2K Carrier 700.0,North America,1950.0,3.0,1100,9.9,False,22.4
C2K-LEG-2H1,C2K Carrier 485.0,Europe,1950.0,3.0,1500,10.3,False,0.0
C2K-LEG-3H2,C2K Carrier 485.0,Europe,3900.0,3.0,2100,12.2,False,0.0
C2K-LEG-2H1,C2K Carrier 700.0,North America,1950.0,3.0,1500,10.3,False,1.7
C2K-LEG-3H2,C2K Carrier 356.0,Middle East,3900.0,3.0,2100,12.2,False,0.0
C2K-LEG-3H2,C2K Carrier 431.0,Middle East,4604.2,3.5,2100,12.2,True,13.2
C2K-LEG-2H2,C2K Carrier 610.0,North America,3900.0,3.0,1700,11.8,True,0.0
C2K-LEG-3H1,C2K Carrier 403.0,North America,1950.0,3.0,1900,10.7,False,0.0
C2K-LEG-1H1,C2K Carrier 700.0,North America,1950.0,3.0,1100,9.9,False,0.0
C2K-LEG-1H2,C2K Carrier 299.0,North America,3900.0,3.0,1300,11.4,False,0.0
C2K-LEG-2H2,C2K Carrier 281.0,Asia Pacific,5552.1,4.3,1700,11.8,False,0.0
C2K-LEG-1H1,C2K Carrier 700.0,North America,1950.0,3.0,1100,9.9,False,0.0
C2K-LEG-3H1,C2K Carrier 371.0,Asia Pacific,2762.5,4.2,1900,10.7,False,0.0
C2K-LEG-1H1,C2K Carrier 700.0,North America,1950.0,3.0,1100,9.9,False,0.0
C2K-LEG-2H2,C2K Carrier 485.0,Europe,3900.0,3.0,1700,11.8,False,0.0
C2K-LEG-2H2,C2K Carrier 349.0,Europe,4766.7,3.7,1700,11.8,False,0.0
C2K-LEG-2H2,C2K Carrier 349.0,Europe,6229.2,4.8,1700,11.8,False,0.0
C2K-LEG-1H2,C2K Carrier 187.0,Europe,6337.5,4.9,1300,11.4,True,0.0
C2K-LEG-2H1,C2K Carrier 341.0,Europe,1950.0,3.0,1500,10.3,True,2.8
C2K-LEG-1H1,C2K Carrier 113.0,North America,1950.0,3.0,1100,9.9,False,0.0
C2K-LEG-3H2,C2K Carrier 281.0,Asia Pacific,3900.0,3.0,2100,12.2,False,0.5
C2K-LEG-2H1,C2K Carrier 485.0,Europe,1950.0,3.0,1500,10.3,False,0.0
C2K-LEG-2H2,C2K Carrier 206.0,Middle East,3900.0,3.0,1700,11.8,False,0.0
C2K-LEG-1H1,C2K Carrier 700.0,North America,1950.0,3.0,1100,9.9,False,0.0
C2K-LEG-1H2,C2K Carrier 527.0,Europe,6283.3,4.8,1300,11.4,False,0.0
C2K-LEG-1H1,C2K Carrier 349.0,Europe,1950.0,3.0,1100,9.9,False,3.0
C2K-LEG-3H1,C2K Carrier 281.0,Asia Pacific,1950.0,3.0,1900,10.7,False,0.0
C2K-LEG-3H2,C2K Carrier 413.0,North America,3900.0,3.0,2100,12.2,False,0.0
C2K-LEG-2H1,C2K Carrier 349.0,Europe,1950.0,3.0,1500,10.3,False,0.5
C2K-LEG-3H1,C2K Carrier 349.0,Europe,1950.0,3.0,1900,10.7,True,0.2
C2K-LEG-1H1,C2K Carrier 431.0,Middle East,1950.0,3.0,1100,9.9,True,0.0
C2K-LEG-2H1,C2K Carrier 700.0,North America,1950.0,3.0,1500,10.3,False,0.0
C2K-LEG-2H2,C2K Carrier 610.0,North America,3900.0,3.0,1700,11.8,False,0.0
C2K-LEG-3H2,C2K Carrier 403.0,North America,3900.0,3.0,2100,12.2,False,0.0
C2K-LEG-2H2,C2K Carrier 371.0,Asia Pacific,3900.0,3.0,1700,11.8,False,0.0
C2K-LEG-2H1,C2K Carrier 698.0,North America,1950.0,3.0,1500,10.3,False,0.5
C2K-LEG-3H2,C2K Carrier 628.0,Middle East,3900.0,3.0,2100,12.2,False,0.0
C2K-LEG-3H2,C2K Carrier 761.0,North America,3900.0,3.0,2100,12.2,False,0.0
C2K-LEG-3H1,C2K Carrier 349.0,Europe,1950.0,3.0,1900,10.7,False,0.0
C2K-LEG-3H2,C2K Carrier 527.0,Europe,6283.3,4.8,2100,12.2,False,2.0
C2K-LEG-3H1,C2K Carrier 349.0,Europe,1950.0,3.0,1900,10.7,False,4.1
C2K-LEG-2H2,C2K Carrier 610.0,North America,3900.0,3.0,1700,11.8,True,0.0
C2K-LEG-1H1,C2K Carrier 700.0,North America,1950.0,3.0,1100,9.9,True,0.0
C2K-LEG-1H1,C2K Carrier 700.0,North America,1950.0,3.0,1100,9.9,False,0.6
C2K-LEG-3H2,C2K Carrier 527.0,Europe,6283.3,4.8,2100,12.2,False,0.0
C2K-LEG-1H1,C2K Carrier 700.0,North America,1950.0,3.0,1100,9.9,False,10.7
C2K-LEG-1H2,C2K Carrier 485.0,Europe,3900.0,3.0,1300,11.4,False,0.0
C2K-LEG-2H2,C2K Carrier 281.0,Asia Pacific,3900.0,3.0,1700,11.8,False,0.0
C2K-LEG-1H1,C2K Carrier 700.0,North America,1950.0,3.0,1100,9.9,False,0.0
C2K-LEG-3H1,C2K Carrier 700.0,North America,1950.0,3.0,1900,10.7,False,0.1
C2K-LEG-1H1,C2K Carrier 281.0,Asia Pacific,1950.0,3.0,1100,9.9,False,0.0
C2K-LEG-3H2,C2K Carrier 431.0,Middle East,3900.0,3.0,2100,12.2,False,0.0
C2K-LEG-1H1,C2K Carrier 700.0,North America,1950.0,3.0,1100,9.9,False,0.0
C2K-LEG-2H2,C2K Carrier 667.0,Middle East,3900.0,3.0,1700,11.8,True,3.9
C2K-LEG-1H2,C2K Carrier 485.0,Europe,4279.2,3.3,1300,11.4,True,0.0
C2K-LEG-3H1,C2K Carrier 700.0,North America,1950.0,3.0,1900,10.7,False,0.0
C2K-LEG-3H2,C2K Carrier 667.0,Middle East,3900.0,3.0,2100,12.2,False,1.8
C2K-LEG-3H1,C2K Carrier 700.0,North America,1950.0,3.0,1900,10.7,False,0.0
C2K-LEG-3H2,C2K Carrier 778.0,North America,3900.0,3.0,2100,12.2,False,0.3
C2K-LEG-1H1,C2K Carrier 468.0,North America,1950.0,3.0,1100,9.9,False,0.4
C2K-LEG-3H2,C2K Carrier 721.0,Asia Pacific,3900.0,3.0,2100,12.2,False,1.0
C2K-LEG-1H2,C2K Carrier 576.0,Europe,6283.3,4.8,1300,11.4,False,4.0
C2K-LEG-1H1,C2K Carrier 700.0,North America,1950.0,3.0,1100,9.9,False,0.0
C2K-LEG-3H2,C2K Carrier 538.0,Asia Pacific,3900.0,3.0,2100,12.2,False,3.5
C2K-LEG-1H1,C2K Carrier 485.0,Europe,1950.0,3.0,1100,9.9,False,0.0
C2K-LEG-1H1,C2K Carrier 700.0,North America,1950.0,3.0,1100,9.9,True,0.0
C2K-LEG-2H2,C2K Carrier 431.0,Middle East,3900.0,3.0,1700,11.8,True,0.0
C2K-LEG-2H1,C2K Carrier 349.0,Europe,1950.0,3.0,1500,10.3,False,0.0
C2K-LEG-2H1,C2K Carrier 349.0,Europe,1950.0,3.0,1500,10.3,False,0.0
C2K-LEG-1H2,C2K Carrier 206.0,Middle East,3900.0,3.0,1300,11.4,False,0.0
C2K-LEG-2H1,C2K Carrier 597.0,Asia Pacific,1950.0,3.0,1500,10.3,False,0.0
C2K-LEG-1H2,C2K Carrier 413.0,North America,3900.0,3.0,1300,11.4,False,6.8
C2K-LEG-2H1,C2K Carrier 349.0,Europe,1950.0,3.0,1500,10.3,False,0.4
C2K-LEG-3H1,C2K Carrier 281.0,Asia Pacific,1950.0,3.0,1900,10.7,False,0.0
C2K-LEG-3H1,C2K Carrier 700.0,North America,1950.0,3.0,1900,10.7,False,0.0
C2K-LEG-1H1,C2K Carrier 700.0,North America,1950.0,3.0,1100,9.9,False,0.0
C2K-LEG-1H2,C2K Carrier 371.0,Asia Pacific,3900.0,3.0,1300,11.4,False,0.0
C2K-LEG-3H1,C2K Carrier 609.0,Europe,3015.3,4.6,1900,10.7,True,0.0
C2K-LEG-1H2,C2K Carrier 770.0,Asia Pacific,3900.0,3.0,1300,11.4,True,0.0
C2K-LEG-2H1,C2K Carrier 700.0,North America,1950.0,3.0,1500,10.3,False,0.0
C2K-LEG-2H2,C2K Carrier 281.0,Asia Pacific,3900.0,3.0,1700,11.8,False,0.0
C2K-LEG-3H1,C2K Carrier 700.0,North America,1950.0,3.0,1900,10.7,False,26.7
C2K-LEG-1H2,C2K Carrier 349.0,Europe,3900.0,3.0,1300,11.4,False,0.1
C2K-LEG-3H1,C2K Carrier 700.0,North America,1950.0,3.0,1900,10.7,False,0.0
C2K-LEG-3H2,C2K Carrier 571.0,Europe,3900.0,3.0,2100,12.2,False,0.0
C2K-LEG-2H2,C2K Carrier 485.0,Europe,4929.2,3.8,1700,11.8,False,15.4
C2K-LEG-1H1,C2K Carrier 349.0,Europe,1950.0,3.0,1100,9.9,False,0.0
C2K-LEG-2H1,C2K Carrier 700.0,North America,1950.0,3.0,1500,10.3,False,4.3
C2K-LEG-2H2,C2K Carrier 524.0,North America,3900.0,3.0,1700,11.8,False,0.0
C2K-LEG-2H2,C2K Carrier 800.0,Middle East,3900.0,3.0,1700,11.8,True,0.0
C2K-LEG-1H1,C2K Carrier 700.0,North America,1950.0,3.0,1100,9.9,True,0.0
C2K-LEG-2H2,C2K Carrier 787.0,Middle East,3900.0,3.0,1700,11.8,False,0.0
C2K-LEG-2H2,C2K Carrier 809.0,Middle East,6283.3,4.8,1700,11.8,False,0.0
C2K-LEG-1H2,C2K Carrier 609.0,Europe,4712.5,3.6,1300,11.4,False,18.0
C2K-LEG-3H1,C2K Carrier 700.0,North America,1950.0,3.0,1900,10.7,False,0.0
C2K-LEG-3H2,C2K Carrier 761.0,North America,3900.0,3.0,2100,12.2,False,0.0
C2K-LEG-3H1,C2K Carrier 349.0,Europe,1950.0,3.0,1900,10.7,False,0.4
C2K-LEG-2H1,C2K Carrier 700.0,North America,1950.0,3.0,1500,10.3,False,2.7
C2K-LEG-2H2,C2K Carrier 411.0,Europe,3900.0,3.0,1700,11.8,False,0.0
C2K-LEG-2H1,C2K Carrier 349.0,Europe,1950.0,3.0,1500,10.3,False,0.0
C2K-LEG-1H1,C2K Carrier 485.0,Europe,1950.0,3.0,1100,9.9,False,0.0
C2K-LEG-2H1,C2K Carrier 349.0,Europe,1950.0,3.0,1500,10.3,True,0.0
C2K-LEG-1H2,C2K Carrier 485.0,Europe,4604.2,3.5,1300,11.4,True,0.0
C2K-LEG-3H1,C2K Carrier 476.0,Middle East,1950.0,3.0,1900,10.7,False,0.0
C2K-LEG-3H2,C2K Carrier 770.0,Asia Pacific,3900.0,3.0,2100,12.2,False,1.9
C2K-LEG-1H2,C2K Carrier 257.0,Middle East,3900.0,3.0,1300,11.4,False,0.0
C2K-LEG-1H1,C2K Carrier 699.0,Europe,1950.0,3.0,1100,9.9,False,0.0
C2K-LEG-1H2,C2K Carrier 609.0,Europe,5200.0,4.0,1300,11.4,False,0.0
C2K-LEG-1H2,C2K Carrier 349.0,Europe,3900.0,3.0,1300,11.4,False,28.9
C2K-LEG-3H1,C2K Carrier 700.0,North America,1950.0,3.0,1900,10.7,False,0.0
C2K-LEG-3H1,C2K Carrier 349.0,Europe,1950.0,3.0,1900,10.7,False,1.5
C2K-LEG-3H1,C2K Carrier 700.0,North America,1950.0,3.0,1900,10.7,False,0.0
C2K-LEG-1H1,C2K Carrier 700.0,North America,1950.0,3.0,1100,9.9,False,0.0
C2K-LEG-1H2,C2K Carrier 413.0,North America,3900.0,3.0,1300,11.4,True,1.0
C2K-LEG-1H1,C2K Carrier 700.0,North America,1950.0,3.0,1100,9.9,True,0.0
C2K-LEG-3H2,C2K Carrier 476.0,Middle East,5470.8,4.2,2100,12.2,False,0.0
C2K-LEG-1H2,C2K Carrier 485.0,Europe,4279.2,3.3,1300,11.4,False,0.0
C2K-LEG-2H1,C2K Carrier 341.0,Europe,1950.0,3.0,1500,10.3,False,0.0
C2K-LEG-1H2,C2K Carrier 485.0,Europe,3900.0,3.0,1300,11.4,False,0.0
C2K-LEG-3H1,C2K Carrier 349.0,Europe,1950.0,3.0,1900,10.7,False,0.2
C2K-LEG-2H2,C2K Carrier 485.0,Europe,3900.0,3.0,1700,11.8,False,0.0
C2K-LEG-2H2,C2K Carrier 770.0,Asia Pacific,3900.0,3.0,1700,11.8,False,0.0
C2K-LEG-1H1,C2K Carrier 485.0,Europe,1950.0,3.0,1100,9.9,False,0.0
C2K-LEG-3H1,C2K Carrier 281.0,Asia Pacific,1950.0,3.0,1900,10.7,False,0.0
C2K-LEG-2H1,C2K Carrier 349.0,Europe,3015.3,4.6,1500,10.3,False,0.0
C2K-LEG-3H2,C2K Carrier 485.0,Europe,4279.2,3.3,2100,12.2,True,0.0
C2K-LEG-1H1,C2K Carrier 700.0,North America,1950.0,3.0,1100,9.9,True,0.0
C2K-LEG-1H1,C2K Carrier 341.0,Europe,1950.0,3.0,1100,9.9,False,1.0
C2K-LEG-2H2,C2K Carrier 571.0,Europe,3900.0,3.0,1700,11.8,False,0.0
C2K-LEG-2H2,C2K Carrier 609.0,Europe,3900.0,3.0,1700,11.8,False,0.0
C2K-LEG-1H2,C2K Carrier 524.0,North America,3900.0,3.0,1300,11.4,False,0.0
C2K-LEG-2H2,C2K Carrier 134.0,North America,4658.3,3.6,1700,11.8,False,1.1
C2K-LEG-3H1,C2K Carrier 700.0,North America,1950.0,3.0,1900,10.7,False,0.0
C2K-LEG-1H2,C2K Carrier 576.0,Europe,6391.7,4.9,1300,11.4,False,0.3
C2K-LEG-3H1,C2K Carrier 700.0,North America,1950.0,3.0,1900,10.7,False,0.0
C2K-LEG-3H1,C2K Carrier 700.0,North America,1950.0,3.0,1900,10.7,False,0.0
C2K-LEG-3H1,C2K Carrier 700.0,North America,1950.0,3.0,1900,10.7,False,1.6
C2K-LEG-3H1,C2K Carrier 700.0,North America,1950.0,3.0,1900,10.7,True,0.0
C2K-LEG-1H1,C2K Carrier 485.0,Europe,3015.3,4.6,1100,9.9,True,0.0
C2K-LEG-2H1,C2K Carrier 349.0,Europe,1950.0,3.0,1500,10.3,False,0.0
C2K-LEG-2H2,C2K Carrier 153.0,Asia Pacific,3900.0,3.0,1700,11.8,False,0.4
C2K-LEG-1H1,C2K Carrier 349.0,Europe,1950.0,3.0,1100,9.9,False,0.4
C2K-LEG-2H1,C2K Carrier 700.0,North America,1950.0,3.0,1500,10.3,False,0.0
C2K-LEG-3H1,C2K Carrier 485.0,Europe,1950.0,3.0,1900,10.7,False,0.0
C2K-LEG-2H1,C2K Carrier 349.0,Europe,3015.3,4.6,1500,10.3,False,0.0
C2K-LEG-1H2,C2K Carrier 206.0,Middle East,3900.0,3.0,1300,11.4,False,0.0
C2K-LEG-3H2,C2K Carrier 411.0,Europe,3900.0,3.0,2100,12.2,False,0.0
C2K-LEG-1H1,C2K Carrier 349.0,Europe,1950.0,3.0,1100,9.9,False,0.0
C2K-LEG-1H2,C2K Carrier 527.0,Europe,6012.5,4.6,1300,11.4,False,0.0
C2K-LEG-1H2,C2K Carrier 411.0,Europe,3900.0,3.0,1300,11.4,True,1.2
C2K-LEG-1H1,C2K Carrier 700.0,North America,1950.0,3.0,1100,9.9,True,5.6
C2K-LEG-1H1,C2K Carrier 700.0,North America,1950.0,3.0,1100,9.9,False,0.0
C2K-LEG-2H2,C2K Carrier 332.0,North America,3900.0,3.0,1700,11.8,False,0.0
C2K-LEG-3H2,C2K Carrier 485.0,Europe,6283.3,4.8,2100,12.2,False,0.0
C2K-LEG-3H1,C2K Carrier 700.0,North America,1950.0,3.0,1900,10.7,False,0.0
C2K-LEG-2H2,C2K Carrier 411.0,Europe,3900.0,3.0,1700,11.8,False,0.0
C2K-LEG-1H1,C2K Carrier 700.0,North America,1950.0,3.0,1100,9.9,False,2.2
C2K-LEG-3H1,C2K Carrier 349.0,Europe,1950.0,3.0,1900,10.7,False,4.9
C2K-LEG-2H1,C2K Carrier 281.0,Asia Pacific,1950.0,3.0,1500,10.3,False,0.0
C2K-LEG-1H1,C2K Carrier 281.0,Asia Pacific,1950.0,3.0,1100,9.9,False,0.0
C2K-LEG-2H1,C2K Carrier 349.0,Europe,1950.0,3.0,1500,10.3,False,3.2
C2K-LEG-1H2,C2K Carrier 527.0,Europe,6012.5,4.6,1300,11.4,True,0.0
C2K-LEG-3H1,C2K Carrier 700.0,North America,1950.0,3.0,1900,10.7,True,0.0
C2K-LEG-3H1,C2K Carrier 700.0,North America,1950.0,3.0,1900,10.7,False,0.0
C2K-LEG-2H1,C2K Carrier 700.0,North America,1950.0,3.0,1500,10.3,False,0.0
C2K-LEG-3H2,C2K Carrier 476.0,Middle East,3900.0,3.0,2100,12.2,False,0.0
C2K-LEG-1H1,C2K Carrier 609.0,Europe,1950.0,3.0,1100,9.9,False,1.4
C2K-LEG-1H1,C2K Carrier 700.0,North America,1950.0,3.0,1100,9.9,False,1.3
C2K-LEG-3H1,C2K Carrier 700.0,North America,1950.0,3.0,1900,10.7,False,0.0
C2K-LEG-1H2,C2K Carrier 485.0,Europe,4279.2,3.3,1300,11.4,False,0.0
C2K-LEG-3H2,C2K Carrier 371.0,Asia Pacific,3900.0,3.0,2100,12.2,False,0.0
C2K-LEG-2H2,C2K Carrier 628.0,Middle East,3900.0,3.0,1700,11.8,False,1.2
C2K-LEG-3H2,C2K Carrier 527.0,Europe,6283.3,4.8,2100,12.2,False,0.0
C2K-LEG-3H1,C2K Carrier 700.0,North America,1950.0,3.0,1900,10.7,True,0.0
C2K-LEG-3H2,C2K Carrier 431.0,Middle East,3900.0,3.0,2100,12.2,True,4.5
C2K-LEG-3H2,C2K Carrier 299.0,North America,3900.0,3.0,2100,12.2,False,0.0
C2K-LEG-2H2,C2K Carrier 548.0,Europe,3900.0,3.0,1700,11.8,False,0.2
C2K-LEG-2H2,C2K Carrier 610.0,North America,3900.0,3.0,1700,11.8,False,0.0
C2K-LEG-2H1,C2K Carrier 700.0,North America,1950.0,3.0,1500,10.3,False,0.0
C2K-LEG-1H2,C2K Carrier 610.0,North America,3900.0,3.0,1300,11.4,False,0.8
C2K-LEG-1H2,C2K Carrier 201.0,Asia Pacific,3900.0,3.0,1300,11.4,False,2.7
C2K-LEG-2H2,C2K Carrier 610.0,North America,3900.0,3.0,1700,11.8,False,0.0
C2K-LEG-1H2,C2K Carrier 349.0,Europe,3900.0,3.0,1300,11.4,False,1.3
C2K-LEG-2H1,C2K Carrier 468.0,North America,1950.0,3.0,1500,10.3,False,0.2
C2K-LEG-1H1,C2K Carrier 700.0,North America,1950.0,3.0,1100,9.9,False,0.0
C2K-LEG-3H1,C2K Carrier 700.0,North America,1950.0,3.0,1900,10.7,True,0.0
C2K-LEG-2H1,C2K Carrier 485.0,Europe,1950.0,3.0,1500,10.3,True,0.0
C2K-LEG-3H1,C2K Carrier 349.0,Europe,1950.0,3.0,1900,10.7,False,3.0
C2K-LEG-3H2,C2K Carrier 609.0,Europe,3900.0,3.0,2100,12.2,False,8.0
C2K-LEG-3H1,C2K Carrier 700.0,North America,1950.0,3.0,1900,10.7,False,15.4
C2K-LEG-2H1,C2K Carrier 609.0,Europe,1950.0,3.0,1500,10.3,False,5.9
C2K-LEG-2H1,C2K Carrier 700.0,North America,1950.0,3.0,1500,10.3,False,3.2
C2K-LEG-1H2,C2K Carrier 609.0,Europe,7267.4,5.6,1300,11.4,False,0.0
C2K-LEG-3H2,C2K Carrier 299.0,North America,3900.0,3.0,2100,12.2,False,0.0
C2K-LEG-1H1,C2K Carrier 349.0,Europe,1950.0,3.0,1100,9.9,False,0.0
C2K-LEG-2H2,C2K Carrier 326.0,North America,3900.0,3.0,1700,11.8,False,2.1
C2K-LEG-1H2,C2K Carrier 485.0,Europe,4279.2,3.3,1300,11.4,False,0.0
C2K-LEG-2H2,C2K Carrier 609.0,Europe,4875.0,3.8,1700,11.8,True,0.0
C2K-LEG-2H1,C2K Carrier 371.0,Asia Pacific,1950.0,3.0,1500,10.3,True,2.2
C2K-LEG-2H2,C2K Carrier 571.0,Europe,4929.2,3.8,1700,11.8,False,0.0
C2K-LEG-1H2,C2K Carrier 153.0,Asia Pacific,3900.0,3.0,1300,11.4,False,0.0
C2K-LEG-1H2,C2K Carrier 206.0,Middle East,5470.8,4.2,1300,11.4,False,9.4
C2K-LEG-2H2,C2K Carrier 431.0,Middle East,3900.0,3.0,1700,11.8,False,0.0
C2K-LEG-2H2,C2K Carrier 349.0,Europe,3900.0,3.0,1700,11.8,False,0.0
C2K-LEG-3H1,C2K Carrier 349.0,Europe,1950.0,3.0,1900,10.7,False,10.3
C2K-LEG-3H2,C2K Carrier 800.0,Middle East,3900.0,3.0,2100,12.2,False,0.0
C2K-LEG-1H1,C2K Carrier 700.0,North America,1950.0,3.0,1100,9.9,False,0.0
C2K-LEG-3H2,C2K Carrier 243.0,North America,4739.6,3.6,2100,12.2,False,1.6
C2K-LEG-2H2,C2K Carrier 413.0,North America,3900.0,3.0,1700,11.8,False,0.0
C2K-LEG-2H1,C2K Carrier 700.0,North America,1950.0,3.0,1500,10.3,True,2.0
C2K-LEG-1H2,C2K Carrier 411.0,Europe,3900.0,3.0,1300,11.4,True,0.0
C2K-LEG-3H1,C2K Carrier 700.0,North America,1950.0,3.0,1900,10.7,False,10.7
C2K-LEG-3H2,C2K Carrier 349.0,Europe,3900.0,3.0,2100,12.2,False,0.0
C2K-LEG-3H1,C2K Carrier 476.0,Middle East,1950.0,3.0,1900,10.7,False,0.0
C2K-LEG-1H2,C2K Carrier 371.0,Asia Pacific,4604.2,3.5,1300,11.4,False,0.0
C2K-LEG-2H1,C2K Carrier 411.0,Europe,1950.0,3.0,1500,10.3,False,0.0
C2K-LEG-1H1,C2K Carrier 700.0,North America,1950.0,3.0,1100,9.9,False,5.6
C2K-LEG-3H2,C2K Carrier 485.0,Europe,4279.2,3.3,2100,12.2,False,0.0
C2K-LEG-1H1,C2K Carrier 609.0,Europe,1950.0,3.0,1100,9.9,False,0.5
C2K-LEG-1H1,C2K Carrier 349.0,Europe,1950.0,3.0,1100,9.9,False,0.0
C2K-LEG-3H1,C2K Carrier 476.0,Middle East,1950.0,3.0,1900,10.7,False,0.0
C2K-LEG-2H1,C2K Carrier 281.0,Asia Pacific,1950.0,3.0,1500,10.3,True,0.0
C2K-LEG-1H2,C2K Carrier 485.0,Europe,6283.3,4.8,1300,11.4,True,0.0
C2K-LEG-1H2,C2K Carrier 485.0,Europe,6229.2,4.8,1300,11.4,False,0.0
C2K-LEG-1H2,C2K Carrier 809.0,Middle East,3900.0,3.0,1300,11.4,False,0.0
C2K-LEG-2H1,C2K Carrier 349.0,Europe,1950.0,3.0,1500,10.3,False,0.0
C2K-LEG-3H2,C2K Carrier 485.0,Europe,6283.3,4.8,2100,12.2,False,0.0
C2K-LEG-1H2,C2K Carrier 798.0,Asia Pacific,4568.1,3.5,1300,11.4,False,0.0
C2K-LEG-1H1,C2K Carrier 700.0,North America,1950.0,3.0,1100,9.9,False,0.0
C2K-LEG-3H2,C2K Carrier 349.0,Europe,5416.7,4.2,2100,12.2,False,0.0
C2K-LEG-3H1,C2K Carrier 485.0,Europe,3015.3,4.6,1900,10.7,False,12.2
C2K-LEG-3H2,C2K Carrier 809.0,Middle East,3900.0,3.0,2100,12.2,False,0.0
C2K-LEG-3H1,C2K Carrier 349.0,Europe,1950.0,3.0,1900,10.7,False,0.0
C2K-LEG-2H1,C2K Carrier 349.0,Europe,1950.0,3.0,1500,10.3,True,0.0
C2K-LEG-2H2,C2K Carrier 476.0,Middle East,4279.2,3.3,1700,11.8,True,0.0
C2K-LEG-1H2,C2K Carrier 597.0,Asia Pacific,4929.2,3.8,1300,11.4,False,0.0
C2K-LEG-3H1,C2K Carrier 700.0,North America,1950.0,3.0,1900,10.7,False,0.6
C2K-LEG-2H1,C2K Carrier 700.0,North America,1950.0,3.0,1500,10.3,False,0.0
C2K-LEG-2H1,C2K Carrier 144.0,Middle East,3771.4,5.8,1500,10.3,False,0.0
C2K-LEG-1H1,C2K Carrier 349.0,Europe,1950.0,3.0,1100,9.9,False,4.1
C2K-LEG-2H2,C2K Carrier 113.0,North America,3900.0,3.0,1700,11.8,False,0.0
C2K-LEG-2H2,C2K Carrier 527.0,Europe,3900.0,3.0,1700,11.8,False,0.0
C2K-LEG-1H1,C2K Carrier 700.0,North America,1950.0,3.0,1100,9.9,False,0.0
C2K-LEG-1H1,C2K Carrier 700.0,North America,1950.0,3.0,1100,9.9,False,0.0
C2K-LEG-3H1,C2K Carrier 431.0,Middle East,1950.0,3.0,1900,10.7,False,0.0
C2K-LEG-3H2,C2K Carrier 485.0,Europe,4279.2,3.3,2100,12.2,True,0.0
C2K-LEG-1H1,C2K Carrier 700.0,North America,1950.0,3.0,1100,9.9,True,2.4
C2K-LEG-2H1,C2K Carrier 700.0,North America,1950.0,3.0,1500,10.3,False,1.5
C2K-LEG-1H1,C2K Carrier 349.0,Europe,1950.0,3.0,1100,9.9,False,0.3
C2K-LEG-2H1,C2K Carrier 778.0,North America,1950.0,3.0,1500,10.3,False,0.0
C2K-LEG-2H1,C2K Carrier 609.0,Europe,1950.0,3.0,1500,10.3,False,0.8
C2K-LEG-1H2,C2K Carrier 610.0,North America,3900.0,3.0,1300,11.4,False,0.0
C2K-LEG-2H1,C2K Carrier 700.0,North America,1950.0,3.0,1500,10.3,False,3.6
C2K-LEG-2H1,C2K Carrier 349.0,Europe,1950.0,3.0,1500,10.3,False,2.2
C2K-LEG-3H2,C2K Carrier 411.0,Europe,8558.3,6.6,2100,12.2,False,0.0
C2K-LEG-3H2,C2K Carrier 610.0,North America,3900.0,3.0,2100,12.2,False,0.0
C2K-LEG-1H1,C2K Carrier 349.0,Europe,1950.0,3.0,1100,9.9,False,2.1
C2K-LEG-3H1,C2K Carrier 700.0,North America,1950.0,3.0,1900,10.7,True,0.4
C2K-LEG-2H1,C2K Carrier 349.0,Europe,1950.0,3.0,1500,10.3,True,0.0
C2K-LEG-1H1,C2K Carrier 485.0,Europe,3015.3,4.6,1100,9.9,False,2.8
C2K-LEG-3H1,C2K Carrier 377.0,Europe,2329.2,3.6,1900,10.7,False,0.0
C2K-LEG-1H2,C2K Carrier 485.0,Europe,6337.5,4.9,1300,11.4,False,0.0
C2K-LEG-3H1,C2K Carrier 349.0,Europe,1950.0,3.0,1900,10.7,False,2.2
C2K-LEG-2H2,C2K Carrier 123.0,Middle East,3900.0,3.0,1700,11.8,False,1.7
C2K-LEG-2H2,C2K Carrier 281.0,Asia Pacific,3900.0,3.0,1700,11.8,False,0.0
C2K-LEG-2H2,C2K Carrier 809.0,Middle East,3900.0,3.0,1700,11.8,False,15.7
C2K-LEG-1H2,C2K Carrier 610.0,North America,3900.0,3.0,1300,11.4,False,0.0
C2K-LEG-3H1,C2K Carrier 411.0,Europe,1950.0,3.0,1900,10.7,False,0.0
C2K-LEG-2H1,C2K Carrier 700.0,North America,1950.0,3.0,1500,10.3,False,5.5
C2K-LEG-2H1,C2K Carrier 431.0,Middle East,3015.3,4.6,1500,10.3,True,0.0
C2K-LEG-3H1,C2K Carrier 700.0,North America,1950.0,3.0,1900,10.7,True,1.5
C2K-LEG-1H2,C2K Carrier 809.0,Middle East,3900.0,3.0,1300,11.4,False,0.0
C2K-LEG-1H2,C2K Carrier 349.0,Europe,6337.5,4.9,1300,11.4,False,0.0
C2K-LEG-1H2,C2K Carrier 361.0,Asia Pacific,3900.0,3.0,1300,11.4,False,0.0
C2K-LEG-1H2,C2K Carrier 610.0,North America,3900.0,3.0,1300,11.4,False,3.5
C2K-LEG-1H1,C2K Carrier 700.0,North America,1950.0,3.0,1100,9.9,False,0.0
C2K-LEG-2H1,C2K Carrier 700.0,North America,1950.0,3.0,1500,10.3,False,9.4
C2K-LEG-1H2,C2K Carrier 174.0,Asia Pacific,3900.0,3.0,1300,11.4,False,0.0
C2K-LEG-3H2,C2K Carrier 809.0,Middle East,3900.0,3.0,2100,12.2,False,12.9
C2K-LEG-3H1,C2K Carrier 700.0,North America,1950.0,3.0,1900,10.7,False,0.0
C2K-LEG-1H2,C2K Carrier 281.0,Asia Pacific,3900.0,3.0,1300,11.4,False,0.9
C2K-LEG-2H1,C2K Carrier 700.0,North America,1950.0,3.0,1500,10.3,True,0.0
C2K-LEG-2H1,C2K Carrier 281.0,Asia Pacific,1950.0,3.0,1500,10.3,True,0.0
C2K-LEG-2H1,C2K Carrier 431.0,Middle East,3015.3,4.6,1500,10.3,False,0.0
C2K-LEG-3H3,C2K Carrier 576.0,Europe,5850.0,3.0,2300,13.7,False,0.0
C2K-LEG-2H2,C2K Carrier 431.0,Middle East,3900.0,3.0,1700,11.8,False,0.0
C2K-LEG-1H3,C2K Carrier 610.0,North America,5850.0,3.0,1500,12.9,False,0.0
C2K-LEG-1H2,C2K Carrier 610.0,North America,3900.0,3.0,1300,11.4,False,0.0
C2K-LEG-1H1,C2K Carrier 700.0,North America,1950.0,3.0,1100,9.9,False,0.0
C2K-LEG-2H2,C2K Carrier 326.0,North America,3900.0,3.0,1700,11.8,False,0.0
C2K-LEG-2H2,C2K Carrier 187.0,Europe,4175.3,3.2,1700,11.8,False,0.0
C2K-LEG-2H1,C2K Carrier 349.0,Europe,3015.3,4.6,1500,10.3,False,0.0
C2K-LEG-1H1,C2K Carrier 409.0,North America,1950.0,3.0,1100,9.9,False,0.0
C2K-LEG-3H2,C2K Carrier 411.0,Europe,3900.0,3.0,2100,12.2,True,0.0
C2K-LEG-3H1,C2K Carrier 281.0,Asia Pacific,1950.0,3.0,1900,10.7,True,0.0
C2K-LEG-1H1,C2K Carrier 144.0,Middle East,3331.2,5.1,1100,9.9,False,0.0
C2K-LEG-2H2,C2K Carrier 667.0,Middle East,3900.0,3.0,1700,11.8,False,0.0
C2K-LEG-3H2,C2K Carrier 527.0,Europe,3900.0,3.0,2100,12.2,False,0.0
C2K-LEG-1H1,C2K Carrier 700.0,North America,1950.0,3.0,1100,9.9,False,0.0
C2K-LEG-3H1,C2K Carrier 431.0,Middle East,3015.3,4.6,1900,10.7,False,0.0
C2K-LEG-2H1,C2K Carrier 700.0,North America,1950.0,3.0,1500,10.3,False,0.0
C2K-LEG-3H1,C2K Carrier 700.0,North America,1950.0,3.0,1900,10.7,False,0.0
C2K-LEG-1H1,C2K Carrier 700.0,North America,1950.0,3.0,1100,9.9,False,5.6
C2K-LEG-3H1,C2K Carrier 700.0,North America,1950.0,3.0,1900,10.7,False,0.0
C2K-LEG-3H2,C2K Carrier 413.0,North America,3900.0,3.0,2100,12.2,False,0.0
C2K-LEG-1H2,C2K Carrier 809.0,Middle East,3900.0,3.0,1300,11.4,True,15.7
C2K-LEG-1H1,C2K Carrier 281.0,Asia Pacific,1950.0,3.0,1100,9.9,True,0.0
C2K-LEG-1H1,C2K Carrier 700.0,North America,1950.0,3.0,1100,9.9,False,2.1
C2K-LEG-3H1,C2K Carrier 700.0,North America,1950.0,3.0,1900,10.7,False,0.0
C2K-LEG-2H2,C2K Carrier 809.0,Middle East,3900.0,3.0,1700,11.8,False,2.8
C2K-LEG-2H2,C2K Carrier 411.0,Europe,3900.0,3.0,1700,11.8,False,0.5
C2K-LEG-3H1,C2K Carrier 700.0,North America,1950.0,3.0,1900,10.7,False,3.5
C2K-LEG-3H1,C2K Carrier 349.0,Europe,1950.0,3.0,1900,10.7,False,1.1
C2K-LEG-1H2,C2K Carrier 187.0,Europe,3900.0,3.0,1300,11.4,False,0.3
C2K-LEG-1H2,C2K Carrier 721.0,Asia Pacific,3900.0,3.0,1300,11.4,False,0.0
C2K-LEG-1H1,C2K Carrier 700.0,North America,1950.0,3.0,1100,9.9,False,0.1
C2K-LEG-3H1,C2K Carrier 700.0,North America,1950.0,3.0,1900,10.7,False,3.7
C2K-LEG-1H1,C2K Carrier 809.0,Middle East,1950.0,3.0,1100,9.9,True,0.0
C2K-LEG-3H1,C2K Carrier 700.0,North America,1950.0,3.0,1900,10.7,True,0.0
C2K-LEG-1H2,C2K Carrier 187.0,Europe,3900.0,3.0,1300,11.4,False,0.0
C2K-LEG-2H1,C2K Carrier 700.0,North America,1950.0,3.0,1500,10.3,False,0.0
C2K-LEG-2H2,C2K Carrier 431.0,Middle East,3900.0,3.0,1700,11.8,False,0.0
C2K-LEG-2H1,C2K Carrier 144.0,Middle East,3771.4,5.8,1500,10.3,False,0.0
C2K-LEG-2H2,C2K Carrier 524.0,North America,3900.0,3.0,1700,11.8,False,0.0
C2K-LEG-1H1,C2K Carrier 349.0,Europe,1950.0,3.0,1100,9.9,False,0.0
C2K-LEG-3H1,C2K Carrier 349.0,Europe,1950.0,3.0,1900,10.7,False,0.0
C2K-LEG-2H1,C2K Carrier 349.0,Europe,1950.0,3.0,1500,10.3,False,0.0
C2K-LEG-2H1,C2K Carrier 628.0,Middle East,1950.0,3.0,1500,10.3,False,0.5
C2K-LEG-3H2,C2K Carrier 113.0,North America,3900.0,3.0,2100,12.2,False,0.0
C2K-LEG-3H2,C2K Carrier 770.0,Asia Pacific,3900.0,3.0,2100,12.2,True,2.1
C2K-LEG-1H2,C2K Carrier 527.0,Europe,6283.3,4.8,1300,11.4,True,0.0
C2K-LEG-1H1,C2K Carrier 485.0,Europe,1950.0,3.0,1100,9.9,False,0.0
C2K-LEG-3H2,C2K Carrier 485.0,Europe,4929.2,3.8,2100,12.2,False,0.0
C2K-LEG-3H1,C2K Carrier 349.0,Europe,1950.0,3.0,1900,10.7,False,0.2
C2K-LEG-2H1,C2K Carrier 413.0,North America,1950.0,3.0,1500,10.3,False,0.6
C2K-LEG-2H2,C2K Carrier 299.0,North America,3900.0,3.0,1700,11.8,False,0.0
C2K-LEG-3H2,C2K Carrier 481.0,North America,3900.0,3.0,2100,12.2,False,1.2
C2K-LEG-2H2,C2K Carrier 485.0,Europe,3900.0,3.0,1700,11.8,False,0.5
C2K-LEG-2H1,C2K Carrier 597.0,Asia Pacific,1950.0,3.0,1500,10.3,False,0.0
C2K-LEG-1H2,C2K Carrier 411.0,Europe,3900.0,3.0,1300,11.4,False,0.0
C2K-LEG-2H1,C2K Carrier 349.0,Europe,1950.0,3.0,1500,10.3,False,0.0
C2K-LEG-2H1,C2K Carrier 349.0,Europe,3015.3,4.6,1500,10.3,True,0.0
C2K-LEG-3H2,C2K Carrier 371.0,Asia Pacific,3900.0,3.0,2100,12.2,True,3.8
C2K-LEG-2H2,C2K Carrier 411.0,Europe,3900.0,3.0,1700,11.8,False,3.2
C2K-LEG-1H1,C2K Carrier 349.0,Europe,1950.0,3.0,1100,9.9,False,1.9
C2K-LEG-1H1,C2K Carrier 431.0,Middle East,3015.3,4.6,1100,9.9,False,0.0
C2K-LEG-1H1,C2K Carrier 349.0,Europe,1950.0,3.0,1100,9.9,False,3.2
C2K-LEG-2H2,C2K Carrier 548.0,Europe,3900.0,3.0,1700,11.8,False,0.0
C2K-LEG-3H2,C2K Carrier 411.0,Europe,3900.0,3.0,2100,12.2,False,0.0
C2K-LEG-3H2,C2K Carrier 527.0,Europe,3900.0,3.0,2100,12.2,False,0.1
C2K-LEG-2H2,C2K Carrier 721.0,Asia Pacific,3900.0,3.0,1700,11.8,False,0.3
C2K-LEG-2H2,C2K Carrier 349.0,Europe,3900.0,3.0,1700,11.8,False,0.0
C2K-LEG-3H2,C2K Carrier 809.0,Middle East,3900.0,3.0,2100,12.2,False,0.0
C2K-LEG-1H1,C2K Carrier 609.0,Europe,1950.0,3.0,1100,9.9,True,0.0
C2K-LEG-2H2,C2K Carrier 413.0,North America,3900.0,3.0,1700,11.8,True,0.0
C2K-LEG-2H1,C2K Carrier 341.0,Europe,1950.0,3.0,1500,10.3,False,1.0
C2K-LEG-1H1,C2K Carrier 485.0,Europe,1950.0,3.0,1100,9.9,False,0.0
C2K-LEG-1H2,C2K Carrier 349.0,Europe,5416.7,4.2,1300,11.4,False,0.0
C2K-LEG-1H2,C2K Carrier 281.0,Asia Pacific,5200.0,4.0,1300,11.4,False,0.0
C2K-LEG-2H2,C2K Carrier 349.0,Europe,4929.2,3.8,1700,11.8,False,0.0
C2K-LEG-1H1,C2K Carrier 610.0,North America,1950.0,3.0,1100,9.9,False,0.0
C2K-LEG-2H1,C2K Carrier 778.0,North America,1950.0,3.0,1500,10.3,False,0.2
C2K-LEG-2H1,C2K Carrier 349.0,Europe,1950.0,3.0,1500,10.3,False,0.0
C2K-LEG-3H2,C2K Carrier 809.0,Middle East,3900.0,3.0,2100,12.2,False,2.2
C2K-LEG-3H2,C2K Carrier 411.0,Europe,3900.0,3.0,2100,12.2,False,2.5
C2K-LEG-3H2,C2K Carrier 281.0,Asia Pacific,3900.0,3.0,2100,12.2,True,0.2
C2K-LEG-3H2,C2K Carrier 527.0,Europe,6012.5,4.6,2100,12.2,True,0.0
C2K-LEG-2H2,C2K Carrier 609.0,Europe,5200.0,4.0,1700,11.8,False,0.0
C2K-LEG-3H2,C2K Carrier 610.0,North America,3900.0,3.0,2100,12.2,False,0.0
C2K-LEG-3H1,C2K Carrier 485.0,Europe,1950.0,3.0,1900,10.7,False,0.0
C2K-LEG-1H1,C2K Carrier 548.0,Europe,1950.0,3.0,1100,9.9,False,1.4
C2K-LEG-2H1,C2K Carrier 349.0,Europe,1950.0,3.0,1500,10.3,False,2.5
C2K-LEG-3H2,C2K Carrier 609.0,Europe,3900.0,3.0,2100,12.2,False,13.8
C2K-LEG-1H2,C2K Carrier 431.0,Middle East,3900.0,3.0,1300,11.4,False,0.0
C2K-LEG-2H2,C2K Carrier 413.0,North America,3900.0,3.0,1700,11.8,False,0.0
C2K-LEG-3H2,C2K Carrier 257.0,Middle East,3900.0,3.0,2100,12.2,False,0.0
C2K-LEG-3H2,C2K Carrier 187.0,Europe,3900.0,3.0,2100,12.2,False,1.5
C2K-LEG-3H2,C2K Carrier 281.0,Asia Pacific,5200.0,4.0,2100,12.2,True,0.8
C2K-LEG-3H1,C2K Carrier 349.0,Europe,1950.0,3.0,1900,10.7,True,2.4
C2K-LEG-2H2,C2K Carrier 134.0,North America,8756.9,6.7,1700,11.8,False,0.0
C2K-LEG-2H2,C2K Carrier 524.0,North America,3900.0,3.0,1700,11.8,False,0.0
C2K-LEG-1H1,C2K Carrier 349.0,Europe,1950.0,3.0,1100,9.9,False,7.2
C2K-LEG-3H2,C2K Carrier 411.0,Europe,3900.0,3.0,2100,12.2,False,0.0
C2K-LEG-2H1,C2K Carrier 411.0,Europe,1950.0,3.0,1500,10.3,False,0.0
C2K-LEG-2H2,C2K Carrier 527.0,Europe,6283.3,4.8,1700,11.8,False,0.0
C2K-LEG-1H2,C2K Carrier 770.0,Asia Pacific,3900.0,3.0,1300,11.4,False,0.0
C2K-LEG-2H1,C2K Carrier 778.0,North America,1950.0,3.0,1500,10.3,False,1.4
C2K-LEG-2H2,C2K Carrier 411.0,Europe,3900.0,3.0,1700,11.8,False,0.0
C2K-LEG-3H2,C2K Carrier 299.0,North America,3900.0,3.0,2100,12.2,False,0.0
C2K-LEG-2H2,C2K Carrier 610.0,North America,3900.0,3.0,1700,11.8,True,0.0
C2K-LEG-2H2,C2K Carrier 299.0,North America,3900.0,3.0,1700,11.8,True,0.0
C2K-LEG-3H2,C2K Carrier 628.0,Middle East,3900.0,3.0,2100,12.2,False,0.0
C2K-LEG-1H2,C2K Carrier 371.0,Asia Pacific,3900.0,3.0,1300,11.4,False,0.1
C2K-LEG-3H2,C2K Carrier 721.0,Asia Pacific,4658.3,3.6,2100,12.2,False,0.0
C2K-LEG-2H1,C2K Carrier 281.0,Asia Pacific,1950.0,3.0,1500,10.3,False,0.0
C2K-LEG-3H2,C2K Carrier 609.0,Europe,4766.7,3.7,2100,12.2,False,0.0
C2K-LEG-2H1,C2K Carrier 349.0,Europe,1950.0,3.0,1500,10.3,False,0.3
C2K-LEG-1H2,C2K Carrier 721.0,Asia Pacific,3900.0,3.0,1300,11.4,False,0.0
C2K-LEG-2H2,C2K Carrier 349.0,Europe,3900.0,3.0,1700,11.8,False,0.0
C2K-LEG-3H1,C2K Carrier 281.0,Asia Pacific,1950.0,3.0,1900,10.7,False,0.0
C2K-LEG-1H2,C2K Carrier 721.0,Asia Pacific,3900.0,3.0,1300,11.4,False,1.8
C2K-LEG-3H2,C2K Carrier 609.0,Europe,3900.0,3.0,2100,12.2,True,2.8
C2K-LEG-1H2,C2K Carrier 610.0,North America,3900.0,3.0,1300,11.4,True,0.0
C2K-LEG-1H2,C2K Carrier 411.0,Europe,3900.0,3.0,1300,11.4,False,0.0
C2K-LEG-2H1,C2K Carrier 485.0,Europe,1950.0,3.0,1500,10.3,False,0.0
C2K-LEG-3H2,C2K Carrier 413.0,North America,3900.0,3.0,2100,12.2,False,0.0
C2K-LEG-2H2,C2K Carrier 411.0,Europe,3900.0,3.0,1700,11.8,False,4.6
C2K-LEG-3H1,C2K Carrier 243.0,North America,1950.0,3.0,1900,10.7,False,0.0
C2K-LEG-2H1,C2K Carrier 149.0,Middle East,3114.6,4.8,1500,10.3,False,0.0
C2K-LEG-1H1,C2K Carrier 149.0,Middle East,3141.7,4.8,1100,9.9,False,0.0
C2K-LEG-1H2,C2K Carrier 413.0,North America,3900.0,3.0,1300,11.4,False,0.0
C2K-LEG-2H1,C2K Carrier 349.0,Europe,3015.3,4.6,1500,10.3,False,0.0
C2K-LEG-3H2,C2K Carrier 349.0,Europe,3900.0,3.0,2100,12.2,False,6.7
C2K-LEG-1H2,C2K Carrier 485.0,Europe,3900.0,3.0,1300,11.4,True,0.0
C2K-LEG-3H2,C2K Carrier 299.0,North America,3900.0,3.0,2100,12.2,True,0.0
C2K-LEG-2H2,C2K Carrier 628.0,Middle East,3900.0,3.0,1700,11.8,False,0.0
C2K-LEG-1H1,C2K Carrier 349.0,Europe,1950.0,3.0,1100,9.9,False,0.0
C2K-LEG-3H2,C2K Carrier 485.0,Europe,3900.0,3.0,2100,12.2,False,0.0
C2K-LEG-1H1,C2K Carrier 371.0,Asia Pacific,1950.0,3.0,1100,9.9,False,3.5
C2K-LEG-2H1,C2K Carrier 609.0,Europe,1950.0,3.0,1500,10.3,False,1.0
C2K-LEG-1H1,C2K Carrier 609.0,Europe,1950.0,3.0,1100,9.9,False,0.0
C2K-LEG-3H2,C2K Carrier 413.0,North America,6283.3,4.8,2100,12.2,False,5.2
C2K-LEG-3H1,C2K Carrier 349.0,Europe,1950.0,3.0,1900,10.7,False,3.2
C2K-LEG-1H2,C2K Carrier 597.0,Asia Pacific,3900.0,3.0,1300,11.4,False,0.0
C2K-LEG-2H2,C2K Carrier 576.0,Europe,6283.3,4.8,1700,11.8,False,0.0
C2K-LEG-1H2,C2K Carrier 341.0,Europe,3900.0,3.0,1300,11.4,True,1.7
C2K-LEG-2H2,C2K Carrier 349.0,Europe,4604.2,3.5,1700,11.8,True,0.0
C2K-LEG-3H1,C2K Carrier 243.0,North America,1950.0,3.0,1900,10.7,False,0.0
C2K-LEG-3H2,C2K Carrier 527.0,Europe,3900.0,3.0,2100,12.2,False,2.4
C2K-LEG-2H2,C2K Carrier 571.0,Europe,3900.0,3.0,1700,11.8,False,0.0
C2K-LEG-1H2,C2K Carrier 286.0,Middle East,3900.0,3.0,1300,11.4,False,3.6
C2K-LEG-2H1,C2K Carrier 485.0,Europe,3015.3,4.6,1500,10.3,False,0.0
C2K-LEG-1H2,C2K Carrier 770.0,Asia Pacific,3900.0,3.0,1300,11.4,False,0.0
C2K-LEG-3H2,C2K Carrier 341.0,Europe,3900.0,3.0,2100,12.2,False,4.5
C2K-LEG-3H1,C2K Carrier 485.0,Europe,1950.0,3.0,1900,10.7,False,0.0
C2K-LEG-3H1,C2K Carrier 349.0,Europe,1950.0,3.0,1900,10.7,False,0.0
C2K-LEG-1H3,C2K Carrier 243.0,North America,6906.2,3.5,1500,12.9,False,0.0
C2K-LEG-2H2,C2K Carrier 800.0,Middle East,3900.0,3.0,1700,11.8,True,0.0
C2K-LEG-1H2,C2K Carrier 770.0,Asia Pacific,3900.0,3.0,1300,11.4,True,0.0
C2K-LEG-2H1,C2K Carrier 610.0,North America,1950.0,3.0,1500,10.3,False,1.9
C2K-LEG-3H1,C2K Carrier 609.0,Europe,1950.0,3.0,1900,10.7,False,1.0
C2K-LEG-1H2,C2K Carrier 721.0,Asia Pacific,4658.3,3.6,1300,11.4,False,0.0
C2K-LEG-3H1,C2K Carrier 349.0,Europe,1950.0,3.0,1900,10.7,False,0.0
C2K-LEG-2H1,C2K Carrier 485.0,Europe,3015.3,4.6,1500,10.3,False,0.0
C2K-LEG-3H2,C2K Carrier 371.0,Asia Pacific,3900.0,3.0,2100,12.2,False,2.0
C2K-LEG-1H2,C2K Carrier 431.0,Middle East,4604.2,3.5,1300,11.4,False,0.0
C2K-LEG-1H2,C2K Carrier 610.0,North America,3900.0,3.0,1300,11.4,False,0.0
C2K-LEG-3H1,C2K Carrier 485.0,Europe,3015.3,4.6,1900,10.7,False,0.0
C2K-LEG-1H2,C2K Carrier 349.0,Europe,3900.0,3.0,1300,11.4,False,0.0
C2K-LEG-1H2,C2K Carrier 485.0,Europe,6283.3,4.8,1300,11.4,True,0.0
C2K-LEG-2H2,C2K Carrier 403.0,North America,3900.0,3.0,1700,11.8,True,0.0
C2K-LEG-1H2,C2K Carrier 413.0,North America,3900.0,3.0,1300,11.4,False,0.0
C2K-LEG-1H2,C2K Carrier 809.0,Middle East,3900.0,3.0,1300,11.4,False,0.0
C2K-LEG-3H1,C2K Carrier 349.0,Europe,1950.0,3.0,1900,10.7,False,0.0
C2K-LEG-1H2,C2K Carrier 349.0,Europe,3900.0,3.0,1300,11.4,False,1.3
C2K-LEG-3H2,C2K Carrier 597.0,Asia Pacific,3900.0,3.0,2100,12.2,False,0.0
C2K-LEG-3H2,C2K Carrier 349.0,Europe,4658.3,3.6,2100,12.2,False,0.0
C2K-LEG-3H1,C2K Carrier 485.0,Europe,1950.0,3.0,1900,10.7,False,0.0
C2K-LEG-1H2,C2K Carrier 101.0,North America,3900.0,3.0,1300,11.4,False,0.0
C2K-LEG-3H1,C2K Carrier 349.0,Europe,1950.0,3.0,1900,10.7,False,8.3
C2K-LEG-1H2,C2K Carrier 485.0,Europe,3900.0,3.0,1300,11.4,False,0.0
C2K-LEG-1H2,C2K Carrier 413.0,North America,3900.0,3.0,1300,11.4,True,12.8
C2K-LEG-3H2,C2K Carrier 413.0,North America,3900.0,3.0,2100,12.2,True,0.0
C2K-LEG-1H1,C2K Carrier 485.0,Europe,3015.3,4.6,1100,9.9,False,0.0
C2K-LEG-2H1,C2K Carrier 349.0,Europe,1950.0,3.0,1500,10.3,False,2.4
C2K-LEG-1H2,C2K Carrier 206.0,Middle East,3900.0,3.0,1300,11.4,False,0.0
C2K-LEG-1H2,C2K Carrier 257.0,Middle East,3900.0,3.0,1300,11.4,False,0.8
C2K-LEG-2H2,C2K Carrier 597.0,Asia Pacific,3900.0,3.0,1700,11.8,False,0.0
C2K-LEG-2H2,C2K Carrier 770.0,Asia Pacific,3900.0,3.0,1700,11.8,False,0.0
C2K-LEG-1H2,C2K Carrier 527.0,Europe,3900.0,3.0,1300,11.4,False,0.0
C2K-LEG-2H1,C2K Carrier 134.0,North America,1950.0,3.0,1500,10.3,False,0.0
C2K-LEG-3H1,C2K Carrier 485.0,Europe,1950.0,3.0,1900,10.7,False,0.0
C2K-LEG-2H2,C2K Carrier 609.0,Europe,3900.0,3.0,1700,11.8,False,0.0
C2K-LEG-1H1,C2K Carrier 144.0,Middle East,1950.0,3.0,1100,9.9,True,0.0
C2K-LEG-2H2,C2K Carrier 770.0,Asia Pacific,5552.1,4.3,1700,11.8,True,0.0
C2K-LEG-3H2,C2K Carrier 388.0,Asia Pacific,3900.0,3.0,2100,12.2,False,3.3
C2K-LEG-1H1,C2K Carrier 349.0,Europe,1950.0,3.0,1100,9.9,False,16.2
C2K-LEG-1H2,C2K Carrier 349.0,Europe,5200.0,4.0,1300,11.4,False,0.0
C2K-LEG-1H2,C2K Carrier 431.0,Middle East,3900.0,3.0,1300,11.4,False,0.0
C2K-LEG-3H1,C2K Carrier 349.0,Europe,3015.3,4.6,1900,10.7,False,0.0
C2K-LEG-3H2,C2K Carrier 597.0,Asia Pacific,4929.2,3.8,2100,12.2,False,0.0
C2K-LEG-3H2,C2K Carrier 299.0,North America,3900.0,3.0,2100,12.2,False,0.0
C2K-LEG-3H2,C2K Carrier 413.0,North America,3900.0,3.0,2100,12.2,False,0.0
C2K-LEG-1H2,C2K Carrier 597.0,Asia Pacific,3900.0,3.0,1300,11.4,False,0.0
C2K-LEG-3H2,C2K Carrier 206.0,Middle East,3900.0,3.0,2100,12.2,False,0.0
C2K-LEG-3H2,C2K Carrier 413.0,North America,3900.0,3.0,2100,12.2,True,0.0
C2K-LEG-3H1,C2K Carrier 243.0,North America,1950.0,3.0,1900,10.7,True,0.0
C2K-LEG-1H2,C2K Carrier 243.0,North America,3900.0,3.0,1300,11.4,False,17.8
C2K-LEG-3H1,C2K Carrier 149.0,Middle East,3141.7,4.8,1900,10.7,False,0.0
C2K-LEG-1H2,C2K Carrier 800.0,Middle East,3900.0,3.0,1300,11.4,False,0.0
C2K-LEG-1H2,C2K Carrier 485.0,Europe,3900.0,3.0,1300,11.4,False,0.0
C2K-LEG-3H2,C2K Carrier 485.0,Europe,3900.0,3.0,2100,12.2,False,0.0
C2K-LEG-2H1,C2K Carrier 485.0,Europe,1950.0,3.0,1500,10.3,False,0.0
C2K-LEG-1H2,C2K Carrier 770.0,Asia Pacific,3900.0,3.0,1300,11.4,False,0.0
C2K-LEG-3H2,C2K Carrier 411.0,Europe,3900.0,3.0,2100,12.2,False,0.0
C2K-LEG-1H2,C2K Carrier 809.0,Middle East,3900.0,3.0,1300,11.4,False,0.0
C2K-LEG-2H2,C2K Carrier 411.0,Europe,3900.0,3.0,1700,11.8,False,0.7
C2K-LEG-3H1,C2K Carrier 431.0,Middle East,3015.3,4.6,1900,10.7,True,0.0
C2K-LEG-3H1,C2K Carrier 485.0,Europe,1950.0,3.0,1900,10.7,True,0.0
C2K-LEG-2H2,C2K Carrier 431.0,Middle East,4279.2,3.3,1700,11.8,False,0.0
C2K-LEG-3H2,C2K Carrier 349.0,Europe,3900.0,3.0,2100,12.2,False,0.0
C2K-LEG-2H1,C2K Carrier 485.0,Europe,3015.3,4.6,1500,10.3,False,0.0
C2K-LEG-2H1,C2K Carrier 411.0,Europe,5200.0,8.0,1500,10.3,False,17.2
C2K-LEG-1H2,C2K Carrier 770.0,Asia Pacific,3900.0,3.0,1300,11.4,False,0.0
C2K-LEG-3H1,C2K Carrier 349.0,Europe,1950.0,3.0,1900,10.7,False,3.1
C2K-LEG-1H2,C2K Carrier 371.0,Asia Pacific,3900.0,3.0,1300,11.4,False,1.0
C2K-LEG-2H2,C2K Carrier 524.0,North America,3900.0,3.0,1700,11.8,False,0.0
C2K-LEG-2H3,C2K Carrier 371.0,Asia Pacific,5850.0,3.0,1900,13.3,False,1.1
C2K-LEG-1H2,C2K Carrier 527.0,Europe,6229.2,4.8,1300,11.4,False,0.0
C2K-LEG-1H2,C2K Carrier 349.0,Europe,5416.7,4.2,1300,11.4,True,4.3
C2K-LEG-3H2,C2K Carrier 206.0,Middle East,3900.0,3.0,2100,12.2,True,0.0
C2K-LEG-2H2,C2K Carrier 388.0,Asia Pacific,3900.0,3.0,1700,11.8,False,1.0
C2K-LEG-2H1,C2K Carrier 349.0,Europe,1950.0,3.0,1500,10.3,False,0.2
C2K-LEG-3H2,C2K Carrier 388.0,Asia Pacific,3900.0,3.0,2100,12.2,False,2.0
C2K-LEG-3H2,C2K Carrier 597.0,Asia Pacific,4175.3,3.2,2100,12.2,False,0.0
C2K-LEG-1H2,C2K Carrier 413.0,North America,3900.0,3.0,1300,11.4,False,0.0
C2K-LEG-3H2,C2K Carrier 431.0,Middle East,3900.0,3.0,2100,12.2,False,0.0
C2K-LEG-2H2,C2K Carrier 809.0,Middle East,3900.0,3.0,1700,11.8,False,0.0
C2K-LEG-2H1,C2K Carrier 349.0,Europe,1950.0,3.0,1500,10.3,False,2.2
C2K-LEG-3H2,C2K Carrier 597.0,Asia Pacific,4929.2,3.8,2100,12.2,False,0.0
C2K-LEG-3H2,C2K Carrier 332.0,North America,3900.0,3.0,2100,12.2,False,4.5
C2K-LEG-3H2,C2K Carrier 423.0,Middle East,3900.0,3.0,2100,12.2,True,0.0
C2K-LEG-1H1,C2K Carrier 349.0,Europe,1950.0,3.0,1100,9.9,True,1.0
C2K-LEG-1H1,C2K Carrier 349.0,Europe,1950.0,3.0,1100,9.9,False,2.9
C2K-LEG-3H2,C2K Carrier 431.0,Middle East,3900.0,3.0,2100,12.2,False,13.2
C2K-LEG-3H2,C2K Carrier 206.0,Middle East,3900.0,3.0,2100,12.2,False,0.0
C2K-LEG-2H2,C2K Carrier 187.0,Europe,3900.0,3.0,1700,11.8,False,8.8
C2K-LEG-3H2,C2K Carrier 431.0,Middle East,3900.0,3.0,2100,12.2,False,0.0
C2K-LEG-3H1,C2K Carrier 349.0,Europe,3015.3,4.6,1900,10.7,False,0.0
C2K-LEG-1H2,C2K Carrier 485.0,Europe,4279.2,3.3,1300,11.4,False,0.0
C2K-LEG-3H2,C2K Carrier 485.0,Europe,3900.0,3.0,2100,12.2,False,0.0
C2K-LEG-3H2,C2K Carrier 698.0,North America,3900.0,3.0,2100,12.2,False,2.2
C2K-LEG-2H2,C2K Carrier 411.0,Europe,3900.0,3.0,1700,11.8,False,0.0
C2K-LEG-1H2,C2K Carrier 524.0,North America,4875.0,3.8,1300,11.4,True,4.6
C2K-LEG-2H2,C2K Carrier 187.0,Europe,3900.0,3.0,1700,11.8,True,0.1
C2K-LEG-3H1,C2K Carrier 243.0,North America,1950.0,3.0,1900,10.7,False,2.0
C2K-LEG-3H2,C2K Carrier 485.0,Europe,3900.0,3.0,2100,12.2,False,0.0
C2K-LEG-2H1,C2K Carrier 349.0,Europe,1950.0,3.0,1500,10.3,False,0.0
C2K-LEG-1H1,C2K Carrier 349.0,Europe,1950.0,3.0,1100,9.9,False,3.0
C2K-LEG-1H2,C2K Carrier 206.0,Middle East,3900.0,3.0,1300,11.4,False,0.0
C2K-LEG-3H2,C2K Carrier 349.0,Europe,4658.3,3.6,2100,12.2,False,0.0
C2K-LEG-1H2,C2K Carrier 527.0,Europe,3900.0,3.0,1300,11.4,False,0.3
C2K-LEG-2H2,C2K Carrier 413.0,North America,3900.0,3.0,1700,11.8,False,0.0
C2K-LEG-1H2,C2K Carrier 413.0,North America,3900.0,3.0,1300,11.4,False,0.0
C2K-LEG-1H2,C2K Carrier 371.0,Asia Pacific,3900.0,3.0,1300,11.4,False,0.4
C2K-LEG-3H2,C2K Carrier 411.0,Europe,3900.0,3.0,2100,12.2,True,0.0
C2K-LEG-1H2,C2K Carrier 527.0,Europe,3900.0,3.0,1300,11.4,True,15.3
C2K-LEG-3H1,C2K Carrier 349.0,Europe,1950.0,3.0,1900,10.7,False,0.2
C2K-LEG-1H1,C2K Carrier 431.0,Middle East,3015.3,4.6,1100,9.9,False,0.0
C2K-LEG-2H1,C2K Carrier 349.0,Europe,1950.0,3.0,1500,10.3,False,0.0
C2K-LEG-1H2,C2K Carrier 678.0,Europe,3900.0,3.0,1300,11.4,False,0.0
C2K-LEG-1H1,C2K Carrier 809.0,Middle East,1950.0,3.0,1100,9.9,False,0.0
C2K-LEG-2H1,C2K Carrier 576.0,Europe,1950.0,3.0,1500,10.3,False,0.0
C2K-LEG-1H1,C2K Carrier 349.0,Europe,1950.0,3.0,1100,9.9,False,0.9
C2K-LEG-2H2,C2K Carrier 388.0,Asia Pacific,3900.0,3.0,1700,11.8,False,0.8
C2K-LEG-3H2,C2K Carrier 527.0,Europe,6283.3,4.8,2100,12.2,False,25.0
C2K-LEG-3H1,C2K Carrier 742.0,Europe,1950.0,3.0,1900,10.7,False,0.0
C2K-LEG-3H2,C2K Carrier 809.0,Middle East,3900.0,3.0,2100,12.2,True,17.1
C2K-LEG-2H2,C2K Carrier 153.0,Asia Pacific,3900.0,3.0,1700,11.8,True,0.0
C2K-LEG-1H1,C2K Carrier 485.0,Europe,1950.0,3.0,1100,9.9,False,0.0
C2K-LEG-3H1,C2K Carrier 485.0,Europe,1950.0,3.0,1900,10.7,False,0.0
C2K-LEG-2H2,C2K Carrier 113.0,North America,3900.0,3.0,1700,11.8,False,0.0
C2K-LEG-1H2,C2K Carrier 174.0,Asia Pacific,3900.0,3.0,1300,11.4,False,11.9
C2K-LEG-1H1,C2K Carrier 485.0,Europe,1950.0,3.0,1100,9.9,False,0.0
C2K-LEG-1H2,C2K Carrier 413.0,North America,3900.0,3.0,1300,11.4,False,1.6
C2K-LEG-2H2,C2K Carrier 187.0,Europe,3900.0,3.0,1700,11.8,False,0.1
C2K-LEG-3H2,C2K Carrier 485.0,Europe,6283.3,4.8,2100,12.2,False,0.0
C2K-LEG-1H2,C2K Carrier 698.0,North America,4139.2,3.2,1300,11.4,False,0.0
C2K-LEG-2H2,C2K Carrier 413.0,North America,3900.0,3.0,1700,11.8,False,0.0
C2K-LEG-1H1,C2K Carrier 413.0,North America,3254.5,5.0,1100,9.9,True,12.6
C2K-LEG-2H2,C2K Carrier 411.0,Europe,3900.0,3.0,1700,11.8,True,0.0
C2K-LEG-1H2,C2K Carrier 349.0,Europe,5416.7,4.2,1300,11.4,False,0.0
C2K-LEG-3H1,C2K Carrier 144.0,Middle East,1950.0,3.0,1900,10.7,False,0.0
C2K-LEG-2H1,C2K Carrier 349.0,Europe,1950.0,3.0,1500,10.3,False,2.5
C2K-LEG-1H2,C2K Carrier 783.0,Europe,5416.7,4.2,1300,11.4,False,0.0
C2K-LEG-1H2,C2K Carrier 778.0,North America,3900.0,3.0,1300,11.4,False,0.0
C2K-LEG-1H2,C2K Carrier 527.0,Europe,3900.0,3.0,1300,11.4,False,0.0
C2K-LEG-1H2,C2K Carrier 349.0,Europe,3900.0,3.0,1300,11.4,False,2.9
C2K-LEG-1H3,C2K Carrier 609.0,Europe,5850.0,3.0,1500,12.9,False,0.0
C2K-LEG-3H1,C2K Carrier 349.0,Europe,1950.0,3.0,1900,10.7,False,0.4
C2K-LEG-1H2,C2K Carrier 349.0,Europe,3900.0,3.0,1300,11.4,False,0.0
C2K-LEG-3H2,C2K Carrier 413.0,North America,3900.0,3.0,2100,12.2,True,0.0
C2K-LEG-1H2,C2K Carrier 153.0,Asia Pacific,3900.0,3.0,1300,11.4,True,0.0
C2K-LEG-1H2,C2K Carrier 349.0,Europe,3900.0,3.0,1300,11.4,False,1.0
C2K-LEG-3H2,C2K Carrier 610.0,North America,3900.0,3.0,2100,12.2,False,0.0
C2K-LEG-3H1,C2K Carrier 783.0,Europe,1950.0,3.0,1900,10.7,False,2.9
C2K-LEG-2H2,C2K Carrier 597.0,Asia Pacific,3900.0,3.0,1700,11.8,False,0.0
C2K-LEG-3H1,C2K Carrier 349.0,Europe,1950.0,3.0,1900,10.7,False,8.4
C2K-LEG-1H2,C2K Carrier 413.0,North America,6229.2,4.8,1300,11.4,False,0.0
C2K-LEG-1H2,C2K Carrier 153.0,Asia Pacific,4658.3,3.6,1300,11.4,False,7.0
C2K-LEG-1H2,C2K Carrier 134.0,North America,3900.0,3.0,1300,11.4,False,6.4
C2K-LEG-3H2,C2K Carrier 527.0,Europe,6229.2,4.8,2100,12.2,False,0.0
C2K-LEG-3H1,C2K Carrier 485.0,Europe,1950.0,3.0,1900,10.7,False,0.0
C2K-LEG-2H1,C2K Carrier 431.0,Middle East,3015.3,4.6,1500,10.3,True,0.0
C2K-LEG-1H2,C2K Carrier 485.0,Europe,4279.2,3.3,1300,11.4,True,0.0
C2K-LEG-3H2,C2K Carrier 388.0,Asia Pacific,8504.2,6.5,2100,12.2,False,0.0
C2K-LEG-2H2,C2K Carrier 527.0,Europe,3900.0,3.0,1700,11.8,False,0.0
C2K-LEG-1H2,C2K Carrier 609.0,Europe,3900.0,3.0,1300,11.4,False,0.0
C2K-LEG-3H2,C2K Carrier 153.0,Asia Pacific,3900.0,3.0,2100,12.2,False,0.0
C2K-LEG-1H1,C2K Carrier 609.0,Europe,1950.0,3.0,1100,9.9,False,0.4
C2K-LEG-3H2,C2K Carrier 809.0,Middle East,3900.0,3.0,2100,12.2,False,4.4
C2K-LEG-3H2,C2K Carrier 597.0,Asia Pacific,3900.0,3.0,2100,12.2,False,0.0
C2K-LEG-2H2,C2K Carrier 610.0,North America,3900.0,3.0,1700,11.8,False,0.0
C2K-LEG-1H2,C2K Carrier 187.0,Europe,3900.0,3.0,1300,11.4,False,0.0
C2K-LEG-1H2,C2K Carrier 609.0,Europe,5200.0,4.0,1300,11.4,False,0.0
C2K-LEG-3H2,C2K Carrier 485.0,Europe,3900.0,3.0,2100,12.2,True,0.0
C2K-LEG-2H2,C2K Carrier 770.0,Asia Pacific,3900.0,3.0,1700,11.8,True,0.0
C2K-LEG-1H2,C2K Carrier 413.0,North America,3900.0,3.0,1300,11.4,False,4.7
C2K-LEG-3H2,C2K Carrier 527.0,Europe,6012.5,4.6,2100,12.2,False,0.0
C2K-LEG-2H2,C2K Carrier 809.0,Middle East,3900.0,3.0,1700,11.8,False,14.0
C2K-LEG-2H1,C2K Carrier 485.0,Europe,3015.3,4.6,1500,10.3,False,17.5
C2K-LEG-1H2,C2K Carrier 778.0,North America,3900.0,3.0,1300,11.4,False,0.0
C2K-LEG-2H2,C2K Carrier 153.0,Asia Pacific,3900.0,3.0,1700,11.8,False,0.0
C2K-LEG-1H1,C2K Carrier 609.0,Europe,1950.0,3.0,1100,9.9,False,1.0
C2K-LEG-2H2,C2K Carrier 800.0,Middle East,3900.0,3.0,1700,11.8,False,0.0
C2K-LEG-2H1,C2K Carrier 144.0,Middle East,1950.0,3.0,1500,10.3,False,0.0
C2K-LEG-3H1,C2K Carrier 485.0,Europe,1950.0,3.0,1900,10.7,False,0.0
C2K-LEG-2H1,C2K Carrier 485.0,Europe,1950.0,3.0,1500,10.3,True,0.9
C2K-LEG-1H2,C2K Carrier 413.0,North America,3900.0,3.0,1300,11.4,True,0.0
C2K-LEG-3H2,C2K Carrier 770.0,Asia Pacific,3900.0,3.0,2100,12.2,False,0.0
C2K-LEG-2H2,C2K Carrier 196.0,Middle East,3900.0,3.0,1700,11.8,False,0.5
C2K-LEG-3H1,C2K Carrier 609.0,Europe,1950.0,3.0,1900,10.7,False,0.3
C2K-LEG-3H1,C2K Carrier 144.0,Middle East,3788.5,5.8,1900,10.7,False,0.0
C2K-LEG-1H2,C2K Carrier 809.0,Middle East,3900.0,3.0,1300,11.4,False,15.7
C2K-LEG-3H2,C2K Carrier 413.0,North America,3900.0,3.0,2100,12.2,False,0.0
C2K-LEG-3H2,C2K Carrier 597.0,Asia Pacific,3900.0,3.0,2100,12.2,False,0.0
C2K-LEG-2H2,C2K Carrier 524.0,North America,4685.4,3.6,1700,11.8,False,0.0
C2K-LEG-1H1,C2K Carrier 485.0,Europe,3015.3,4.6,1100,9.9,False,0.0
C2K-LEG-3H2,C2K Carrier 527.0,Europe,6283.3,4.8,2100,12.2,False,0.0
C2K-LEG-1H2,C2K Carrier 257.0,Middle East,3900.0,3.0,1300,11.4,True,0.0
C2K-LEG-1H2,C2K Carrier 257.0,Middle East,3900.0,3.0,1300,11.4,True,0.0
C2K-LEG-3H2,C2K Carrier 527.0,Europe,6337.5,4.9,2100,12.2,False,1.2
C2K-LEG-2H1,C2K Carrier 485.0,Europe,3015.3,4.6,1500,10.3,False,0.0
C2K-LEG-1H2,C2K Carrier 609.0,Europe,3900.0,3.0,1300,11.4,False,0.0
C2K-LEG-2H1,C2K Carrier 149.0,Middle East,3141.7,4.8,1500,10.3,False,0.0
C2K-LEG-3H2,C2K Carrier 485.0,Europe,6283.3,4.8,2100,12.2,False,0.0
C2K-LEG-1H2,C2K Carrier 326.0,North America,3900.0,3.0,1300,11.4,False,0.5
C2K-LEG-1H2,C2K Carrier 485.0,Europe,6283.3,4.8,1300,11.4,False,30.9
C2K-LEG-3H2,C2K Carrier 485.0,Europe,6283.3,4.8,2100,12.2,False,0.0
C2K-LEG-2H2,C2K Carrier 597.0,Asia Pacific,3900.0,3.0,1700,11.8,False,12.7
C2K-LEG-2H2,C2K Carrier 485.0,Europe,6283.3,4.8,1700,11.8,False,0.0
C2K-LEG-1H2,C2K Carrier 597.0,Asia Pacific,4175.3,3.2,1300,11.4,True,0.0
C2K-LEG-1H2,C2K Carrier 628.0,Middle East,3900.0,3.0,1300,11.4,True,4.4
C2K-LEG-2H2,C2K Carrier 371.0,Asia Pacific,4766.7,3.7,1700,11.8,False,0.0
C2K-LEG-3H2,C2K Carrier 597.0,Asia Pacific,4658.3,3.6,2100,12.2,False,0.6
C2K-LEG-3H1,C2K Carrier 778.0,North America,1950.0,3.0,1900,10.7,False,0.0
C2K-LEG-3H2,C2K Carrier 144.0,Middle East,3900.0,3.0,2100,12.2,False,0.8
C2K-LEG-3H1,C2K Carrier 609.0,Europe,1950.0,3.0,1900,10.7,False,0.0
C2K-LEG-2H2,C2K Carrier 770.0,Asia Pacific,3900.0,3.0,1700,11.8,False,6.6
C2K-LEG-1H2,C2K Carrier 527.0,Europe,4658.3,3.6,1300,11.4,False,0.0
C2K-LEG-1H2,C2K Carrier 485.0,Europe,4279.2,3.3,1300,11.4,False,0.0
C2K-LEG-1H2,C2K Carrier 113.0,North America,3900.0,3.0,1300,11.4,False,0.0
C2K-LEG-2H2,C2K Carrier 783.0,Europe,3900.0,3.0,1700,11.8,False,0.0
C2K-LEG-3H2,C2K Carrier 326.0,North America,3900.0,3.0,2100,12.2,True,0.4
C2K-LEG-2H2,C2K Carrier 809.0,Middle East,6283.3,4.8,1700,11.8,True,3.2
C2K-LEG-3H2,C2K Carrier 597.0,Asia Pacific,3900.0,3.0,2100,12.2,False,0.0
C2K-LEG-1H2,C2K Carrier 326.0,North America,5200.0,4.0,1300,11.4,False,0.2
C2K-LEG-1H2,C2K Carrier 361.0,Asia Pacific,3900.0,3.0,1300,11.4,False,0.0
C2K-LEG-3H2,C2K Carrier 261.0,Asia Pacific,3900.0,3.0,2100,12.2,False,16.1
C2K-LEG-1H2,C2K Carrier 371.0,Asia Pacific,3900.0,3.0,1300,11.4,False,0.0
C2K-LEG-3H2,C2K Carrier 431.0,Middle East,3900.0,3.0,2100,12.2,False,0.0
C2K-LEG-1H2,C2K Carrier 153.0,Asia Pacific,3900.0,3.0,1300,11.4,False,0.0
C2K-LEG-2H2,C2K Carrier 485.0,Europe,3900.0,3.0,1700,11.8,False,0.0
C2K-LEG-2H2,C2K Carrier 597.0,Asia Pacific,3900.0,3.0,1700,11.8,False,0.0
C2K-LEG-3H2,C2K Carrier 187.0,Europe,6283.3,4.8,2100,12.2,False,0.0
C2K-LEG-3H2,C2K Carrier 809.0,Middle East,3900.0,3.0,2100,12.2,True,7.9
C2K-LEG-2H2,C2K Carrier 527.0,Europe,6012.5,4.6,1700,11.8,True,0.0
C2K-LEG-3H2,C2K Carrier 527.0,Europe,6012.5,4.6,2100,12.2,False,0.0
C2K-LEG-3H2,C2K Carrier 699.0,Europe,3900.0,3.0,2100,12.2,False,0.0
C2K-LEG-2H2,C2K Carrier 388.0,Asia Pacific,3900.0,3.0,1700,11.8,False,0.8
C2K-LEG-3H2,C2K Carrier 609.0,Europe,3900.0,3.0,2100,12.2,False,14.0
C2K-LEG-1H2,C2K Carrier 403.0,North America,3900.0,3.0,1300,11.4,False,0.0
C2K-LEG-3H2,C2K Carrier 809.0,Middle East,6283.3,4.8,2100,12.2,False,0.0
C2K-LEG-1H2,C2K Carrier 206.0,Middle East,3900.0,3.0,1300,11.4,False,0.0
C2K-LEG-1H2,C2K Carrier 609.0,Europe,3900.0,3.0,1300,11.4,False,0.0
C2K-LEG-1H2,C2K Carrier 609.0,Europe,5037.5,3.9,1300,11.4,False,0.0
C2K-LEG-1H2,C2K Carrier 485.0,Europe,6229.2,4.8,1300,11.4,False,0.0
C2K-LEG-1H2,C2K Carrier 597.0,Asia Pacific,5552.1,4.3,1300,11.4,True,0.0
C2K-LEG-1H2,C2K Carrier 778.0,North America,3900.0,3.0,1300,11.4,True,0.0
C2K-LEG-2H1,C2K Carrier 485.0,Europe,3015.3,4.6,1500,10.3,False,0.0
C2K-LEG-1H1,C2K Carrier 783.0,Europe,1950.0,3.0,1100,9.9,False,0.1
C2K-LEG-1H1,C2K Carrier 485.0,Europe,1950.0,3.0,1100,9.9,False,0.0
C2K-LEG-2H2,C2K Carrier 609.0,Europe,5470.8,4.2,1700,11.8,False,6.4
C2K-LEG-1H2,C2K Carrier 597.0,Asia Pacific,4604.2,3.5,1300,11.4,False,0.0
C2K-LEG-2H2,C2K Carrier 409.0,North America,3900.0,3.0,1700,11.8,False,0.0
C2K-LEG-3H2,C2K Carrier 371.0,Asia Pacific,3900.0,3.0,2100,12.2,False,0.0
C2K-LEG-3H2,C2K Carrier 388.0,Asia Pacific,3900.0,3.0,2100,12.2,False,0.3
C2K-LEG-3H2,C2K Carrier 206.0,Middle East,3900.0,3.0,2100,12.2,False,0.0
C2K-LEG-2H2,C2K Carrier 371.0,Asia Pacific,3900.0,3.0,1700,11.8,False,0.0
C2K-LEG-3H2,C2K Carrier 809.0,Middle East,3900.0,3.0,2100,12.2,True,12.9
C2K-LEG-1H2,C2K Carrier 286.0,Middle East,3900.0,3.0,1300,11.4,True,4.9
C2K-LEG-2H2,C2K Carrier 485.0,Europe,3900.0,3.0,1700,11.8,False,4.7
C2K-LEG-2H2,C2K Carrier 485.0,Europe,4279.2,3.3,1700,11.8,False,0.0
C2K-LEG-2H1,C2K Carrier 485.0,Europe,1950.0,3.0,1500,10.3,False,0.0
C2K-LEG-3H2,C2K Carrier 778.0,North America,3900.0,3.0,2100,12.2,False,0.0
C2K-LEG-2H1,C2K Carrier 609.0,Europe,1950.0,3.0,1500,10.3,False,30.4
C2K-LEG-3H2,C2K Carrier 403.0,North America,3900.0,3.0,2100,12.2,False,0.1
C2K-LEG-2H2,C2K Carrier 187.0,Europe,3900.0,3.0,1700,11.8,False,0.0
C2K-LEG-3H2,C2K Carrier 286.0,Middle East,6229.2,4.8,2100,12.2,False,0.0
C2K-LEG-2H2,C2K Carrier 609.0,Europe,3900.0,3.0,1700,11.8,False,0.0
C2K-LEG-3H2,C2K Carrier 403.0,North America,3900.0,3.0,2100,12.2,False,0.1
C2K-LEG-2H2,C2K Carrier 809.0,Middle East,3900.0,3.0,1700,11.8,True,0.0
C2K-LEG-2H2,C2K Carrier 809.0,Middle East,3900.0,3.0,1700,11.8,True,17.0
C2K-LEG-1H1,C2K Carrier 809.0,Middle East,3015.3,4.6,1100,9.9,False,0.0
C2K-LEG-1H2,C2K Carrier 153.0,Asia Pacific,3900.0,3.0,1300,11.4,False,0.0
C2K-LEG-2H1,C2K Carrier 485.0,Europe,1950.0,3.0,1500,10.3,False,0.0
C2K-LEG-1H1,C2K Carrier 485.0,Europe,1950.0,3.0,1100,9.9,False,0.0
C2K-LEG-1H2,C2K Carrier 597.0,Asia Pacific,5470.8,4.2,1300,11.4,False,0.0
C2K-LEG-2H2,C2K Carrier 388.0,Asia Pacific,3900.0,3.0,1700,11.8,False,1.8
C2K-LEG-3H1,C2K Carrier 609.0,Europe,1950.0,3.0,1900,10.7,False,5.9
C2K-LEG-1H2,C2K Carrier 609.0,Europe,3900.0,3.0,1300,11.4,False,0.1
C2K-LEG-2H2,C2K Carrier 597.0,Asia Pacific,3900.0,3.0,1700,11.8,False,2.3
C2K-LEG-1H1,C2K Carrier 485.0,Europe,3015.3,4.6,1100,9.9,False,1.8
C2K-LEG-2H2,C2K Carrier 134.0,North America,3900.0,3.0,1700,11.8,True,0.0
C2K-LEG-1H2,C2K Carrier 597.0,Asia Pacific,4929.2,3.8,1300,11.4,True,0.0
C2K-LEG-1H1,C2K Carrier 485.0,Europe,1950.0,3.0,1100,9.9,False,0.0
C2K-LEG-3H2,C2K Carrier 134.0,North America,3900.0,3.0,2100,12.2,False,1.4
C2K-LEG-1H2,C2K Carrier 485.0,Europe,4279.2,3.3,1300,11.4,False,1.3
C2K-LEG-1H1,C2K Carrier 485.0,Europe,1950.0,3.0,1100,9.9,False,0.0
C2K-LEG-1H2,C2K Carrier 609.0,Europe,3900.0,3.0,1300,11.4,False,0.0
C2K-LEG-2H2,C2K Carrier 809.0,Middle East,3900.0,3.0,1700,11.8,False,20.5
C2K-LEG-2H1,C2K Carrier 485.0,Europe,1950.0,3.0,1500,10.3,False,0.0
C2K-LEG-1H2,C2K Carrier 403.0,North America,3900.0,3.0,1300,11.4,False,0.0
C2K-LEG-2H1,C2K Carrier 485.0,Europe,2708.3,4.2,1500,10.3,False,0.0
C2K-LEG-2H2,C2K Carrier 187.0,Europe,3900.0,3.0,1700,11.8,False,0.3
C2K-LEG-3H2,C2K Carrier 752.0,Asia Pacific,3900.0,3.0,2100,12.2,True,0.0
C2K-LEG-3H1,C2K Carrier 101.0,North America,1950.0,3.0,1900,10.7,True,0.0
C2K-LEG-2H2,C2K Carrier 778.0,North America,3900.0,3.0,1700,11.8,False,0.0
C2K-LEG-1H2,C2K Carrier 371.0,Asia Pacific,3900.0,3.0,1300,11.4,False,0.4
C2K-LEG-3H3,C2K Carrier 101.0,North America,7800.0,4.0,2300,13.7,False,0.0
C2K-LEG-2H2,C2K Carrier 388.0,Asia Pacific,3900.0,3.0,1700,11.8,False,1.7
C2K-LEG-3H2,C2K Carrier 361.0,Asia Pacific,3900.0,3.0,2100,12.2,False,0.0
C2K-LEG-3H2,C2K Carrier 485.0,Europe,3900.0,3.0,2100,12.2,False,12.2
C2K-LEG-2H1,C2K Carrier 243.0,North America,1950.0,3.0,1500,10.3,False,2.5
C2K-LEG-1H2,C2K Carrier 388.0,Asia Pacific,3900.0,3.0,1300,11.4,False,0.3
C2K-LEG-2H2,C2K Carrier 752.0,Asia Pacific,3900.0,3.0,1700,11.8,False,6.3
C2K-LEG-1H1,C2K Carrier 609.0,Europe,1950.0,3.0,1100,9.9,False,1.0
C2K-LEG-1H2,C2K Carrier 485.0,Europe,6283.3,4.8,1300,11.4,True,0.0
C2K-LEG-1H1,C2K Carrier 485.0,Europe,1950.0,3.0,1100,9.9,True,0.0
C2K-LEG-1H1,C2K Carrier 243.0,North America,1950.0,3.0,1100,9.9,False,1.6
C2K-LEG-3H2,C2K Carrier 153.0,Asia Pacific,3900.0,3.0,2100,12.2,False,0.0
C2K-LEG-3H1,C2K Carrier 113.0,North America,1950.0,3.0,1900,10.7,False,0.0
C2K-LEG-1H1,C2K Carrier 485.0,Europe,3015.3,4.6,1100,9.9,False,11.1
C2K-LEG-1H1,C2K Carrier 609.0,Europe,1950.0,3.0,1100,9.9,False,0.0
C2K-LEG-1H2,C2K Carrier 371.0,Asia Pacific,3900.0,3.0,1300,11.4,False,0.0
C2K-LEG-1H1,C2K Carrier 287.0,Asia Pacific,1950.0,3.0,1100,9.9,False,0.0
C2K-LEG-3H1,C2K Carrier 485.0,Europe,1950.0,3.0,1900,10.7,False,0.0
C2K-LEG-1H2,C2K Carrier 371.0,Asia Pacific,3900.0,3.0,1300,11.4,False,3.4
C2K-LEG-3H2,C2K Carrier 597.0,Asia Pacific,3900.0,3.0,2100,12.2,False,0.0
C2K-LEG-1H2,C2K Carrier 339.0,North America,3900.0,3.0,1300,11.4,True,0.0
C2K-LEG-2H2,C2K Carrier 371.0,Asia Pacific,3900.0,3.0,1700,11.8,True,0.0
C2K-LEG-3H1,C2K Carrier 485.0,Europe,1950.0,3.0,1900,10.7,False,0.0
C2K-LEG-1H2,C2K Carrier 698.0,North America,3900.0,3.0,1300,11.4,False,2.8
C2K-LEG-2H2,C2K Carrier 597.0,Asia Pacific,3900.0,3.0,1700,11.8,False,4.0
C2K-LEG-2H2,C2K Carrier 144.0,Middle East,3900.0,3.0,1700,11.8,False,0.5
C2K-LEG-1H2,C2K Carrier 485.0,Europe,6283.3,4.8,1300,11.4,False,9.5
C2K-LEG-3H2,C2K Carrier 609.0,Europe,5470.8,4.2,2100,12.2,False,0.0
C2K-LEG-1H2,C2K Carrier 485.0,Europe,6283.3,4.8,1300,11.4,False,0.0
C2K-LEG-2H1,C2K Carrier 485.0,Europe,3015.3,4.6,1500,10.3,False,0.0
C2K-LEG-3H1,C2K Carrier 798.0,Asia Pacific,1950.0,3.0,1900,10.7,False,0.0
C2K-LEG-3H2,C2K Carrier 403.0,North America,3900.0,3.0,2100,12.2,False,0.0
C2K-LEG-3H1,C2K Carrier 149.0,Middle East,3141.7,4.8,1900,10.7,True,0.0
C2K-LEG-2H2,C2K Carrier 485.0,Europe,3900.0,3.0,1700,11.8,True,0.0
C2K-LEG-2H2,C2K Carrier 206.0,Middle East,3900.0,3.0,1700,11.8,False,0.0
C2K-LEG-1H2,C2K Carrier 206.0,Middle East,3900.0,3.0,1300,11.4,False,0.0
C2K-LEG-1H2,C2K Carrier 286.0,Middle East,3900.0,3.0,1300,11.4,False,0.0
C2K-LEG-3H2,C2K Carrier 174.0,Asia Pacific,3900.0,3.0,2100,12.2,False,0.0
C2K-LEG-1H2,C2K Carrier 524.0,North America,4658.3,3.6,1300,11.4,False,0.0
C2K-LEG-3H1,C2K Carrier 485.0,Europe,1950.0,3.0,1900,10.7,False,0.0
C2K-LEG-2H2,C2K Carrier 609.0,Europe,3900.0,3.0,1700,11.8,False,0.0
C2K-LEG-1H2,C2K Carrier 485.0,Europe,6283.3,4.8,1300,11.4,False,0.0
C2K-LEG-3H1,C2K Carrier 485.0,Europe,3015.3,4.6,1900,10.7,False,1.2
C2K-LEG-1H2,C2K Carrier 113.0,North America,3900.0,3.0,1300,11.4,False,0.0
C2K-LEG-1H2,C2K Carrier 609.0,Europe,5037.5,3.9,1300,11.4,True,0.0
C2K-LEG-1H2,C2K Carrier 187.0,Europe,4175.3,3.2,1300,11.4,True,0.0
C2K-LEG-3H2,C2K Carrier 485.0,Europe,3900.0,3.0,2100,12.2,False,0.0
C2K-LEG-1H2,C2K Carrier 407.0,Europe,3900.0,3.0,1300,11.4,False,3.2
C2K-LEG-2H2,C2K Carrier 609.0,Europe,3900.0,3.0,1700,11.8,False,0.0
C2K-LEG-2H2,C2K Carrier 609.0,Europe,3900.0,3.0,1700,11.8,False,0.0
C2K-LEG-2H2,C2K Carrier 371.0,Asia Pacific,3900.0,3.0,1700,11.8,False,1.4
C2K-LEG-1H2,C2K Carrier 721.0,Asia Pacific,3900.0,3.0,1300,11.4,False,0.4
C2K-LEG-3H2,C2K Carrier 485.0,Europe,3900.0,3.0,2100,12.2,False,0.0
C2K-LEG-3H2,C2K Carrier 493.0,Asia Pacific,4658.3,3.6,2100,12.2,False,0.0
C2K-LEG-2H2,C2K Carrier 388.0,Asia Pacific,3900.0,3.0,1700,11.8,False,0.6
C2K-LEG-3H2,C2K Carrier 576.0,Europe,3900.0,3.0,2100,12.2,False,1.7
C2K-LEG-2H2,C2K Carrier 388.0,Asia Pacific,3900.0,3.0,1700,11.8,True,0.8
C2K-LEG-1H2,C2K Carrier 485.0,Europe,3900.0,3.0,1300,11.4,True,0.0
C2K-LEG-2H2,C2K Carrier 649.0,Middle East,4658.3,3.6,1700,11.8,False,0.0
C2K-LEG-1H2,C2K Carrier 206.0,Middle East,3900.0,3.0,1300,11.4,False,0.0
C2K-LEG-2H2,C2K Carrier 485.0,Europe,4279.2,3.3,1700,11.8,False,0.0
C2K-LEG-1H1,C2K Carrier 485.0,Europe,3015.3,4.6,1100,9.9,False,0.0
C2K-LEG-1H2,C2K Carrier 690.0,North America,3900.0,3.0,1300,11.4,False,0.9
C2K-LEG-2H2,C2K Carrier 721.0,Asia Pacific,3900.0,3.0,1700,11.8,False,0.0
C2K-LEG-3H2,C2K Carrier 485.0,Europe,6283.3,4.8,2100,12.2,False,0.0
C2K-LEG-1H2,C2K Carrier 113.0,North America,3900.0,3.0,1300,11.4,False,3.5
C2K-LEG-2H2,C2K Carrier 721.0,Asia Pacific,3900.0,3.0,1700,11.8,False,0.0
C2K-LEG-1H2,C2K Carrier 257.0,Middle East,3900.0,3.0,1300,11.4,False,0.0
C2K-LEG-3H2,C2K Carrier 485.0,Europe,6337.5,4.9,2100,12.2,True,0.0
C2K-LEG-3H2,C2K Carrier 485.0,Europe,3900.0,3.0,2100,12.2,True,0.0
C2K-LEG-2H2,C2K Carrier 371.0,Asia Pacific,3900.0,3.0,1700,11.8,False,0.0
C2K-LEG-1H1,C2K Carrier 317.0,Europe,1950.0,3.0,1100,9.9,False,1.4
C2K-LEG-2H2,C2K Carrier 485.0,Europe,3900.0,3.0,1700,11.8,False,0.0
C2K-LEG-2H2,C2K Carrier 485.0,Europe,3900.0,3.0,1700,11.8,False,0.0
C2K-LEG-1H2,C2K Carrier 371.0,Asia Pacific,4658.3,3.6,1300,11.4,False,0.0
C2K-LEG-3H1,C2K Carrier 609.0,Europe,1950.0,3.0,1900,10.7,False,9.0
C2K-LEG-2H1,C2K Carrier 742.0,Europe,1950.0,3.0,1500,10.3,False,0.0
C2K-LEG-2H2,C2K Carrier 798.0,Asia Pacific,3900.0,3.0,1700,11.8,False,0.0
C2K-LEG-2H2,C2K Carrier 778.0,North America,3900.0,3.0,1700,11.8,False,0.3
C2K-LEG-3H2,C2K Carrier 597.0,Asia Pacific,3900.0,3.0,2100,12.2,False,0.0
C2K-LEG-2H1,C2K Carrier 485.0,Europe,1950.0,3.0,1500,10.3,True,0.0
C2K-LEG-3H2,C2K Carrier 206.0,Middle East,3900.0,3.0,2100,12.2,True,0.0
C2K-LEG-1H2,C2K Carrier 144.0,Middle East,3900.0,3.0,1300,11.4,False,6.9
C2K-LEG-2H2,C2K Carrier 356.0,Middle East,3900.0,3.0,1700,11.8,False,0.2
C2K-LEG-2H2,C2K Carrier 597.0,Asia Pacific,3900.0,3.0,1700,11.8,False,0.0
C2K-LEG-3H2,C2K Carrier 609.0,Europe,7267.4,5.6,2100,12.2,False,0.0
C2K-LEG-1H1,C2K Carrier 538.0,Asia Pacific,1950.0,3.0,1100,9.9,False,0.0
C2K-LEG-1H2,C2K Carrier 174.0,Asia Pacific,3900.0,3.0,1300,11.4,False,0.0
C2K-LEG-1H1,C2K Carrier 485.0,Europe,1950.0,3.0,1100,9.9,False,0.0
C2K-LEG-2H2,C2K Carrier 134.0,North America,3900.0,3.0,1700,11.8,False,0.0
C2K-LEG-2H2,C2K Carrier 778.0,North America,3900.0,3.0,1700,11.8,False,0.0
C2K-LEG-2H2,C2K Carrier 257.0,Middle East,3900.0,3.0,1700,11.8,False,0.0
C2K-LEG-3H2,C2K Carrier 262.0,Middle East,3900.0,3.0,2100,12.2,True,0.5
C2K-LEG-3H2,C2K Carrier 423.0,Middle East,3900.0,3.0,2100,12.2,True,3.9
C2K-LEG-3H1,C2K Carrier 609.0,Europe,1950.0,3.0,1900,10.7,False,0.0
C2K-LEG-3H1,C2K Carrier 485.0,Europe,1950.0,3.0,1900,10.7,False,0.0
C2K-LEG-2H2,C2K Carrier 485.0,Europe,3900.0,3.0,1700,11.8,False,0.0
C2K-LEG-3H2,C2K Carrier 485.0,Europe,4279.2,3.3,2100,12.2,False,20.9
C2K-LEG-1H2,C2K Carrier 485.0,Europe,4279.2,3.3,1300,11.4,False,0.0
C2K-LEG-2H2,C2K Carrier 485.0,Europe,6283.3,4.8,1700,11.8,False,0.0
C2K-LEG-2H2,C2K Carrier 339.0,North America,3900.0,3.0,1700,11.8,False,0.0
C2K-LEG-1H1,C2K Carrier 485.0,Europe,3015.3,4.6,1100,9.9,False,0.0
C2K-LEG-1H2,C2K Carrier 485.0,Europe,6283.3,4.8,1300,11.4,False,12.3
C2K-LEG-3H2,C2K Carrier 783.0,Europe,5416.7,4.2,2100,12.2,False,1.0
C2K-LEG-1H2,C2K Carrier 698.0,North America,3900.0,3.0,1300,11.4,True,0.8
C2K-LEG-2H2,C2K Carrier 174.0,Asia Pacific,3900.0,3.0,1700,11.8,True,0.0
C2K-LEG-1H2,C2K Carrier 698.0,North America,3900.0,3.0,1300,11.4,False,0.0
C2K-LEG-3H2,C2K Carrier 538.0,Asia Pacific,3900.0,3.0,2100,12.2,False,0.0
C2K-LEG-2H2,C2K Carrier 485.0,Europe,4279.2,3.3,1700,11.8,False,0.0
C2K-LEG-2H2,C2K Carrier 524.0,North America,3900.0,3.0,1700,11.8,False,0.0
C2K-LEG-3H2,C2K Carrier 548.0,Europe,3900.0,3.0,2100,12.2,False,5.7
C2K-LEG-1H2,C2K Carrier 597.0,Asia Pacific,3900.0,3.0,1300,11.4,False,0.0
C2K-LEG-1H2,C2K Carrier 721.0,Asia Pacific,3900.0,3.0,1300,11.4,False,10.9
C2K-LEG-2H2,C2K Carrier 609.0,Europe,4712.5,3.6,1700,11.8,False,0.0
C2K-LEG-3H1,C2K Carrier 485.0,Europe,1950.0,3.0,1900,10.7,False,0.0
C2K-LEG-1H2,C2K Carrier 371.0,Asia Pacific,3900.0,3.0,1300,11.4,False,0.6
C2K-LEG-2H2,C2K Carrier 597.0,Asia Pacific,3900.0,3.0,1700,11.8,True,0.0
C2K-LEG-1H1,C2K Carrier 485.0,Europe,3015.3,4.6,1100,9.9,True,0.6
C2K-LEG-1H1,C2K Carrier 134.0,North America,1950.0,3.0,1100,9.9,False,0.3
C2K-LEG-1H2,C2K Carrier 485.0,Europe,3900.0,3.0,1300,11.4,False,0.0
C2K-LEG-2H2,C2K Carrier 113.0,North America,3900.0,3.0,1700,11.8,False,18.4
C2K-LEG-1H2,C2K Carrier 690.0,North America,3900.0,3.0,1300,11.4,False,0.0
C2K-LEG-1H2,C2K Carrier 134.0,North America,5200.0,4.0,1300,11.4,False,0.0
C2K-LEG-1H2,C2K Carrier 628.0,Middle East,3900.0,3.0,1300,11.4,False,0.5
C2K-LEG-2H2,C2K Carrier 778.0,North America,3900.0,3.0,1700,11.8,False,0.3
C2K-LEG-1H1,C2K Carrier 485.0,Europe,3015.3,4.6,1100,9.9,False,3.3
C2K-LEG-2H2,C2K Carrier 485.0,Europe,3900.0,3.0,1700,11.8,False,7.5
C2K-LEG-2H1,C2K Carrier 485.0,Europe,1950.0,3.0,1500,10.3,False,0.0
C2K-LEG-1H2,C2K Carrier 548.0,Europe,3900.0,3.0,1300,11.4,True,18.4
C2K-LEG-1H2,C2K Carrier 371.0,Asia Pacific,3900.0,3.0,1300,11.4,True,0.8
C2K-LEG-3H2,C2K Carrier 361.0,Asia Pacific,3900.0,3.0,2100,12.2,False,0.0
C2K-LEG-3H2,C2K Carrier 485.0,Europe,3900.0,3.0,2100,12.2,False,0.0
C2K-LEG-1H2,C2K Carrier 468.0,North America,3900.0,3.0,1300,11.4,False,5.2
C2K-LEG-2H1,C2K Carrier 149.0,Middle East,3141.7,4.8,1500,10.3,False,0.0
C2K-LEG-3H2,C2K Carrier 371.0,Asia Pacific,3900.0,3.0,2100,12.2,False,0.0
C2K-LEG-2H1,C2K Carrier 548.0,Europe,1950.0,3.0,1500,10.3,False,9.1
C2K-LEG-3H2,C2K Carrier 371.0,Asia Pacific,3900.0,3.0,2100,12.2,False,0.0
C2K-LEG-2H2,C2K Carrier 187.0,Europe,3900.0,3.0,1700,11.8,False,2.2
C2K-LEG-2H2,C2K Carrier 597.0,Asia Pacific,3900.0,3.0,1700,11.8,False,0.0
C2K-LEG-3H2,C2K Carrier 144.0,Middle East,3900.0,3.0,2100,12.2,False,1.5
C2K-LEG-3H1,C2K Carrier 485.0,Europe,1950.0,3.0,1900,10.7,True,2.0
C2K-LEG-2H1,C2K Carrier 149.0,Middle East,3114.6,4.8,1500,10.3,True,0.0
C2K-LEG-1H2,C2K Carrier 187.0,Europe,3900.0,3.0,1300,11.4,False,0.0
C2K-LEG-1H2,C2K Carrier 609.0,Europe,3900.0,3.0,1300,11.4,False,0.9
C2K-LEG-3H2,C2K Carrier 361.0,Asia Pacific,3900.0,3.0,2100,12.2,False,0.0
C2K-LEG-3H1,C2K Carrier 206.0,Middle East,1950.0,3.0,1900,10.7,False,0.0
C2K-LEG-1H2,C2K Carrier 609.0,Europe,5470.8,4.2,1300,11.4,False,0.0
C2K-LEG-1H2,C2K Carrier 698.0,North America,3900.0,3.0,1300,11.4,False,1.4
C2K-LEG-3H2,C2K Carrier 257.0,Middle East,3900.0,3.0,2100,12.2,False,4.1
C2K-LEG-2H2,C2K Carrier 609.0,Europe,3900.0,3.0,1700,11.8,False,0.0
C2K-LEG-3H2,C2K Carrier 721.0,Asia Pacific,3900.0,3.0,2100,12.2,False,0.3
C2K-LEG-3H2,C2K Carrier 576.0,Europe,3900.0,3.0,2100,12.2,False,0.0
C2K-LEG-1H2,C2K Carrier 485.0,Europe,3900.0,3.0,1300,11.4,True,0.0
C2K-LEG-1H2,C2K Carrier 752.0,Asia Pacific,3900.0,3.0,1300,11.4,True,0.0
C2K-LEG-3H2,C2K Carrier 326.0,North America,3900.0,3.0,2100,12.2,False,0.4
C2K-LEG-1H2,C2K Carrier 327.0,Europe,3900.0,3.0,1300,11.4,False,0.7
C2K-LEG-2H2,C2K Carrier 548.0,Europe,3900.0,3.0,1700,11.8,False,0.0
C2K-LEG-1H1,C2K Carrier 609.0,Europe,1950.0,3.0,1100,9.9,False,18.5
C2K-LEG-2H1,C2K Carrier 485.0,Europe,3015.3,4.6,1500,10.3,False,0.0
C2K-LEG-3H2,C2K Carrier 286.0,Middle East,3900.0,3.0,2100,12.2,False,0.0
C2K-LEG-2H2,C2K Carrier 206.0,Middle East,3900.0,3.0,1700,11.8,False,0.0
C2K-LEG-2H2,C2K Carrier 609.0,Europe,4658.3,3.6,1700,11.8,False,0.0
C2K-LEG-3H2,C2K Carrier 134.0,North America,3900.0,3.0,2100,12.2,False,0.0
C2K-LEG-1H1,C2K Carrier 485.0,Europe,1950.0,3.0,1100,9.9,False,0.0
C2K-LEG-2H2,C2K Carrier 371.0,Asia Pacific,3900.0,3.0,1700,11.8,True,2.9
C2K-LEG-3H2,C2K Carrier 597.0,Asia Pacific,3900.0,3.0,2100,12.2,True,2.1
C2K-LEG-3H2,C2K Carrier 597.0,Asia Pacific,4604.2,3.5,2100,12.2,False,0.0
C2K-LEG-3H2,C2K Carrier 485.0,Europe,3900.0,3.0,2100,12.2,False,0.0
C2K-LEG-1H2,C2K Carrier 628.0,Middle East,3900.0,3.0,1300,11.4,False,0.9
C2K-LEG-3H1,C2K Carrier 144.0,Middle East,2600.0,4.0,1900,10.7,False,0.0
C2K-LEG-1H2,C2K Carrier 257.0,Middle East,3900.0,3.0,1300,11.4,False,0.0
C2K-LEG-2H1,C2K Carrier 149.0,Middle East,3141.7,4.8,1500,10.3,False,0.0
C2K-LEG-1H2,C2K Carrier 485.0,Europe,6283.3,4.8,1300,11.4,False,0.0
C2K-LEG-3H2,C2K Carrier 597.0,Asia Pacific,3900.0,3.0,2100,12.2,False,4.1
C2K-LEG-3H2,C2K Carrier 134.0,North America,3900.0,3.0,2100,12.2,False,3.0
C2K-LEG-1H2,C2K Carrier 609.0,Europe,5416.7,4.2,1300,11.4,False,0.2
C2K-LEG-2H1,C2K Carrier 485.0,Europe,1950.0,3.0,1500,10.3,True,2.6
C2K-LEG-1H1,C2K Carrier 485.0,Europe,3015.3,4.6,1100,9.9,True,0.0
C2K-LEG-1H2,C2K Carrier 485.0,Europe,3900.0,3.0,1300,11.4,False,0.0
C2K-LEG-2H2,C2K Carrier 485.0,Europe,6337.5,4.9,1700,11.8,False,21.2
C2K-LEG-3H1,C2K Carrier 149.0,Middle East,3114.6,4.8,1900,10.7,False,0.2
C2K-LEG-2H2,C2K Carrier 187.0,Europe,3900.0,3.0,1700,11.8,False,0.0
C2K-LEG-3H2,C2K Carrier 371.0,Asia Pacific,3900.0,3.0,2100,12.2,False,0.0
C2K-LEG-3H1,C2K Carrier 783.0,Europe,1950.0,3.0,1900,10.7,False,5.1
C2K-LEG-3H2,C2K Carrier 206.0,Middle East,3900.0,3.0,2100,12.2,False,0.9
C2K-LEG-1H1,C2K Carrier 149.0,Middle East,2464.6,3.8,1100,9.9,False,0.0
C2K-LEG-1H1,C2K Carrier 149.0,Middle East,3141.7,4.8,1100,9.9,False,5.0
C2K-LEG-3H1,C2K Carrier 485.0,Europe,1950.0,3.0,1900,10.7,False,0.2
C2K-LEG-2H1,C2K Carrier 783.0,Europe,1950.0,3.0,1500,10.3,True,0.1
C2K-LEG-2H2,C2K Carrier 149.0,Middle East,3900.0,3.0,1700,11.8,True,0.0
C2K-LEG-3H2,C2K Carrier 597.0,Asia Pacific,4604.2,3.5,2100,12.2,False,0.0
C2K-LEG-1H1,C2K Carrier 243.0,North America,1950.0,3.0,1100,9.9,False,0.0
C2K-LEG-1H1,C2K Carrier 485.0,Europe,3015.3,4.6,1100,9.9,False,0.0
C2K-LEG-2H2,C2K Carrier 609.0,Europe,3900.0,3.0,1700,11.8,False,0.0
C2K-LEG-2H2,C2K Carrier 371.0,Asia Pacific,4604.2,3.5,1700,11.8,False,0.0
C2K-LEG-2H1,C2K Carrier 243.0,North America,1950.0,3.0,1500,10.3,False,2.9
C2K-LEG-3H2,C2K Carrier 206.0,Middle East,3900.0,3.0,2100,12.2,False,0.0
C2K-LEG-3H2,C2K Carrier 485.0,Europe,4712.5,3.6,2100,12.2,False,0.0
C2K-LEG-1H1,C2K Carrier 485.0,Europe,3015.3,4.6,1100,9.9,False,0.0
C2K-LEG-3H2,C2K Carrier 485.0,Europe,3900.0,3.0,2100,12.2,False,0.0
C2K-LEG-2H2,C2K Carrier 778.0,North America,3900.0,3.0,1700,11.8,True,1.7
C2K-LEG-3H2,C2K Carrier 423.0,Middle East,3900.0,3.0,2100,12.2,True,0.0
C2K-LEG-3H2,C2K Carrier 485.0,Europe,5552.1,4.3,2100,12.2,False,0.0
C2K-LEG-1H2,C2K Carrier 485.0,Europe,5552.1,4.3,1300,11.4,False,0.0
C2K-LEG-3H2,C2K Carrier 485.0,Europe,4279.2,3.3,2100,12.2,False,0.0
C2K-LEG-2H2,C2K Carrier 576.0,Europe,3900.0,3.0,1700,11.8,False,3.2
C2K-LEG-2H1,C2K Carrier 609.0,Europe,3015.3,4.6,1500,10.3,False,7.8
C2K-LEG-3H2,C2K Carrier 524.0,North America,3900.0,3.0,2100,12.2,False,0.0
C2K-LEG-2H2,C2K Carrier 144.0,Middle East,6310.4,4.9,1700,11.8,False,0.0
C2K-LEG-2H2,C2K Carrier 597.0,Asia Pacific,3900.0,3.0,1700,11.8,False,0.0
C2K-LEG-1H2,C2K Carrier 485.0,Europe,6283.3,4.8,1300,11.4,False,0.0
C2K-LEG-3H1,C2K Carrier 485.0,Europe,1950.0,3.0,1900,10.7,False,3.2
C2K-LEG-3H2,C2K Carrier 371.0,Asia Pacific,3900.0,3.0,2100,12.2,True,0.0
C2K-LEG-1H2,C2K Carrier 113.0,North America,3900.0,3.0,1300,11.4,True,0.0
C2K-LEG-3H1,C2K Carrier 144.0,Middle East,4279.2,6.6,1900,10.7,False,12.5
C2K-LEG-1H2,C2K Carrier 485.0,Europe,3900.0,3.0,1300,11.4,False,9.2
C2K-LEG-3H2,C2K Carrier 485.0,Europe,6283.3,4.8,2100,12.2,False,0.0
C2K-LEG-3H2,C2K Carrier 286.0,Middle East,3900.0,3.0,2100,12.2,False,0.0
C2K-LEG-2H2,C2K Carrier 798.0,Asia Pacific,4658.3,3.6,1700,11.8,False,0.0
C2K-LEG-2H2,C2K Carrier 721.0,Asia Pacific,3900.0,3.0,1700,11.8,False,0.0
C2K-LEG-1H1,C2K Carrier 783.0,Europe,1950.0,3.0,1100,9.9,False,0.0
C2K-LEG-1H2,C2K Carrier 783.0,Europe,5416.7,4.2,1300,11.4,False,0.7
C2K-LEG-2H2,C2K Carrier 721.0,Asia Pacific,3900.0,3.0,1700,11.8,False,1.6
C2K-LEG-3H2,C2K Carrier 339.0,North America,3900.0,3.0,2100,12.2,False,0.0
C2K-LEG-1H3,C2K Carrier 101.0,North America,5850.0,3.0,1500,12.9,True,1.3
C2K-LEG-3H2,C2K Carrier 609.0,Europe,3900.0,3.0,2100,12.2,True,4.0
C2K-LEG-2H1,C2K Carrier 134.0,North America,1950.0,3.0,1500,10.3,False,0.0
C2K-LEG-2H2,C2K Carrier 628.0,Middle East,3900.0,3.0,1700,11.8,False,0.0
C2K-LEG-3H2,C2K Carrier 243.0,North America,3900.0,3.0,2100,12.2,False,1.5
C2K-LEG-3H2,C2K Carrier 174.0,Asia Pacific,3900.0,3.0,2100,12.2,False,0.0
C2K-LEG-1H2,C2K Carrier 597.0,Asia Pacific,3900.0,3.0,1300,11.4,False,0.0
C2K-LEG-1H2,C2K Carrier 609.0,Europe,4604.2,3.5,1300,11.4,False,0.0
C2K-LEG-2H2,C2K Carrier 113.0,North America,3900.0,3.0,1700,11.8,False,0.0
